{
  "type": "FeatureCollection",
  "generator": "overpass-turbo",
  "copyright": "The data included in this document is from www.openstreetmap.org. The data is made available under ODbL.",
  "timestamp": "2026-06-02T07:44:45Z",
  "features": [
    {
      "type": "Feature",
      "properties": {
        "@id": "relation/14087761",
        "golf": "fairway",
        "landuse": "grass",
        "mow": "yes",
        "type": "multipolygon"
      },
      "geometry": {
        "type": "Polygon",
        "coordinates": [
          [
            [
              -120.6222243,
              35.6478055
            ],
            [
              -120.6222626,
              35.6477599
            ],
            [
              -120.6222575,
              35.6477122
            ],
            [
              -120.6222562,
              35.647649
            ],
            [
              -120.6222856,
              35.6475981
            ],
            [
              -120.6223481,
              35.6474851
            ],
            [
              -120.6224068,
              35.6473908
            ],
            [
              -120.6224196,
              35.6473348
            ],
            [
              -120.62238,
              35.6472881
            ],
            [
              -120.6223073,
              35.6473026
            ],
            [
              -120.62226,
              35.6473721
            ],
            [
              -120.6221605,
              35.6476293
            ],
            [
              -120.6221261,
              35.647705
            ],
            [
              -120.6221044,
              35.6477786
            ],
            [
              -120.622135,
              35.6478242
            ],
            [
              -120.6221784,
              35.6478315
            ],
            [
              -120.6222243,
              35.6478055
            ]
          ],
          [
            [
              -120.6221784,
              35.6476811
            ],
            [
              -120.6222128,
              35.6476863
            ],
            [
              -120.622232,
              35.6477029
            ],
            [
              -120.6222384,
              35.6477526
            ],
            [
              -120.622223,
              35.64779
            ],
            [
              -120.622172,
              35.6478138
            ],
            [
              -120.6221401,
              35.6478003
            ],
            [
              -120.6221299,
              35.6477578
            ],
            [
              -120.6221414,
              35.6477174
            ],
            [
              -120.6221784,
              35.6476811
            ]
          ]
        ]
      },
      "id": "relation/14087761"
    },
    {
      "type": "Feature",
      "properties": {
        "@id": "relation/14087772",
        "golf": "fairway",
        "landuse": "grass",
        "mow": "yes",
        "type": "multipolygon"
      },
      "geometry": {
        "type": "Polygon",
        "coordinates": [
          [
            [
              -120.6227315,
              35.6477127
            ],
            [
              -120.6228037,
              35.6476687
            ],
            [
              -120.6227803,
              35.6475793
            ],
            [
              -120.6227333,
              35.6475206
            ],
            [
              -120.6226593,
              35.6474605
            ],
            [
              -120.6226485,
              35.6473901
            ],
            [
              -120.6226359,
              35.6473256
            ],
            [
              -120.6226124,
              35.6472728
            ],
            [
              -120.6225547,
              35.6472391
            ],
            [
              -120.6224915,
              35.647264
            ],
            [
              -120.6224771,
              35.6473227
            ],
            [
              -120.6225168,
              35.6474063
            ],
            [
              -120.6225547,
              35.6475133
            ],
            [
              -120.622598,
              35.6476189
            ],
            [
              -120.6226593,
              35.6477083
            ],
            [
              -120.6227315,
              35.6477127
            ]
          ],
          [
            [
              -120.6225763,
              35.6474077
            ],
            [
              -120.6225186,
              35.6473593
            ],
            [
              -120.6225024,
              35.6472904
            ],
            [
              -120.6225493,
              35.6472596
            ],
            [
              -120.622616,
              35.6473197
            ],
            [
              -120.6226124,
              35.6473813
            ],
            [
              -120.6225763,
              35.6474077
            ]
          ]
        ]
      },
      "id": "relation/14087772"
    },
    {
      "type": "Feature",
      "properties": {
        "@id": "relation/14087780",
        "golf": "fairway",
        "landuse": "grass",
        "mow": "yes",
        "type": "multipolygon"
      },
      "geometry": {
        "type": "Polygon",
        "coordinates": [
          [
            [
              -120.6229504,
              35.6483986
            ],
            [
              -120.6229631,
              35.6484463
            ],
            [
              -120.6230295,
              35.6484577
            ],
            [
              -120.6230984,
              35.6484235
            ],
            [
              -120.6231163,
              35.6483914
            ],
            [
              -120.6231277,
              35.6483458
            ],
            [
              -120.6231175,
              35.6483043
            ],
            [
              -120.6230946,
              35.6482327
            ],
            [
              -120.6230384,
              35.6481757
            ],
            [
              -120.6230269,
              35.6481301
            ],
            [
              -120.6229989,
              35.6480813
            ],
            [
              -120.6229414,
              35.6480544
            ],
            [
              -120.6228623,
              35.6480616
            ],
            [
              -120.6228189,
              35.6480907
            ],
            [
              -120.6227819,
              35.6481591
            ],
            [
              -120.622796,
              35.648212
            ],
            [
              -120.6228343,
              35.6482379
            ],
            [
              -120.6228572,
              35.6482576
            ],
            [
              -120.6228802,
              35.6483032
            ],
            [
              -120.6229172,
              35.6483364
            ],
            [
              -120.622944,
              35.6483675
            ],
            [
              -120.6229504,
              35.6483986
            ]
          ],
          [
            [
              -120.6229274,
              35.6482089
            ],
            [
              -120.6228789,
              35.6482203
            ],
            [
              -120.6228406,
              35.6482213
            ],
            [
              -120.6228177,
              35.6482006
            ],
            [
              -120.6228049,
              35.6481653
            ],
            [
              -120.622824,
              35.6481311
            ],
            [
              -120.6228508,
              35.648099
            ],
            [
              -120.6228891,
              35.6480762
            ],
            [
              -120.6229517,
              35.6480741
            ],
            [
              -120.6229874,
              35.6480948
            ],
            [
              -120.6229989,
              35.6481332
            ],
            [
              -120.622981,
              35.6481736
            ],
            [
              -120.6229274,
              35.6482089
            ]
          ]
        ]
      },
      "id": "relation/14087780"
    },
    {
      "type": "Feature",
      "properties": {
        "@id": "relation/14087782",
        "golf": "fairway",
        "landuse": "grass",
        "mow": "yes",
        "type": "multipolygon"
      },
      "geometry": {
        "type": "Polygon",
        "coordinates": [
          [
            [
              -120.6224706,
              35.6479009
            ],
            [
              -120.6223723,
              35.647903
            ],
            [
              -120.6222766,
              35.6479196
            ],
            [
              -120.6222307,
              35.6479497
            ],
            [
              -120.6222358,
              35.6480005
            ],
            [
              -120.6222996,
              35.6480254
            ],
            [
              -120.622417,
              35.6480243
            ],
            [
              -120.6225153,
              35.6479994
            ],
            [
              -120.6225944,
              35.6480015
            ],
            [
              -120.6226441,
              35.6480181
            ],
            [
              -120.6226939,
              35.6480295
            ],
            [
              -120.6227602,
              35.6480212
            ],
            [
              -120.6227883,
              35.6479839
            ],
            [
              -120.6227577,
              35.6479227
            ],
            [
              -120.6227028,
              35.647874
            ],
            [
              -120.622639,
              35.6478636
            ],
            [
              -120.622542,
              35.6478874
            ],
            [
              -120.6224706,
              35.6479009
            ]
          ],
          [
            [
              -120.6225816,
              35.6479082
            ],
            [
              -120.6225944,
              35.6478916
            ],
            [
              -120.6226492,
              35.6478843
            ],
            [
              -120.6226952,
              35.6478989
            ],
            [
              -120.622736,
              35.647931
            ],
            [
              -120.6227526,
              35.6479735
            ],
            [
              -120.6227373,
              35.6480025
            ],
            [
              -120.6226786,
              35.6480108
            ],
            [
              -120.6226199,
              35.6479891
            ],
            [
              -120.6225727,
              35.6479538
            ],
            [
              -120.6225816,
              35.6479082
            ]
          ]
        ]
      },
      "id": "relation/14087782"
    },
    {
      "type": "Feature",
      "properties": {
        "@id": "relation/18999717",
        "golf": "fairway",
        "type": "multipolygon"
      },
      "geometry": {
        "type": "Polygon",
        "coordinates": [
          [
            [
              -120.6237123,
              35.6464042
            ],
            [
              -120.6237091,
              35.6463799
            ],
            [
              -120.6237059,
              35.6463548
            ],
            [
              -120.6236995,
              35.6463298
            ],
            [
              -120.6236889,
              35.6463029
            ],
            [
              -120.6236761,
              35.6462839
            ],
            [
              -120.6236602,
              35.6462588
            ],
            [
              -120.6236431,
              35.6462493
            ],
            [
              -120.623625,
              35.6462355
            ],
            [
              -120.6235974,
              35.6462303
            ],
            [
              -120.6235697,
              35.6462294
            ],
            [
              -120.623526,
              35.6462355
            ],
            [
              -120.623474,
              35.6462465
            ],
            [
              -120.6234358,
              35.6462438
            ],
            [
              -120.6233999,
              35.646234
            ],
            [
              -120.6233685,
              35.6462208
            ],
            [
              -120.6233419,
              35.6461746
            ],
            [
              -120.6233131,
              35.6461568
            ],
            [
              -120.6232809,
              35.646147
            ],
            [
              -120.6232323,
              35.6461498
            ],
            [
              -120.6231974,
              35.6461653
            ],
            [
              -120.6231672,
              35.6461901
            ],
            [
              -120.6231431,
              35.6462171
            ],
            [
              -120.6231183,
              35.6462435
            ],
            [
              -120.6231089,
              35.6462656
            ],
            [
              -120.6231049,
              35.6462887
            ],
            [
              -120.6231022,
              35.6463143
            ],
            [
              -120.6231102,
              35.6463405
            ],
            [
              -120.6231283,
              35.6463655
            ],
            [
              -120.6231478,
              35.6463819
            ],
            [
              -120.6231692,
              35.6463955
            ],
            [
              -120.6231927,
              35.6464064
            ],
            [
              -120.6232128,
              35.646413
            ],
            [
              -120.6232323,
              35.64642
            ],
            [
              -120.6232497,
              35.6464228
            ],
            [
              -120.6232799,
              35.6464298
            ],
            [
              -120.623298,
              35.6464304
            ],
            [
              -120.6233174,
              35.6464315
            ],
            [
              -120.6233443,
              35.6464315
            ],
            [
              -120.6233744,
              35.6464309
            ],
            [
              -120.6233986,
              35.6464233
            ],
            [
              -120.6234133,
              35.64642
            ],
            [
              -120.6234388,
              35.6464173
            ],
            [
              -120.6234686,
              35.6464119
            ],
            [
              -120.6234952,
              35.6464189
            ],
            [
              -120.6235184,
              35.6464299
            ],
            [
              -120.6235452,
              35.6464372
            ],
            [
              -120.6235803,
              35.6464448
            ],
            [
              -120.6236197,
              35.6464474
            ],
            [
              -120.6236506,
              35.6464457
            ],
            [
              -120.6236868,
              35.6464301
            ],
            [
              -120.6236985,
              35.6464223
            ],
            [
              -120.6237123,
              35.6464042
            ]
          ],
          [
            [
              -120.6235632,
              35.6464144
            ],
            [
              -120.6235521,
              35.6464163
            ],
            [
              -120.6235457,
              35.6464163
            ],
            [
              -120.6235358,
              35.6464158
            ],
            [
              -120.6235264,
              35.6464144
            ],
            [
              -120.6235182,
              35.6464106
            ],
            [
              -120.6235089,
              35.6464039
            ],
            [
              -120.6235037,
              35.6463982
            ],
            [
              -120.6234978,
              35.6463878
            ],
            [
              -120.6234949,
              35.6463793
            ],
            [
              -120.6234943,
              35.6463707
            ],
            [
              -120.6234978,
              35.6463612
            ],
            [
              -120.6235025,
              35.6463536
            ],
            [
              -120.6235077,
              35.6463442
            ],
            [
              -120.6235112,
              35.6463347
            ],
            [
              -120.623513,
              35.6463247
            ],
            [
              -120.6235124,
              35.6463143
            ],
            [
              -120.6235124,
              35.6463062
            ],
            [
              -120.6235124,
              35.6462981
            ],
            [
              -120.6235142,
              35.6462896
            ],
            [
              -120.6235177,
              35.6462825
            ],
            [
              -120.6235235,
              35.6462754
            ],
            [
              -120.6235305,
              35.6462687
            ],
            [
              -120.6235375,
              35.6462649
            ],
            [
              -120.6235486,
              35.6462616
            ],
            [
              -120.6235591,
              35.6462616
            ],
            [
              -120.6235737,
              35.6462616
            ],
            [
              -120.6235825,
              35.6462678
            ],
            [
              -120.6235906,
              35.6462739
            ],
            [
              -120.623593,
              35.6462853
            ],
            [
              -120.6235953,
              35.646291
            ],
            [
              -120.6235959,
              35.6463024
            ],
            [
              -120.6235959,
              35.6463152
            ],
            [
              -120.6235965,
              35.6463247
            ],
            [
              -120.6235941,
              35.6463385
            ],
            [
              -120.6235918,
              35.6463498
            ],
            [
              -120.6235889,
              35.6463617
            ],
            [
              -120.6235865,
              35.6463721
            ],
            [
              -120.623586,
              35.6463826
            ],
            [
              -120.6235825,
              35.6463911
            ],
            [
              -120.6235772,
              35.6464016
            ],
            [
              -120.6235725,
              35.6464087
            ],
            [
              -120.6235632,
              35.6464144
            ]
          ],
          [
            [
              -120.6233805,
              35.6464137
            ],
            [
              -120.6233116,
              35.6464147
            ],
            [
              -120.6232299,
              35.6464033
            ],
            [
              -120.6231521,
              35.646367
            ],
            [
              -120.623124,
              35.6463255
            ],
            [
              -120.6231253,
              35.6462778
            ],
            [
              -120.6231444,
              35.646227
            ],
            [
              -120.6231801,
              35.6461887
            ],
            [
              -120.623235,
              35.6461586
            ],
            [
              -120.6232873,
              35.6461576
            ],
            [
              -120.6233161,
              35.6461732
            ],
            [
              -120.6233371,
              35.6461887
            ],
            [
              -120.6233443,
              35.6462102
            ],
            [
              -120.6233626,
              35.6462364
            ],
            [
              -120.6233932,
              35.6462473
            ],
            [
              -120.6234359,
              35.646253
            ],
            [
              -120.6234601,
              35.6462966
            ],
            [
              -120.6234563,
              35.6463534
            ],
            [
              -120.6234292,
              35.646398
            ],
            [
              -120.6233805,
              35.6464137
            ]
          ]
        ]
      },
      "id": "relation/18999717"
    },
    {
      "type": "Feature",
      "properties": {
        "@id": "relation/19320893",
        "golf": "fairway",
        "landuse": "grass",
        "mow": "yes",
        "type": "multipolygon"
      },
      "geometry": {
        "type": "Polygon",
        "coordinates": [
          [
            [
              -120.6259444,
              35.6481626
            ],
            [
              -120.6259691,
              35.6481465
            ],
            [
              -120.6259848,
              35.6481211
            ],
            [
              -120.6259943,
              35.6480883
            ],
            [
              -120.625994,
              35.6480639
            ],
            [
              -120.6259946,
              35.6480208
            ],
            [
              -120.6259929,
              35.6479925
            ],
            [
              -120.6259984,
              35.6479598
            ],
            [
              -120.6259764,
              35.6479468
            ],
            [
              -120.6259759,
              35.6479119
            ],
            [
              -120.6259682,
              35.6478783
            ],
            [
              -120.6259615,
              35.6478483
            ],
            [
              -120.6259508,
              35.6478186
            ],
            [
              -120.6259363,
              35.6477588
            ],
            [
              -120.6258932,
              35.6477278
            ],
            [
              -120.6258521,
              35.6477153
            ],
            [
              -120.6258093,
              35.6477194
            ],
            [
              -120.6257846,
              35.6477194
            ],
            [
              -120.6257631,
              35.6477234
            ],
            [
              -120.6257483,
              35.6477435
            ],
            [
              -120.6257285,
              35.6477703
            ],
            [
              -120.6257104,
              35.6478037
            ],
            [
              -120.6256989,
              35.6478238
            ],
            [
              -120.6256824,
              35.6478519
            ],
            [
              -120.6256791,
              35.647876
            ],
            [
              -120.6256791,
              35.6479042
            ],
            [
              -120.6256807,
              35.6479243
            ],
            [
              -120.6256873,
              35.6479537
            ],
            [
              -120.6257022,
              35.6479738
            ],
            [
              -120.6257236,
              35.6480033
            ],
            [
              -120.6257401,
              35.648026
            ],
            [
              -120.6257714,
              35.6480515
            ],
            [
              -120.6257961,
              35.6480702
            ],
            [
              -120.6258291,
              35.6480849
            ],
            [
              -120.625867,
              35.6480916
            ],
            [
              -120.6258966,
              35.6481037
            ],
            [
              -120.6259098,
              35.6481305
            ],
            [
              -120.6259213,
              35.6481613
            ],
            [
              -120.6259444,
              35.6481626
            ]
          ],
          [
            [
              -120.6258682,
              35.6477538
            ],
            [
              -120.6258958,
              35.6477635
            ],
            [
              -120.6259172,
              35.6477808
            ],
            [
              -120.6259344,
              35.6478037
            ],
            [
              -120.6259406,
              35.6478219
            ],
            [
              -120.6259515,
              35.6478502
            ],
            [
              -120.6259569,
              35.6478702
            ],
            [
              -120.6259581,
              35.6478918
            ],
            [
              -120.6259626,
              35.6479199
            ],
            [
              -120.6259605,
              35.6479324
            ],
            [
              -120.6259564,
              35.6479534
            ],
            [
              -120.6259429,
              35.6479751
            ],
            [
              -120.6259165,
              35.6479968
            ],
            [
              -120.6258881,
              35.6480075
            ],
            [
              -120.6258522,
              35.6480136
            ],
            [
              -120.6258257,
              35.6480122
            ],
            [
              -120.6257971,
              35.648011
            ],
            [
              -120.625779,
              35.6479971
            ],
            [
              -120.6257535,
              35.6479748
            ],
            [
              -120.6257404,
              35.6479533
            ],
            [
              -120.6257335,
              35.6479246
            ],
            [
              -120.6257266,
              35.6478909
            ],
            [
              -120.6257304,
              35.6478649
            ],
            [
              -120.6257362,
              35.6478398
            ],
            [
              -120.6257472,
              35.6478209
            ],
            [
              -120.6257623,
              35.6478003
            ],
            [
              -120.6257764,
              35.6477831
            ],
            [
              -120.6257861,
              35.6477678
            ],
            [
              -120.6258134,
              35.6477541
            ],
            [
              -120.6258434,
              35.6477502
            ],
            [
              -120.6258682,
              35.6477538
            ]
          ]
        ]
      },
      "id": "relation/19320893"
    },
    {
      "type": "Feature",
      "properties": {
        "@id": "relation/19320894",
        "golf": "fairway",
        "landuse": "grass",
        "mow": "yes",
        "type": "multipolygon"
      },
      "geometry": {
        "type": "Polygon",
        "coordinates": [
          [
            [
              -120.6160616,
              35.6497311
            ],
            [
              -120.616043,
              35.6497511
            ],
            [
              -120.6160268,
              35.6497812
            ],
            [
              -120.6160214,
              35.6498062
            ],
            [
              -120.6160324,
              35.6498321
            ],
            [
              -120.6160448,
              35.649845
            ],
            [
              -120.6160715,
              35.6498571
            ],
            [
              -120.6160986,
              35.6498609
            ],
            [
              -120.616134,
              35.6498628
            ],
            [
              -120.6161737,
              35.6498671
            ],
            [
              -120.6162086,
              35.6498792
            ],
            [
              -120.6162411,
              35.6498842
            ],
            [
              -120.6162724,
              35.6498922
            ],
            [
              -120.6162949,
              35.6498979
            ],
            [
              -120.6163083,
              35.6499025
            ],
            [
              -120.6163225,
              35.6499068
            ],
            [
              -120.6163342,
              35.6499153
            ],
            [
              -120.6163483,
              35.6499317
            ],
            [
              -120.6163548,
              35.6499436
            ],
            [
              -120.616364,
              35.6499659
            ],
            [
              -120.6163833,
              35.6499931
            ],
            [
              -120.6164155,
              35.6500217
            ],
            [
              -120.6164413,
              35.6500397
            ],
            [
              -120.616532,
              35.6501684
            ],
            [
              -120.6165618,
              35.6502361
            ],
            [
              -120.616613,
              35.6502951
            ],
            [
              -120.6167365,
              35.6503958
            ],
            [
              -120.6168197,
              35.6504547
            ],
            [
              -120.6169162,
              35.6505397
            ],
            [
              -120.6169887,
              35.6506334
            ],
            [
              -120.6170638,
              35.6507729
            ],
            [
              -120.6171094,
              35.6508841
            ],
            [
              -120.6171496,
              35.6509516
            ],
            [
              -120.617222,
              35.6510366
            ],
            [
              -120.6172864,
              35.6510759
            ],
            [
              -120.6173588,
              35.6511107
            ],
            [
              -120.6174339,
              35.6511325
            ],
            [
              -120.6174983,
              35.6511587
            ],
            [
              -120.6175841,
              35.6511739
            ],
            [
              -120.6176485,
              35.6511848
            ],
            [
              -120.617686,
              35.6511718
            ],
            [
              -120.6177236,
              35.6511391
            ],
            [
              -120.6177397,
              35.6510737
            ],
            [
              -120.6177182,
              35.6510388
            ],
            [
              -120.6176941,
              35.651017
            ],
            [
              -120.6176056,
              35.6510148
            ],
            [
              -120.6175492,
              35.6510039
            ],
            [
              -120.6174715,
              35.6509865
            ],
            [
              -120.6174312,
              35.6509429
            ],
            [
              -120.6174151,
              35.6508884
            ],
            [
              -120.6174446,
              35.6508165
            ],
            [
              -120.6174634,
              35.6507468
            ],
            [
              -120.6174232,
              35.6506835
            ],
            [
              -120.6173803,
              35.6506247
            ],
            [
              -120.6173374,
              35.6505833
            ],
            [
              -120.6173052,
              35.6505179
            ],
            [
              -120.6172408,
              35.6504612
            ],
            [
              -120.6171818,
              35.6504133
            ],
            [
              -120.6171228,
              35.6503523
            ],
            [
              -120.6170423,
              35.6502803
            ],
            [
              -120.6169511,
              35.6502106
            ],
            [
              -120.6168653,
              35.650143
            ],
            [
              -120.6168393,
              35.6501141
            ],
            [
              -120.6168047,
              35.6500711
            ],
            [
              -120.6167473,
              35.6500014
            ],
            [
              -120.616711,
              35.6499507
            ],
            [
              -120.6166442,
              35.6499048
            ],
            [
              -120.6165541,
              35.6498902
            ],
            [
              -120.6164871,
              35.6498858
            ],
            [
              -120.6164306,
              35.6498812
            ],
            [
              -120.6163801,
              35.6498645
            ],
            [
              -120.6163598,
              35.6498522
            ],
            [
              -120.6163466,
              35.6498387
            ],
            [
              -120.6163339,
              35.6498185
            ],
            [
              -120.6163222,
              35.6498002
            ],
            [
              -120.6163042,
              35.6497794
            ],
            [
              -120.6162875,
              35.6497598
            ],
            [
              -120.6162676,
              35.6497342
            ],
            [
              -120.6162526,
              35.6497073
            ],
            [
              -120.6162363,
              35.649687
            ],
            [
              -120.6162228,
              35.6496686
            ],
            [
              -120.6161986,
              35.6496563
            ],
            [
              -120.6161666,
              35.649654
            ],
            [
              -120.6161382,
              35.6496627
            ],
            [
              -120.616117,
              35.6496713
            ],
            [
              -120.616102,
              35.6496862
            ],
            [
              -120.6160858,
              35.6497026
            ],
            [
              -120.6160616,
              35.6497311
            ]
          ],
          [
            [
              -120.6162769,
              35.6498741
            ],
            [
              -120.6160948,
              35.6498422
            ],
            [
              -120.6160542,
              35.6498204
            ],
            [
              -120.6160467,
              35.6497797
            ],
            [
              -120.6161264,
              35.6496794
            ],
            [
              -120.6161686,
              35.6496652
            ],
            [
              -120.6162034,
              35.6496715
            ],
            [
              -120.6163202,
              35.6498265
            ],
            [
              -120.6163094,
              35.6498565
            ],
            [
              -120.6162769,
              35.6498741
            ]
          ]
        ]
      },
      "id": "relation/19320894"
    },
    {
      "type": "Feature",
      "properties": {
        "@id": "relation/19320895",
        "golf": "fairway",
        "landuse": "grass",
        "mow": "yes",
        "type": "multipolygon"
      },
      "geometry": {
        "type": "Polygon",
        "coordinates": [
          [
            [
              -120.617218,
              35.6496507
            ],
            [
              -120.6172112,
              35.6496997
            ],
            [
              -120.6172044,
              35.6497299
            ],
            [
              -120.6172348,
              35.6497793
            ],
            [
              -120.6172855,
              35.6498123
            ],
            [
              -120.61737,
              35.6498507
            ],
            [
              -120.6174612,
              35.6499029
            ],
            [
              -120.6175322,
              35.6499139
            ],
            [
              -120.6175964,
              35.6499111
            ],
            [
              -120.6176674,
              35.6499001
            ],
            [
              -120.6177113,
              35.6499139
            ],
            [
              -120.617762,
              35.6499331
            ],
            [
              -120.6177924,
              35.6499633
            ],
            [
              -120.6178296,
              35.6499853
            ],
            [
              -120.6178972,
              35.6501033
            ],
            [
              -120.6180053,
              35.6501775
            ],
            [
              -120.6180763,
              35.6502461
            ],
            [
              -120.6181709,
              35.650323
            ],
            [
              -120.6182453,
              35.6504082
            ],
            [
              -120.6183804,
              35.6505043
            ],
            [
              -120.6185257,
              35.6505921
            ],
            [
              -120.6187555,
              35.6507239
            ],
            [
              -120.6189617,
              35.6508283
            ],
            [
              -120.6191273,
              35.6509107
            ],
            [
              -120.6192422,
              35.6509656
            ],
            [
              -120.6193368,
              35.6510095
            ],
            [
              -120.6194247,
              35.6510342
            ],
            [
              -120.6195125,
              35.6510535
            ],
            [
              -120.6196038,
              35.6510672
            ],
            [
              -120.6197153,
              35.6510919
            ],
            [
              -120.6197829,
              35.6511249
            ],
            [
              -120.619864,
              35.6511633
            ],
            [
              -120.6199383,
              35.6511798
            ],
            [
              -120.6199991,
              35.6511276
            ],
            [
              -120.6200532,
              35.6510809
            ],
            [
              -120.620114,
              35.6510233
            ],
            [
              -120.6201251,
              35.6510127
            ],
            [
              -120.6201471,
              35.6510021
            ],
            [
              -120.620178,
              35.6509988
            ],
            [
              -120.6202253,
              35.651
            ],
            [
              -120.6202789,
              35.6510112
            ],
            [
              -120.620334,
              35.6510291
            ],
            [
              -120.6203685,
              35.6510443
            ],
            [
              -120.6203894,
              35.6510627
            ],
            [
              -120.6204015,
              35.6510811
            ],
            [
              -120.6204174,
              35.6511043
            ],
            [
              -120.6204412,
              35.6511286
            ],
            [
              -120.6204695,
              35.6511459
            ],
            [
              -120.6205043,
              35.6511517
            ],
            [
              -120.6205355,
              35.6511499
            ],
            [
              -120.6205623,
              35.6511418
            ],
            [
              -120.6205911,
              35.65113
            ],
            [
              -120.6206159,
              35.6511132
            ],
            [
              -120.6206379,
              35.6510858
            ],
            [
              -120.6206435,
              35.6510541
            ],
            [
              -120.6206463,
              35.65102
            ],
            [
              -120.6206354,
              35.6509883
            ],
            [
              -120.6206214,
              35.6509637
            ],
            [
              -120.6206075,
              35.6509413
            ],
            [
              -120.6205923,
              35.6509213
            ],
            [
              -120.6205724,
              35.6509135
            ],
            [
              -120.6205392,
              35.6509107
            ],
            [
              -120.6205007,
              35.6509215
            ],
            [
              -120.6204663,
              35.6509348
            ],
            [
              -120.6204314,
              35.6509469
            ],
            [
              -120.6204015,
              35.6509508
            ],
            [
              -120.6203633,
              35.6509494
            ],
            [
              -120.620336,
              35.6509498
            ],
            [
              -120.6202895,
              35.6509478
            ],
            [
              -120.6202306,
              35.6509434
            ],
            [
              -120.6201861,
              35.6509323
            ],
            [
              -120.6201488,
              35.6509179
            ],
            [
              -120.6201101,
              35.6509001
            ],
            [
              -120.6200614,
              35.6508848
            ],
            [
              -120.6200262,
              35.650864
            ],
            [
              -120.6199789,
              35.6508255
            ],
            [
              -120.6198572,
              35.6507926
            ],
            [
              -120.6197694,
              35.6507899
            ],
            [
              -120.6195801,
              35.6508063
            ],
            [
              -120.6194844,
              35.6508103
            ],
            [
              -120.6194238,
              35.6507771
            ],
            [
              -120.6193654,
              35.6507452
            ],
            [
              -120.6193267,
              35.6506635
            ],
            [
              -120.6193064,
              35.6505866
            ],
            [
              -120.6192591,
              35.6504878
            ],
            [
              -120.6191273,
              35.6504054
            ],
            [
              -120.6189076,
              35.6502626
            ],
            [
              -120.6187116,
              35.650161
            ],
            [
              -120.6185393,
              35.6500649
            ],
            [
              -120.6183365,
              35.6499715
            ],
            [
              -120.6181439,
              35.6498837
            ],
            [
              -120.6179377,
              35.6498232
            ],
            [
              -120.6178127,
              35.6497985
            ],
            [
              -120.6177282,
              35.6497903
            ],
            [
              -120.6176539,
              35.6497573
            ],
            [
              -120.6175626,
              35.6497107
            ],
            [
              -120.6175119,
              35.6496695
            ],
            [
              -120.6173903,
              35.6496036
            ],
            [
              -120.6173227,
              35.6495816
            ],
            [
              -120.6172585,
              35.6495981
            ],
            [
              -120.6172348,
              35.64962
            ],
            [
              -120.617218,
              35.6496507
            ]
          ],
          [
            [
              -120.6205049,
              35.6509329
            ],
            [
              -120.6205356,
              35.6509241
            ],
            [
              -120.6205725,
              35.6509344
            ],
            [
              -120.6206021,
              35.6509707
            ],
            [
              -120.620615,
              35.6510121
            ],
            [
              -120.6206122,
              35.6510773
            ],
            [
              -120.6205955,
              35.6511069
            ],
            [
              -120.6205644,
              35.6511278
            ],
            [
              -120.6205058,
              35.6511375
            ],
            [
              -120.6204661,
              35.6511265
            ],
            [
              -120.62043,
              35.6510935
            ],
            [
              -120.6203967,
              35.6510498
            ],
            [
              -120.620393,
              35.6509927
            ],
            [
              -120.620439,
              35.6509608
            ],
            [
              -120.6205049,
              35.6509329
            ]
          ]
        ]
      },
      "id": "relation/19320895"
    },
    {
      "type": "Feature",
      "properties": {
        "@id": "relation/19320896",
        "golf": "fairway",
        "landuse": "grass",
        "mow": "yes",
        "type": "multipolygon"
      },
      "geometry": {
        "type": "Polygon",
        "coordinates": [
          [
            [
              -120.6243751,
              35.6457754
            ],
            [
              -120.6243869,
              35.6457314
            ],
            [
              -120.6243818,
              35.6456944
            ],
            [
              -120.6243683,
              35.6456806
            ],
            [
              -120.6243413,
              35.6456669
            ],
            [
              -120.6243261,
              35.6456518
            ],
            [
              -120.624294,
              35.6456367
            ],
            [
              -120.6242399,
              35.6456065
            ],
            [
              -120.6241875,
              35.6455818
            ],
            [
              -120.6241284,
              35.6455447
            ],
            [
              -120.624098,
              35.64552
            ],
            [
              -120.6240405,
              35.6455021
            ],
            [
              -120.6239987,
              35.6454926
            ],
            [
              -120.6239189,
              35.6454925
            ],
            [
              -120.6238597,
              35.6454898
            ],
            [
              -120.6238157,
              35.6454788
            ],
            [
              -120.6237797,
              35.6454656
            ],
            [
              -120.6237544,
              35.6454476
            ],
            [
              -120.6237269,
              35.6454348
            ],
            [
              -120.623686,
              35.6454216
            ],
            [
              -120.6236565,
              35.6454076
            ],
            [
              -120.6236213,
              35.6453956
            ],
            [
              -120.6235945,
              35.6453927
            ],
            [
              -120.6235691,
              35.6453957
            ],
            [
              -120.6235465,
              35.6454052
            ],
            [
              -120.6235319,
              35.6454138
            ],
            [
              -120.6235178,
              35.6454291
            ],
            [
              -120.6235049,
              35.6454473
            ],
            [
              -120.6234965,
              35.6454644
            ],
            [
              -120.6234883,
              35.6454791
            ],
            [
              -120.6234732,
              35.6454957
            ],
            [
              -120.6234613,
              35.6455235
            ],
            [
              -120.6234629,
              35.6455405
            ],
            [
              -120.6234638,
              35.6455556
            ],
            [
              -120.6234718,
              35.6455667
            ],
            [
              -120.6234823,
              35.6455811
            ],
            [
              -120.623493,
              35.6455865
            ],
            [
              -120.6235125,
              35.6455945
            ],
            [
              -120.6235386,
              35.6455958
            ],
            [
              -120.6235788,
              35.6455992
            ],
            [
              -120.623626,
              35.6456
            ],
            [
              -120.6236606,
              35.645603
            ],
            [
              -120.6237028,
              35.6456001
            ],
            [
              -120.6237283,
              35.6455978
            ],
            [
              -120.6237517,
              35.6455904
            ],
            [
              -120.6237766,
              35.6455874
            ],
            [
              -120.6238006,
              35.6455859
            ],
            [
              -120.6238547,
              35.6456037
            ],
            [
              -120.623907,
              35.6456216
            ],
            [
              -120.6239408,
              35.6456375
            ],
            [
              -120.6239848,
              35.64566
            ],
            [
              -120.6240101,
              35.6456751
            ],
            [
              -120.6240338,
              35.6456889
            ],
            [
              -120.6240524,
              35.6457136
            ],
            [
              -120.6240709,
              35.6457383
            ],
            [
              -120.6240878,
              35.6457617
            ],
            [
              -120.6241047,
              35.6457809
            ],
            [
              -120.624125,
              35.6457974
            ],
            [
              -120.6241622,
              35.6458138
            ],
            [
              -120.6242027,
              35.6458152
            ],
            [
              -120.6242196,
              35.6458152
            ],
            [
              -120.6242534,
              35.6458166
            ],
            [
              -120.6242805,
              35.6458152
            ],
            [
              -120.6243159,
              35.6458083
            ],
            [
              -120.6243514,
              35.6457932
            ],
            [
              -120.6243751,
              35.6457754
            ]
          ],
          [
            [
              -120.6237936,
              35.6455681
            ],
            [
              -120.6237477,
              35.6455766
            ],
            [
              -120.623712,
              35.6455883
            ],
            [
              -120.6236631,
              35.6455897
            ],
            [
              -120.623627,
              35.6455881
            ],
            [
              -120.6235629,
              35.6455852
            ],
            [
              -120.6234998,
              35.6455737
            ],
            [
              -120.6234744,
              35.6455438
            ],
            [
              -120.623477,
              35.6455271
            ],
            [
              -120.6234935,
              35.6454979
            ],
            [
              -120.6235124,
              35.6454693
            ],
            [
              -120.6235304,
              35.6454341
            ],
            [
              -120.6235575,
              35.645417
            ],
            [
              -120.6235956,
              35.6454088
            ],
            [
              -120.6236434,
              35.6454149
            ],
            [
              -120.6237174,
              35.6454491
            ],
            [
              -120.6237689,
              35.6454748
            ],
            [
              -120.6238003,
              35.6455045
            ],
            [
              -120.6238065,
              35.6455287
            ],
            [
              -120.6237936,
              35.6455681
            ]
          ]
        ]
      },
      "id": "relation/19320896"
    },
    {
      "type": "Feature",
      "properties": {
        "@id": "relation/19320897",
        "golf": "fairway",
        "type": "multipolygon"
      },
      "geometry": {
        "type": "Polygon",
        "coordinates": [
          [
            [
              -120.6223338,
              35.6466722
            ],
            [
              -120.622342,
              35.6466811
            ],
            [
              -120.6223488,
              35.6466906
            ],
            [
              -120.6223591,
              35.6466989
            ],
            [
              -120.622368,
              35.6467051
            ],
            [
              -120.6223817,
              35.6467123
            ],
            [
              -120.622394,
              35.6467201
            ],
            [
              -120.6224064,
              35.646729
            ],
            [
              -120.6224194,
              35.6467323
            ],
            [
              -120.6224303,
              35.6467329
            ],
            [
              -120.6224536,
              35.6467312
            ],
            [
              -120.6224769,
              35.6467262
            ],
            [
              -120.6224934,
              35.646724
            ],
            [
              -120.6225071,
              35.6467245
            ],
            [
              -120.6225208,
              35.646729
            ],
            [
              -120.6225379,
              35.6467334
            ],
            [
              -120.6225509,
              35.6467373
            ],
            [
              -120.6225619,
              35.6467407
            ],
            [
              -120.6225783,
              35.6467462
            ],
            [
              -120.6225892,
              35.6467507
            ],
            [
              -120.6226235,
              35.6467641
            ],
            [
              -120.6226386,
              35.6467652
            ],
            [
              -120.6226653,
              35.6467696
            ],
            [
              -120.6226824,
              35.6467696
            ],
            [
              -120.6227009,
              35.6467674
            ],
            [
              -120.622718,
              35.6467635
            ],
            [
              -120.6227372,
              35.6467479
            ],
            [
              -120.6227475,
              35.6467362
            ],
            [
              -120.6227529,
              35.6467234
            ],
            [
              -120.6227557,
              35.6467106
            ],
            [
              -120.6227591,
              35.6466956
            ],
            [
              -120.6227591,
              35.6466811
            ],
            [
              -120.6227564,
              35.6466689
            ],
            [
              -120.6227523,
              35.6466555
            ],
            [
              -120.6227488,
              35.6466433
            ],
            [
              -120.6227468,
              35.6466366
            ],
            [
              -120.622742,
              35.6466283
            ],
            [
              -120.6227379,
              35.6466193
            ],
            [
              -120.6227303,
              35.6466099
            ],
            [
              -120.6227194,
              35.646601
            ],
            [
              -120.6226968,
              35.6465898
            ],
            [
              -120.6226824,
              35.6465882
            ],
            [
              -120.622655,
              35.6465871
            ],
            [
              -120.622631,
              35.6465887
            ],
            [
              -120.6226057,
              35.6465887
            ],
            [
              -120.6225913,
              35.6465904
            ],
            [
              -120.6225769,
              35.646591
            ],
            [
              -120.6225591,
              35.6465926
            ],
            [
              -120.6225447,
              35.6465915
            ],
            [
              -120.6225119,
              35.646586
            ],
            [
              -120.6224899,
              35.6465854
            ],
            [
              -120.6224666,
              35.6465893
            ],
            [
              -120.6224454,
              35.6465954
            ],
            [
              -120.6224249,
              35.6466004
            ],
            [
              -120.6224071,
              35.6466082
            ],
            [
              -120.6223975,
              35.6466116
            ],
            [
              -120.6223865,
              35.6466205
            ],
            [
              -120.6223769,
              35.6466238
            ],
            [
              -120.6223605,
              35.646621
            ],
            [
              -120.6223427,
              35.6466216
            ],
            [
              -120.6223276,
              35.6466244
            ],
            [
              -120.6223214,
              35.6466277
            ],
            [
              -120.6223167,
              35.6466327
            ],
            [
              -120.6223098,
              35.6466388
            ],
            [
              -120.6223098,
              35.646645
            ],
            [
              -120.6223132,
              35.6466533
            ],
            [
              -120.6223153,
              35.6466572
            ],
            [
              -120.6223208,
              35.6466616
            ],
            [
              -120.6223262,
              35.6466678
            ],
            [
              -120.6223338,
              35.6466722
            ]
          ],
          [
            [
              -120.6224983,
              35.646607
            ],
            [
              -120.622547,
              35.646607
            ],
            [
              -120.6225894,
              35.6466019
            ],
            [
              -120.6226508,
              35.6465975
            ],
            [
              -120.6227013,
              35.6466077
            ],
            [
              -120.6227329,
              35.6466503
            ],
            [
              -120.6227419,
              35.6467001
            ],
            [
              -120.6227257,
              35.6467397
            ],
            [
              -120.6226797,
              35.6467573
            ],
            [
              -120.6226291,
              35.6467544
            ],
            [
              -120.6225822,
              35.646736
            ],
            [
              -120.6225326,
              35.6467184
            ],
            [
              -120.6224532,
              35.6466972
            ],
            [
              -120.6224334,
              35.6466598
            ],
            [
              -120.6224442,
              35.6466202
            ],
            [
              -120.6224983,
              35.646607
            ]
          ]
        ]
      },
      "id": "relation/19320897"
    },
    {
      "type": "Feature",
      "properties": {
        "@id": "relation/19320898",
        "golf": "fairway",
        "landuse": "grass",
        "mow": "yes",
        "type": "multipolygon"
      },
      "geometry": {
        "type": "Polygon",
        "coordinates": [
          [
            [
              -120.6189387,
              35.6473117
            ],
            [
              -120.6189924,
              35.6472899
            ],
            [
              -120.6189977,
              35.6472376
            ],
            [
              -120.6189977,
              35.6471896
            ],
            [
              -120.6189548,
              35.647146
            ],
            [
              -120.6189065,
              35.6470501
            ],
            [
              -120.6188582,
              35.6469804
            ],
            [
              -120.6187831,
              35.6469455
            ],
            [
              -120.6186651,
              35.646915
            ],
            [
              -120.6185686,
              35.6468801
            ],
            [
              -120.6184972,
              35.646854
            ],
            [
              -120.6184311,
              35.6467888
            ],
            [
              -120.6183547,
              35.6467173
            ],
            [
              -120.6182682,
              35.6466839
            ],
            [
              -120.6181823,
              35.6466534
            ],
            [
              -120.6180965,
              35.6466142
            ],
            [
              -120.6180053,
              35.6465445
            ],
            [
              -120.6179731,
              35.6464965
            ],
            [
              -120.6179302,
              35.646466
            ],
            [
              -120.6178497,
              35.6464137
            ],
            [
              -120.6177532,
              35.646418
            ],
            [
              -120.6176781,
              35.6464485
            ],
            [
              -120.6175815,
              35.646466
            ],
            [
              -120.6174528,
              35.6464442
            ],
            [
              -120.6173294,
              35.6464268
            ],
            [
              -120.6172543,
              35.6464006
            ],
            [
              -120.6171416,
              35.6463744
            ],
            [
              -120.617088,
              35.6463614
            ],
            [
              -120.6169485,
              35.6463396
            ],
            [
              -120.6168841,
              35.6463308
            ],
            [
              -120.6168177,
              35.6463268
            ],
            [
              -120.6167332,
              35.6463231
            ],
            [
              -120.6166815,
              35.6462963
            ],
            [
              -120.6166677,
              35.6462836
            ],
            [
              -120.6166584,
              35.6462733
            ],
            [
              -120.6166375,
              35.646252
            ],
            [
              -120.6166094,
              35.6462082
            ],
            [
              -120.6165771,
              35.646165
            ],
            [
              -120.6165632,
              35.6461524
            ],
            [
              -120.6165452,
              35.6461379
            ],
            [
              -120.6165344,
              35.6461199
            ],
            [
              -120.6165137,
              35.6461018
            ],
            [
              -120.6164805,
              35.6460791
            ],
            [
              -120.6164489,
              35.6460586
            ],
            [
              -120.6164265,
              35.6460504
            ],
            [
              -120.616409,
              35.6460449
            ],
            [
              -120.6163772,
              35.6460408
            ],
            [
              -120.616348,
              35.6460386
            ],
            [
              -120.6163144,
              35.6460437
            ],
            [
              -120.6162913,
              35.6460493
            ],
            [
              -120.6162731,
              35.6460565
            ],
            [
              -120.6162613,
              35.6460642
            ],
            [
              -120.6162511,
              35.6460741
            ],
            [
              -120.6162404,
              35.6460927
            ],
            [
              -120.6162311,
              35.6461138
            ],
            [
              -120.6162295,
              35.6461311
            ],
            [
              -120.6162309,
              35.6461481
            ],
            [
              -120.6162377,
              35.6461651
            ],
            [
              -120.6162484,
              35.6461803
            ],
            [
              -120.6162569,
              35.6461913
            ],
            [
              -120.6162689,
              35.6462044
            ],
            [
              -120.6162856,
              35.6462156
            ],
            [
              -120.6162989,
              35.6462252
            ],
            [
              -120.6163138,
              35.6462367
            ],
            [
              -120.6163361,
              35.6462411
            ],
            [
              -120.6163629,
              35.6462446
            ],
            [
              -120.6163886,
              35.6462424
            ],
            [
              -120.6164106,
              35.6462406
            ],
            [
              -120.6164323,
              35.646237
            ],
            [
              -120.616453,
              35.6462399
            ],
            [
              -120.6164691,
              35.6462434
            ],
            [
              -120.6164912,
              35.6462525
            ],
            [
              -120.61651,
              35.6462602
            ],
            [
              -120.6165159,
              35.646265
            ],
            [
              -120.6165337,
              35.646274
            ],
            [
              -120.6165536,
              35.6462843
            ],
            [
              -120.6165663,
              35.6462979
            ],
            [
              -120.6165831,
              35.6463183
            ],
            [
              -120.6165881,
              35.646338
            ],
            [
              -120.6165881,
              35.6463603
            ],
            [
              -120.6165791,
              35.6464037
            ],
            [
              -120.6165569,
              35.6464878
            ],
            [
              -120.6165784,
              35.6465532
            ],
            [
              -120.6167125,
              35.6466098
            ],
            [
              -120.6168841,
              35.6466752
            ],
            [
              -120.6170826,
              35.6467232
            ],
            [
              -120.6171899,
              35.6467799
            ],
            [
              -120.6173026,
              35.646806
            ],
            [
              -120.6174152,
              35.6468322
            ],
            [
              -120.6174849,
              35.6468409
            ],
            [
              -120.6175386,
              35.6468234
            ],
            [
              -120.6176352,
              35.6468278
            ],
            [
              -120.6176995,
              35.6469106
            ],
            [
              -120.6177424,
              35.646976
            ],
            [
              -120.6178283,
              35.6470109
            ],
            [
              -120.617898,
              35.6470632
            ],
            [
              -120.6180482,
              35.6471417
            ],
            [
              -120.6181394,
              35.647194
            ],
            [
              -120.6182521,
              35.6472289
            ],
            [
              -120.6183593,
              35.6472986
            ],
            [
              -120.618472,
              35.6473466
            ],
            [
              -120.6185793,
              35.6473814
            ],
            [
              -120.6186973,
              35.6473945
            ],
            [
              -120.6187591,
              35.6473816
            ],
            [
              -120.6188368,
              35.647364
            ],
            [
              -120.6189012,
              35.6473422
            ],
            [
              -120.6189387,
              35.6473117
            ]
          ],
          [
            [
              -120.616478,
              35.6462176
            ],
            [
              -120.616466,
              35.6462231
            ],
            [
              -120.6164513,
              35.6462266
            ],
            [
              -120.6164176,
              35.6462279
            ],
            [
              -120.6163969,
              35.6462297
            ],
            [
              -120.6163722,
              35.6462302
            ],
            [
              -120.6163528,
              35.6462275
            ],
            [
              -120.6163385,
              35.6462262
            ],
            [
              -120.6163252,
              35.6462243
            ],
            [
              -120.6163072,
              35.6462141
            ],
            [
              -120.6162953,
              35.6462033
            ],
            [
              -120.616281,
              35.6461896
            ],
            [
              -120.6162735,
              35.6461772
            ],
            [
              -120.6162653,
              35.6461614
            ],
            [
              -120.61626,
              35.6461482
            ],
            [
              -120.6162573,
              35.646132
            ],
            [
              -120.6162631,
              35.6461056
            ],
            [
              -120.6162686,
              35.6460913
            ],
            [
              -120.6162817,
              35.6460763
            ],
            [
              -120.6163007,
              35.6460662
            ],
            [
              -120.6163182,
              35.6460585
            ],
            [
              -120.6163401,
              35.6460556
            ],
            [
              -120.6163583,
              35.646056
            ],
            [
              -120.616381,
              35.6460573
            ],
            [
              -120.6164277,
              35.6460668
            ],
            [
              -120.6164533,
              35.6460787
            ],
            [
              -120.6164715,
              35.6460888
            ],
            [
              -120.6164851,
              35.6461005
            ],
            [
              -120.6165016,
              35.6461184
            ],
            [
              -120.6165124,
              35.6461315
            ],
            [
              -120.6165187,
              35.6461439
            ],
            [
              -120.6165234,
              35.6461569
            ],
            [
              -120.6165237,
              35.6461671
            ],
            [
              -120.6165232,
              35.6461856
            ],
            [
              -120.6165196,
              35.6461927
            ],
            [
              -120.6165096,
              35.646203
            ],
            [
              -120.6164951,
              35.6462108
            ],
            [
              -120.616478,
              35.6462176
            ]
          ]
        ]
      },
      "id": "relation/19320898"
    },
    {
      "type": "Feature",
      "properties": {
        "@id": "relation/19320899",
        "golf": "fairway",
        "landuse": "grass",
        "mow": "yes",
        "type": "multipolygon"
      },
      "geometry": {
        "type": "Polygon",
        "coordinates": [
          [
            [
              -120.6261489,
              35.6484277
            ],
            [
              -120.6260982,
              35.6483865
            ],
            [
              -120.626034,
              35.6483591
            ],
            [
              -120.6259089,
              35.6483618
            ],
            [
              -120.6257873,
              35.6483755
            ],
            [
              -120.6256859,
              35.648392
            ],
            [
              -120.6255879,
              35.648425
            ],
            [
              -120.6254899,
              35.6484744
            ],
            [
              -120.6253885,
              35.6485046
            ],
            [
              -120.6253142,
              35.6484854
            ],
            [
              -120.6252432,
              35.6484579
            ],
            [
              -120.6251182,
              35.6484414
            ],
            [
              -120.6250066,
              35.6484634
            ],
            [
              -120.6249188,
              35.6484881
            ],
            [
              -120.6247971,
              35.6485046
            ],
            [
              -120.6246991,
              35.6485046
            ],
            [
              -120.6246113,
              35.6485046
            ],
            [
              -120.6244761,
              35.6484964
            ],
            [
              -120.6244321,
              35.6484826
            ],
            [
              -120.6243646,
              35.6484552
            ],
            [
              -120.6242756,
              35.6484262
            ],
            [
              -120.6242057,
              35.648403
            ],
            [
              -120.6241618,
              35.6483838
            ],
            [
              -120.6240638,
              35.6483289
            ],
            [
              -120.6240063,
              35.6483041
            ],
            [
              -120.6239421,
              35.6482602
            ],
            [
              -120.6238644,
              35.6482245
            ],
            [
              -120.6238103,
              35.6481888
            ],
            [
              -120.6237326,
              35.6481366
            ],
            [
              -120.6236684,
              35.6480817
            ],
            [
              -120.6236143,
              35.6480268
            ],
            [
              -120.6235434,
              35.6479609
            ],
            [
              -120.6235142,
              35.6479013
            ],
            [
              -120.6234967,
              35.6478339
            ],
            [
              -120.6234703,
              35.6477526
            ],
            [
              -120.6234618,
              35.6477007
            ],
            [
              -120.6234448,
              35.6476107
            ],
            [
              -120.623427,
              35.6474938
            ],
            [
              -120.6234069,
              35.6474633
            ],
            [
              -120.6233804,
              35.6474336
            ],
            [
              -120.623362,
              35.6474038
            ],
            [
              -120.6233555,
              35.6473665
            ],
            [
              -120.6233492,
              35.647342
            ],
            [
              -120.6233449,
              35.6473063
            ],
            [
              -120.623339,
              35.6472729
            ],
            [
              -120.6233326,
              35.6472439
            ],
            [
              -120.6233474,
              35.6472147
            ],
            [
              -120.6233607,
              35.6471903
            ],
            [
              -120.6233636,
              35.6471658
            ],
            [
              -120.6233644,
              35.6471391
            ],
            [
              -120.6233582,
              35.6471168
            ],
            [
              -120.6233468,
              35.6470923
            ],
            [
              -120.6233347,
              35.64707
            ],
            [
              -120.6233185,
              35.6470522
            ],
            [
              -120.6232984,
              35.6470333
            ],
            [
              -120.6232793,
              35.647013
            ],
            [
              -120.6232545,
              35.6469957
            ],
            [
              -120.6232321,
              35.646981
            ],
            [
              -120.6232131,
              35.6469691
            ],
            [
              -120.623194,
              35.6469665
            ],
            [
              -120.6231652,
              35.6469685
            ],
            [
              -120.6231303,
              35.6469739
            ],
            [
              -120.6231033,
              35.6469811
            ],
            [
              -120.6230829,
              35.6469936
            ],
            [
              -120.6230631,
              35.6470077
            ],
            [
              -120.6230491,
              35.647028
            ],
            [
              -120.6230408,
              35.6470522
            ],
            [
              -120.6230407,
              35.6470756
            ],
            [
              -120.623051,
              35.6470934
            ],
            [
              -120.6230645,
              35.6471212
            ],
            [
              -120.6230776,
              35.6471391
            ],
            [
              -120.623086,
              35.6471524
            ],
            [
              -120.6230919,
              35.6471702
            ],
            [
              -120.6231005,
              35.6471939
            ],
            [
              -120.6231076,
              35.6472214
            ],
            [
              -120.6231166,
              35.6472406
            ],
            [
              -120.6231279,
              35.647267
            ],
            [
              -120.6231294,
              35.6472891
            ],
            [
              -120.6231301,
              35.6473147
            ],
            [
              -120.6231363,
              35.6473536
            ],
            [
              -120.6231324,
              35.6473846
            ],
            [
              -120.6231257,
              35.647397
            ],
            [
              -120.6231221,
              35.6474116
            ],
            [
              -120.6231049,
              35.6474397
            ],
            [
              -120.6230945,
              35.6474645
            ],
            [
              -120.6230693,
              35.6475141
            ],
            [
              -120.6230493,
              35.6476095
            ],
            [
              -120.6230485,
              35.6476768
            ],
            [
              -120.6230654,
              35.6477408
            ],
            [
              -120.6231204,
              35.6478847
            ],
            [
              -120.6231973,
              35.6480205
            ],
            [
              -120.62328,
              35.6481352
            ],
            [
              -120.6233505,
              35.6482432
            ],
            [
              -120.6234896,
              35.6484388
            ],
            [
              -120.6235977,
              35.6485267
            ],
            [
              -120.6237059,
              35.6485816
            ],
            [
              -120.6239086,
              35.6485926
            ],
            [
              -120.62401,
              35.6486146
            ],
            [
              -120.6241857,
              35.648653
            ],
            [
              -120.6243209,
              35.6487079
            ],
            [
              -120.6244561,
              35.6487464
            ],
            [
              -120.624544,
              35.6488233
            ],
            [
              -120.6246589,
              35.6489111
            ],
            [
              -120.6247467,
              35.6489825
            ],
            [
              -120.6249022,
              35.6490155
            ],
            [
              -120.6250576,
              35.648988
            ],
            [
              -120.6252198,
              35.6489496
            ],
            [
              -120.6253415,
              35.6489001
            ],
            [
              -120.6254902,
              35.6488233
            ],
            [
              -120.6256118,
              35.6487464
            ],
            [
              -120.62572,
              35.648664
            ],
            [
              -120.6258822,
              35.6486146
            ],
            [
              -120.6259971,
              35.64862
            ],
            [
              -120.6260647,
              35.64862
            ],
            [
              -120.6261187,
              35.6485981
            ],
            [
              -120.626139,
              35.6485157
            ],
            [
              -120.6261489,
              35.6484277
            ]
          ],
          [
            [
              -120.6231222,
              35.6472002
            ],
            [
              -120.6231089,
              35.6471683
            ],
            [
              -120.6231001,
              35.6471376
            ],
            [
              -120.623072,
              35.6471029
            ],
            [
              -120.6230572,
              35.6470745
            ],
            [
              -120.6230612,
              35.6470451
            ],
            [
              -120.6230678,
              35.6470218
            ],
            [
              -120.6231158,
              35.6469972
            ],
            [
              -120.6231783,
              35.6469847
            ],
            [
              -120.6232316,
              35.647002
            ],
            [
              -120.62326,
              35.6470258
            ],
            [
              -120.6233108,
              35.6470688
            ],
            [
              -120.6233458,
              35.6471149
            ],
            [
              -120.6233503,
              35.6471533
            ],
            [
              -120.6233444,
              35.6471792
            ],
            [
              -120.6233281,
              35.6472219
            ],
            [
              -120.623305,
              35.6472542
            ],
            [
              -120.623244,
              35.6472834
            ],
            [
              -120.6232002,
              35.6472847
            ],
            [
              -120.6231612,
              35.6472731
            ],
            [
              -120.623141,
              35.6472417
            ],
            [
              -120.623126,
              35.6472191
            ],
            [
              -120.6231222,
              35.6472002
            ]
          ]
        ]
      },
      "id": "relation/19320899"
    },
    {
      "type": "Feature",
      "properties": {
        "@id": "relation/19320900",
        "golf": "fairway",
        "landuse": "grass",
        "mow": "yes",
        "type": "multipolygon"
      },
      "geometry": {
        "type": "Polygon",
        "coordinates": [
          [
            [
              -120.619217,
              35.6460546
            ],
            [
              -120.6192626,
              35.6460416
            ],
            [
              -120.6192974,
              35.6459849
            ],
            [
              -120.6192733,
              35.6459347
            ],
            [
              -120.6192465,
              35.6458912
            ],
            [
              -120.6192009,
              35.6458454
            ],
            [
              -120.6191633,
              35.6457844
            ],
            [
              -120.619107,
              35.6457517
            ],
            [
              -120.6190426,
              35.645695
            ],
            [
              -120.6189943,
              35.6456601
            ],
            [
              -120.618938,
              35.6456361
            ],
            [
              -120.6188826,
              35.6456098
            ],
            [
              -120.6188549,
              35.6455991
            ],
            [
              -120.6187664,
              35.6455777
            ],
            [
              -120.6187073,
              35.6455664
            ],
            [
              -120.6186108,
              35.6455402
            ],
            [
              -120.6185244,
              35.6455014
            ],
            [
              -120.6184433,
              35.645464
            ],
            [
              -120.6183855,
              35.6454552
            ],
            [
              -120.6183408,
              35.6454207
            ],
            [
              -120.6182967,
              35.6453848
            ],
            [
              -120.6182769,
              35.6453664
            ],
            [
              -120.6182679,
              35.6453534
            ],
            [
              -120.6182559,
              35.6453367
            ],
            [
              -120.618248,
              35.6453051
            ],
            [
              -120.6182286,
              35.6452713
            ],
            [
              -120.6182025,
              35.6452498
            ],
            [
              -120.6181383,
              35.6452085
            ],
            [
              -120.6181069,
              35.64517
            ],
            [
              -120.6180724,
              35.645133
            ],
            [
              -120.6180499,
              35.6451108
            ],
            [
              -120.618006,
              35.645108
            ],
            [
              -120.617977,
              35.6451207
            ],
            [
              -120.6179608,
              35.6451467
            ],
            [
              -120.6179654,
              35.6451666
            ],
            [
              -120.617968,
              35.64519
            ],
            [
              -120.6179705,
              35.6452617
            ],
            [
              -120.6179791,
              35.6453078
            ],
            [
              -120.6180111,
              35.6453402
            ],
            [
              -120.6180439,
              35.6453618
            ],
            [
              -120.6180858,
              35.6453744
            ],
            [
              -120.6181316,
              35.6453833
            ],
            [
              -120.618171,
              35.6453899
            ],
            [
              -120.6181831,
              35.6453993
            ],
            [
              -120.6182001,
              35.6454146
            ],
            [
              -120.6182063,
              35.6454302
            ],
            [
              -120.6182127,
              35.6454425
            ],
            [
              -120.6182148,
              35.6454759
            ],
            [
              -120.6182541,
              35.6455195
            ],
            [
              -120.6182913,
              35.6455502
            ],
            [
              -120.6183372,
              35.6455795
            ],
            [
              -120.6184311,
              35.6456405
            ],
            [
              -120.6184767,
              35.6456623
            ],
            [
              -120.618533,
              35.6457015
            ],
            [
              -120.6185759,
              35.6457713
            ],
            [
              -120.6186215,
              35.6458018
            ],
            [
              -120.6186939,
              35.6458628
            ],
            [
              -120.6187663,
              35.6459217
            ],
            [
              -120.6188361,
              35.6459565
            ],
            [
              -120.6189085,
              35.6460045
            ],
            [
              -120.6189629,
              35.6460505
            ],
            [
              -120.6190238,
              35.646059
            ],
            [
              -120.6190748,
              35.6460742
            ],
            [
              -120.6191579,
              35.6460677
            ],
            [
              -120.619217,
              35.6460546
            ]
          ],
          [
            [
              -120.6181176,
              35.6453656
            ],
            [
              -120.6180843,
              35.6453627
            ],
            [
              -120.6180346,
              35.6453429
            ],
            [
              -120.6179913,
              35.6452996
            ],
            [
              -120.617976,
              35.645238
            ],
            [
              -120.6179715,
              35.645164
            ],
            [
              -120.6179805,
              35.6451383
            ],
            [
              -120.6180139,
              35.64512
            ],
            [
              -120.6180427,
              35.6451266
            ],
            [
              -120.6180806,
              35.6451544
            ],
            [
              -120.6181086,
              35.6451955
            ],
            [
              -120.6181447,
              35.6452241
            ],
            [
              -120.6181889,
              35.6452468
            ],
            [
              -120.6182223,
              35.6452835
            ],
            [
              -120.6182313,
              35.6453135
            ],
            [
              -120.6182268,
              35.6453473
            ],
            [
              -120.6181979,
              35.6453693
            ],
            [
              -120.6181492,
              35.64537
            ],
            [
              -120.6181176,
              35.6453656
            ]
          ]
        ]
      },
      "id": "relation/19320900"
    },
    {
      "type": "Feature",
      "properties": {
        "@id": "relation/19320901",
        "golf": "fairway",
        "landuse": "grass",
        "mow": "yes",
        "type": "multipolygon"
      },
      "geometry": {
        "type": "Polygon",
        "coordinates": [
          [
            [
              -120.6265696,
              35.6454098
            ],
            [
              -120.6265919,
              35.6454121
            ],
            [
              -120.6266099,
              35.6454203
            ],
            [
              -120.6266377,
              35.645427
            ],
            [
              -120.6266699,
              35.6454292
            ],
            [
              -120.6267059,
              35.6454319
            ],
            [
              -120.6267389,
              35.6454391
            ],
            [
              -120.6267614,
              35.6454464
            ],
            [
              -120.6267867,
              35.6454504
            ],
            [
              -120.6268221,
              35.6454531
            ],
            [
              -120.6268581,
              35.6454602
            ],
            [
              -120.6268931,
              35.6454603
            ],
            [
              -120.626922,
              35.6454517
            ],
            [
              -120.6269339,
              35.645438
            ],
            [
              -120.6269434,
              35.6454231
            ],
            [
              -120.626955,
              35.6453975
            ],
            [
              -120.6269608,
              35.6453747
            ],
            [
              -120.6269663,
              35.6453364
            ],
            [
              -120.6269626,
              35.6453132
            ],
            [
              -120.6269574,
              35.645298
            ],
            [
              -120.6269451,
              35.6452807
            ],
            [
              -120.6269302,
              35.6452685
            ],
            [
              -120.626913,
              35.6452597
            ],
            [
              -120.6268696,
              35.6452501
            ],
            [
              -120.6268272,
              35.6452514
            ],
            [
              -120.6267995,
              35.6452609
            ],
            [
              -120.6267693,
              35.6452772
            ],
            [
              -120.6267358,
              35.6452959
            ],
            [
              -120.6267114,
              35.6453106
            ],
            [
              -120.6266883,
              35.6453267
            ],
            [
              -120.6266627,
              35.6453348
            ],
            [
              -120.6266433,
              35.6453353
            ],
            [
              -120.6266064,
              35.6453338
            ],
            [
              -120.6265728,
              35.6453171
            ],
            [
              -120.6265494,
              35.645292
            ],
            [
              -120.6265269,
              35.6452684
            ],
            [
              -120.6265043,
              35.6452536
            ],
            [
              -120.6264674,
              35.6452389
            ],
            [
              -120.6264327,
              35.6452285
            ],
            [
              -120.6263665,
              35.6452165
            ],
            [
              -120.6262381,
              35.6451959
            ],
            [
              -120.6261418,
              35.6451931
            ],
            [
              -120.6260675,
              35.6452137
            ],
            [
              -120.6260235,
              35.6452398
            ],
            [
              -120.6260083,
              35.6452769
            ],
            [
              -120.6260354,
              35.6453387
            ],
            [
              -120.626054,
              35.645362
            ],
            [
              -120.6261199,
              35.645406
            ],
            [
              -120.6261722,
              35.6454252
            ],
            [
              -120.626228,
              35.6454362
            ],
            [
              -120.6262922,
              35.6454458
            ],
            [
              -120.6263632,
              35.6454375
            ],
            [
              -120.6264122,
              35.6454307
            ],
            [
              -120.6264891,
              35.6454163
            ],
            [
              -120.6265401,
              35.6454071
            ],
            [
              -120.6265696,
              35.6454098
            ]
          ],
          [
            [
              -120.6266861,
              35.6453941
            ],
            [
              -120.6266826,
              35.6453758
            ],
            [
              -120.6266895,
              35.6453604
            ],
            [
              -120.6267085,
              35.6453295
            ],
            [
              -120.626724,
              35.6453197
            ],
            [
              -120.6267361,
              35.6453127
            ],
            [
              -120.6267603,
              35.6452931
            ],
            [
              -120.6267913,
              35.6452734
            ],
            [
              -120.6268414,
              35.6452664
            ],
            [
              -120.6268897,
              35.6452692
            ],
            [
              -120.6269173,
              35.6452889
            ],
            [
              -120.6269398,
              35.6453141
            ],
            [
              -120.626945,
              35.6453366
            ],
            [
              -120.6269432,
              35.6453576
            ],
            [
              -120.6269329,
              35.645387
            ],
            [
              -120.626926,
              35.6454123
            ],
            [
              -120.6269087,
              35.6454291
            ],
            [
              -120.6268845,
              35.6454389
            ],
            [
              -120.6268449,
              35.6454445
            ],
            [
              -120.6267931,
              35.6454417
            ],
            [
              -120.6267517,
              35.6454319
            ],
            [
              -120.6267223,
              35.6454179
            ],
            [
              -120.6267068,
              35.6454109
            ],
            [
              -120.6266861,
              35.6453941
            ]
          ]
        ]
      },
      "id": "relation/19320901"
    },
    {
      "type": "Feature",
      "properties": {
        "@id": "relation/19320902",
        "golf": "fairway",
        "landuse": "grass",
        "mow": "yes",
        "type": "multipolygon"
      },
      "geometry": {
        "type": "Polygon",
        "coordinates": [
          [
            [
              -120.6188579,
              35.6465135
            ],
            [
              -120.6188353,
              35.6465719
            ],
            [
              -120.6188353,
              35.6466273
            ],
            [
              -120.6188523,
              35.6466999
            ],
            [
              -120.6188949,
              35.6467622
            ],
            [
              -120.6189332,
              35.6468037
            ],
            [
              -120.6190056,
              35.6468314
            ],
            [
              -120.6190823,
              35.6468383
            ],
            [
              -120.6191717,
              35.6468522
            ],
            [
              -120.6192398,
              35.6468971
            ],
            [
              -120.6192781,
              35.646949
            ],
            [
              -120.6193207,
              35.6470355
            ],
            [
              -120.6193164,
              35.6471566
            ],
            [
              -120.6193718,
              35.6472327
            ],
            [
              -120.6194399,
              35.6472812
            ],
            [
              -120.6195293,
              35.6473469
            ],
            [
              -120.619623,
              35.6474369
            ],
            [
              -120.6197081,
              35.6475095
            ],
            [
              -120.6197644,
              35.6475562
            ],
            [
              -120.6198041,
              35.6475759
            ],
            [
              -120.6198357,
              35.6475867
            ],
            [
              -120.6198767,
              35.6475912
            ],
            [
              -120.6199218,
              35.6475864
            ],
            [
              -120.6199531,
              35.6475787
            ],
            [
              -120.6199856,
              35.6475803
            ],
            [
              -120.6200068,
              35.6475861
            ],
            [
              -120.6200428,
              35.6475935
            ],
            [
              -120.6200691,
              35.6475974
            ],
            [
              -120.620099,
              35.6476034
            ],
            [
              -120.6201233,
              35.6476137
            ],
            [
              -120.6201431,
              35.6476259
            ],
            [
              -120.62017,
              35.6476437
            ],
            [
              -120.6201845,
              35.6476656
            ],
            [
              -120.620203,
              35.647696
            ],
            [
              -120.6202173,
              35.6477247
            ],
            [
              -120.6202355,
              35.647762
            ],
            [
              -120.6202469,
              35.6477875
            ],
            [
              -120.6202615,
              35.6478048
            ],
            [
              -120.6202802,
              35.6478174
            ],
            [
              -120.620301,
              35.6478242
            ],
            [
              -120.620324,
              35.6478293
            ],
            [
              -120.6203512,
              35.6478327
            ],
            [
              -120.6203824,
              35.6478347
            ],
            [
              -120.6204053,
              35.647835
            ],
            [
              -120.6204324,
              35.6478322
            ],
            [
              -120.6204641,
              35.6478027
            ],
            [
              -120.6204689,
              35.6477838
            ],
            [
              -120.6204651,
              35.6477592
            ],
            [
              -120.6204592,
              35.6477392
            ],
            [
              -120.6204524,
              35.6477181
            ],
            [
              -120.6204437,
              35.6476945
            ],
            [
              -120.6204348,
              35.647674
            ],
            [
              -120.6204221,
              35.6476528
            ],
            [
              -120.6204022,
              35.6476431
            ],
            [
              -120.6203746,
              35.6476289
            ],
            [
              -120.6203421,
              35.6476168
            ],
            [
              -120.620301,
              35.6475972
            ],
            [
              -120.6202742,
              35.647579
            ],
            [
              -120.6202421,
              35.647569
            ],
            [
              -120.6202125,
              35.6475497
            ],
            [
              -120.6201905,
              35.6475299
            ],
            [
              -120.6201712,
              35.6475057
            ],
            [
              -120.6201605,
              35.6474784
            ],
            [
              -120.6201477,
              35.6474418
            ],
            [
              -120.6201547,
              35.6474066
            ],
            [
              -120.6201672,
              35.6473762
            ],
            [
              -120.620176,
              35.6473468
            ],
            [
              -120.6201765,
              35.6473123
            ],
            [
              -120.6201211,
              35.6472431
            ],
            [
              -120.6200488,
              35.6471912
            ],
            [
              -120.6199934,
              35.6471047
            ],
            [
              -120.6199594,
              35.6470424
            ],
            [
              -120.6198997,
              35.6469871
            ],
            [
              -120.6197933,
              35.6469317
            ],
            [
              -120.6196911,
              35.6468937
            ],
            [
              -120.6196017,
              35.6468556
            ],
            [
              -120.6195378,
              35.6467587
            ],
            [
              -120.619491,
              35.6466895
            ],
            [
              -120.6194527,
              35.6465927
            ],
            [
              -120.6193675,
              35.6465165
            ],
            [
              -120.6192228,
              35.6464473
            ],
            [
              -120.6191334,
              35.6464127
            ],
            [
              -120.6190099,
              35.6464093
            ],
            [
              -120.6189418,
              35.6464335
            ],
            [
              -120.6188992,
              35.6464577
            ],
            [
              -120.6188579,
              35.6465135
            ]
          ],
          [
            [
              -120.6201856,
              35.6476165
            ],
            [
              -120.6201926,
              35.647605
            ],
            [
              -120.6202087,
              35.6475919
            ],
            [
              -120.6202359,
              35.6475865
            ],
            [
              -120.6202719,
              35.6475935
            ],
            [
              -120.6202915,
              35.6476069
            ],
            [
              -120.6203048,
              35.6476167
            ],
            [
              -120.6203276,
              35.6476272
            ],
            [
              -120.620346,
              35.6476358
            ],
            [
              -120.6203633,
              35.6476376
            ],
            [
              -120.6203838,
              35.6476478
            ],
            [
              -120.6204015,
              35.6476606
            ],
            [
              -120.6204145,
              35.647679
            ],
            [
              -120.6204228,
              35.6476955
            ],
            [
              -120.6204295,
              35.6477127
            ],
            [
              -120.6204359,
              35.6477324
            ],
            [
              -120.6204423,
              35.6477488
            ],
            [
              -120.6204476,
              35.6477679
            ],
            [
              -120.6204464,
              35.6477836
            ],
            [
              -120.6204417,
              35.6478003
            ],
            [
              -120.6204304,
              35.6478115
            ],
            [
              -120.6204107,
              35.6478165
            ],
            [
              -120.620392,
              35.6478172
            ],
            [
              -120.6203712,
              35.6478186
            ],
            [
              -120.6203459,
              35.6478151
            ],
            [
              -120.6203231,
              35.6478115
            ],
            [
              -120.6202967,
              35.6478065
            ],
            [
              -120.6202754,
              35.6478001
            ],
            [
              -120.6202592,
              35.6477853
            ],
            [
              -120.6202467,
              35.6477684
            ],
            [
              -120.6202385,
              35.6477465
            ],
            [
              -120.6202274,
              35.6477199
            ],
            [
              -120.6202163,
              35.6477045
            ],
            [
              -120.6202065,
              35.6476801
            ],
            [
              -120.6201976,
              35.6476619
            ],
            [
              -120.6201889,
              35.6476408
            ],
            [
              -120.6201856,
              35.6476165
            ]
          ]
        ]
      },
      "id": "relation/19320902"
    },
    {
      "type": "Feature",
      "properties": {
        "@id": "relation/19320903",
        "golf": "fairway",
        "landuse": "grass",
        "mow": "yes",
        "type": "multipolygon"
      },
      "geometry": {
        "type": "Polygon",
        "coordinates": [
          [
            [
              -120.619763,
              35.6498977
            ],
            [
              -120.6198396,
              35.6498405
            ],
            [
              -120.6198638,
              35.6497882
            ],
            [
              -120.6198933,
              35.6497141
            ],
            [
              -120.6198745,
              35.6496378
            ],
            [
              -120.6198611,
              35.6495703
            ],
            [
              -120.6198879,
              35.6494874
            ],
            [
              -120.6198986,
              35.6493436
            ],
            [
              -120.6198477,
              35.6492738
            ],
            [
              -120.6197994,
              35.6492194
            ],
            [
              -120.6197323,
              35.6491714
            ],
            [
              -120.6196572,
              35.6491387
            ],
            [
              -120.6195768,
              35.6490951
            ],
            [
              -120.619499,
              35.6490428
            ],
            [
              -120.6194078,
              35.648997
            ],
            [
              -120.6193166,
              35.6489643
            ],
            [
              -120.6192227,
              35.6489273
            ],
            [
              -120.6191127,
              35.6488793
            ],
            [
              -120.6190001,
              35.6488423
            ],
            [
              -120.6189089,
              35.64879
            ],
            [
              -120.6188311,
              35.6487398
            ],
            [
              -120.6187721,
              35.6486919
            ],
            [
              -120.6186782,
              35.6486243
            ],
            [
              -120.618579,
              35.6485698
            ],
            [
              -120.6184529,
              35.6485197
            ],
            [
              -120.6182947,
              35.6484805
            ],
            [
              -120.6182115,
              35.6484543
            ],
            [
              -120.6181203,
              35.64845
            ],
            [
              -120.6180345,
              35.6484412
            ],
            [
              -120.6179192,
              35.6484412
            ],
            [
              -120.6178521,
              35.6484456
            ],
            [
              -120.6177743,
              35.6484456
            ],
            [
              -120.6177153,
              35.6484391
            ],
            [
              -120.6176536,
              35.6484282
            ],
            [
              -120.6176053,
              35.6483889
            ],
            [
              -120.617541,
              35.6483562
            ],
            [
              -120.6174549,
              35.6483346
            ],
            [
              -120.6174368,
              35.648338
            ],
            [
              -120.6173932,
              35.6483406
            ],
            [
              -120.6173485,
              35.6483519
            ],
            [
              -120.6172888,
              35.6483562
            ],
            [
              -120.6172282,
              35.6483501
            ],
            [
              -120.6171526,
              35.6483328
            ],
            [
              -120.616994,
              35.6483216
            ],
            [
              -120.6169131,
              35.6483233
            ],
            [
              -120.6168631,
              35.6483276
            ],
            [
              -120.6168237,
              35.6483346
            ],
            [
              -120.6167896,
              35.648357
            ],
            [
              -120.6167449,
              35.6483864
            ],
            [
              -120.616713,
              35.6484193
            ],
            [
              -120.616663,
              35.6484747
            ],
            [
              -120.6166332,
              35.648524
            ],
            [
              -120.6166033,
              35.6485612
            ],
            [
              -120.61657,
              35.6485997
            ],
            [
              -120.6165411,
              35.6486105
            ],
            [
              -120.6164879,
              35.648619
            ],
            [
              -120.6164541,
              35.6486209
            ],
            [
              -120.6164316,
              35.6486179
            ],
            [
              -120.6164005,
              35.6486106
            ],
            [
              -120.6163593,
              35.6485869
            ],
            [
              -120.6163326,
              35.6485808
            ],
            [
              -120.6163092,
              35.6485768
            ],
            [
              -120.6162678,
              35.6485766
            ],
            [
              -120.6162403,
              35.6485854
            ],
            [
              -120.6162201,
              35.6485965
            ],
            [
              -120.6161972,
              35.6486104
            ],
            [
              -120.6161865,
              35.6486451
            ],
            [
              -120.6161859,
              35.6486625
            ],
            [
              -120.61619,
              35.648682
            ],
            [
              -120.6161978,
              35.6487443
            ],
            [
              -120.616207,
              35.6488005
            ],
            [
              -120.6162404,
              35.6488354
            ],
            [
              -120.6162696,
              35.6488512
            ],
            [
              -120.6162967,
              35.6488567
            ],
            [
              -120.6163555,
              35.6488517
            ],
            [
              -120.6164035,
              35.6488375
            ],
            [
              -120.6164426,
              35.6488106
            ],
            [
              -120.616463,
              35.6487821
            ],
            [
              -120.6165015,
              35.6487294
            ],
            [
              -120.6165295,
              35.6487074
            ],
            [
              -120.6165507,
              35.6486962
            ],
            [
              -120.6166022,
              35.6486841
            ],
            [
              -120.6166449,
              35.6486887
            ],
            [
              -120.6166821,
              35.648697
            ],
            [
              -120.6167268,
              35.6487125
            ],
            [
              -120.6167641,
              35.6487324
            ],
            [
              -120.6168077,
              35.6487471
            ],
            [
              -120.6168503,
              35.6487593
            ],
            [
              -120.6168854,
              35.648761
            ],
            [
              -120.6169333,
              35.6487471
            ],
            [
              -120.6169674,
              35.6487221
            ],
            [
              -120.6169887,
              35.6487013
            ],
            [
              -120.6170196,
              35.6486696
            ],
            [
              -120.6170464,
              35.6486456
            ],
            [
              -120.6170934,
              35.648602
            ],
            [
              -120.6171363,
              35.648578
            ],
            [
              -120.6172006,
              35.6485639
            ],
            [
              -120.617269,
              35.6485617
            ],
            [
              -120.6173415,
              35.6485671
            ],
            [
              -120.6173938,
              35.648577
            ],
            [
              -120.6174273,
              35.648578
            ],
            [
              -120.6174622,
              35.6485955
            ],
            [
              -120.6175265,
              35.648626
            ],
            [
              -120.617615,
              35.6486609
            ],
            [
              -120.6176794,
              35.6486674
            ],
            [
              -120.6177559,
              35.6486565
            ],
            [
              -120.6178243,
              35.6486402
            ],
            [
              -120.6179275,
              35.6486511
            ],
            [
              -120.6179543,
              35.6486532
            ],
            [
              -120.6180348,
              35.6486772
            ],
            [
              -120.6180858,
              35.6487088
            ],
            [
              -120.618185,
              35.6487448
            ],
            [
              -120.6182519,
              35.648754
            ],
            [
              -120.6182873,
              35.6487526
            ],
            [
              -120.6183439,
              35.6487451
            ],
            [
              -120.6183786,
              35.6487533
            ],
            [
              -120.6184006,
              35.6487568
            ],
            [
              -120.6184242,
              35.6487616
            ],
            [
              -120.6184487,
              35.6487657
            ],
            [
              -120.6184757,
              35.6487918
            ],
            [
              -120.6184817,
              35.6488172
            ],
            [
              -120.6184791,
              35.6488481
            ],
            [
              -120.6184644,
              35.6489013
            ],
            [
              -120.6184644,
              35.6489566
            ],
            [
              -120.6185027,
              35.6489877
            ],
            [
              -120.6186006,
              35.6490431
            ],
            [
              -120.6187411,
              35.6491296
            ],
            [
              -120.6188433,
              35.6491953
            ],
            [
              -120.6189753,
              35.6492888
            ],
            [
              -120.6191286,
              35.6494271
            ],
            [
              -120.6192052,
              35.6494479
            ],
            [
              -120.6192393,
              35.6494341
            ],
            [
              -120.6193457,
              35.6493753
            ],
            [
              -120.6194436,
              35.6493787
            ],
            [
              -120.619516,
              35.6494168
            ],
            [
              -120.6195416,
              35.6494756
            ],
            [
              -120.6195458,
              35.6495482
            ],
            [
              -120.6195075,
              35.6496417
            ],
            [
              -120.6195543,
              35.6497143
            ],
            [
              -120.6195884,
              35.6497662
            ],
            [
              -120.6196438,
              35.6498319
            ],
            [
              -120.6196778,
              35.6498665
            ],
            [
              -120.619763,
              35.6498977
            ]
          ],
          [
            [
              -120.6163855,
              35.6488137
            ],
            [
              -120.6163683,
              35.6488168
            ],
            [
              -120.6163204,
              35.6488277
            ],
            [
              -120.6162764,
              35.6488225
            ],
            [
              -120.6162388,
              35.6487842
            ],
            [
              -120.6162318,
              35.6487375
            ],
            [
              -120.6162228,
              35.6486737
            ],
            [
              -120.616226,
              35.6486276
            ],
            [
              -120.6162796,
              35.6486043
            ],
            [
              -120.6163224,
              35.6486043
            ],
            [
              -120.6163626,
              35.6486219
            ],
            [
              -120.6164257,
              35.6486395
            ],
            [
              -120.6164892,
              35.6486572
            ],
            [
              -120.6164971,
              35.6486949
            ],
            [
              -120.6164627,
              35.6487328
            ],
            [
              -120.6164321,
              35.6487717
            ],
            [
              -120.6163855,
              35.6488137
            ]
          ]
        ]
      },
      "id": "relation/19320903"
    },
    {
      "type": "Feature",
      "properties": {
        "@id": "relation/19320904",
        "golf": "fairway",
        "landuse": "grass",
        "mow": "yes",
        "type": "multipolygon"
      },
      "geometry": {
        "type": "Polygon",
        "coordinates": [
          [
            [
              -120.6158722,
              35.6484459
            ],
            [
              -120.6159187,
              35.6484659
            ],
            [
              -120.6159763,
              35.6484637
            ],
            [
              -120.6160283,
              35.6484481
            ],
            [
              -120.6160557,
              35.6484236
            ],
            [
              -120.6160667,
              35.6483813
            ],
            [
              -120.6160968,
              35.6483256
            ],
            [
              -120.6161132,
              35.6482767
            ],
            [
              -120.6161626,
              35.6482321
            ],
            [
              -120.6162201,
              35.6481965
            ],
            [
              -120.6162858,
              35.6481453
            ],
            [
              -120.6163132,
              35.6481119
            ],
            [
              -120.6163269,
              35.648083
            ],
            [
              -120.6163708,
              35.6480184
            ],
            [
              -120.6163982,
              35.6479583
            ],
            [
              -120.616379,
              35.6478804
            ],
            [
              -120.6163461,
              35.6478225
            ],
            [
              -120.6162831,
              35.6477557
            ],
            [
              -120.616273,
              35.6477373
            ],
            [
              -120.6162673,
              35.647719
            ],
            [
              -120.6162666,
              35.6476964
            ],
            [
              -120.6162741,
              35.6476812
            ],
            [
              -120.616289,
              35.6476579
            ],
            [
              -120.6162993,
              35.6476379
            ],
            [
              -120.6163068,
              35.6476191
            ],
            [
              -120.6163087,
              35.6475939
            ],
            [
              -120.6163039,
              35.6475734
            ],
            [
              -120.6162943,
              35.6475572
            ],
            [
              -120.6162703,
              35.6475454
            ],
            [
              -120.6162495,
              35.6475359
            ],
            [
              -120.616227,
              35.6475321
            ],
            [
              -120.6162045,
              35.6475314
            ],
            [
              -120.6161801,
              35.6475302
            ],
            [
              -120.6161571,
              35.6475349
            ],
            [
              -120.6161318,
              35.6475445
            ],
            [
              -120.6161126,
              35.6475581
            ],
            [
              -120.6160986,
              35.6475711
            ],
            [
              -120.6160939,
              35.6475935
            ],
            [
              -120.6160817,
              35.6476197
            ],
            [
              -120.6160625,
              35.6476408
            ],
            [
              -120.6160486,
              35.6476566
            ],
            [
              -120.616034,
              35.647676
            ],
            [
              -120.6160202,
              35.6477095
            ],
            [
              -120.616026,
              35.6477378
            ],
            [
              -120.6160496,
              35.6477624
            ],
            [
              -120.6160723,
              35.6477764
            ],
            [
              -120.6161043,
              35.6477852
            ],
            [
              -120.6161373,
              35.6477931
            ],
            [
              -120.6161451,
              35.6478061
            ],
            [
              -120.6161637,
              35.6478296
            ],
            [
              -120.616161,
              35.647856
            ],
            [
              -120.6161297,
              35.6478804
            ],
            [
              -120.6160722,
              35.6479205
            ],
            [
              -120.6160064,
              35.6479583
            ],
            [
              -120.6159653,
              35.6480028
            ],
            [
              -120.615927,
              35.6480429
            ],
            [
              -120.6159023,
              35.6480785
            ],
            [
              -120.6158667,
              35.6481409
            ],
            [
              -120.615842,
              35.6481854
            ],
            [
              -120.6158228,
              35.648221
            ],
            [
              -120.6158201,
              35.6482611
            ],
            [
              -120.6158146,
              35.6483034
            ],
            [
              -120.6158338,
              35.6483702
            ],
            [
              -120.6158502,
              35.6484147
            ],
            [
              -120.6158722,
              35.6484459
            ]
          ],
          [
            [
              -120.6160579,
              35.6477473
            ],
            [
              -120.6160441,
              35.6477319
            ],
            [
              -120.6160372,
              35.6477095
            ],
            [
              -120.6160424,
              35.6476912
            ],
            [
              -120.616054,
              35.6476715
            ],
            [
              -120.6160649,
              35.64766
            ],
            [
              -120.616079,
              35.647645
            ],
            [
              -120.6160986,
              35.6476229
            ],
            [
              -120.6161084,
              35.6476026
            ],
            [
              -120.6161182,
              35.6475841
            ],
            [
              -120.6161258,
              35.6475708
            ],
            [
              -120.616141,
              35.6475558
            ],
            [
              -120.6161682,
              35.6475487
            ],
            [
              -120.616204,
              35.6475443
            ],
            [
              -120.6162203,
              35.6475425
            ],
            [
              -120.6162497,
              35.6475478
            ],
            [
              -120.6162682,
              35.6475584
            ],
            [
              -120.6162867,
              35.6475682
            ],
            [
              -120.616291,
              35.6475858
            ],
            [
              -120.6162954,
              35.6476035
            ],
            [
              -120.616291,
              35.6476221
            ],
            [
              -120.616278,
              35.647645
            ],
            [
              -120.6162638,
              35.6476733
            ],
            [
              -120.6162519,
              35.6476998
            ],
            [
              -120.6162432,
              35.6477245
            ],
            [
              -120.6162345,
              35.647744
            ],
            [
              -120.6162095,
              35.6477696
            ],
            [
              -120.6161877,
              35.6477758
            ],
            [
              -120.6161671,
              35.6477802
            ],
            [
              -120.6161432,
              35.6477811
            ],
            [
              -120.616115,
              35.6477721
            ],
            [
              -120.6160579,
              35.6477473
            ]
          ]
        ]
      },
      "id": "relation/19320904"
    },
    {
      "type": "Feature",
      "properties": {
        "@id": "relation/19320905",
        "golf": "fairway",
        "landuse": "grass",
        "mow": "yes",
        "type": "multipolygon"
      },
      "geometry": {
        "type": "Polygon",
        "coordinates": [
          [
            [
              -120.6161855,
              35.6516299
            ],
            [
              -120.6162362,
              35.6516574
            ],
            [
              -120.6162835,
              35.6516794
            ],
            [
              -120.6163274,
              35.6516958
            ],
            [
              -120.616395,
              35.6516958
            ],
            [
              -120.6165133,
              35.6516876
            ],
            [
              -120.6165775,
              35.6516794
            ],
            [
              -120.6166924,
              35.6516958
            ],
            [
              -120.6167769,
              35.6517343
            ],
            [
              -120.616822,
              35.6517576
            ],
            [
              -120.6168641,
              35.6518056
            ],
            [
              -120.6168844,
              35.6518779
            ],
            [
              -120.6168986,
              35.6519045
            ],
            [
              -120.6169088,
              35.6519553
            ],
            [
              -120.6169188,
              35.6520309
            ],
            [
              -120.6169729,
              35.652094
            ],
            [
              -120.6170303,
              35.6521187
            ],
            [
              -120.6171148,
              35.6521352
            ],
            [
              -120.6172061,
              35.6521544
            ],
            [
              -120.6173041,
              35.6521791
            ],
            [
              -120.6174359,
              35.6522121
            ],
            [
              -120.6175778,
              35.6522478
            ],
            [
              -120.6176995,
              35.6522945
            ],
            [
              -120.6177535,
              35.6523192
            ],
            [
              -120.6178752,
              35.6523686
            ],
            [
              -120.6179664,
              35.6523823
            ],
            [
              -120.6180712,
              35.6523906
            ],
            [
              -120.618203,
              35.6524071
            ],
            [
              -120.6183063,
              35.6524275
            ],
            [
              -120.618339,
              35.6524362
            ],
            [
              -120.6183716,
              35.6524493
            ],
            [
              -120.6184097,
              35.6524624
            ],
            [
              -120.6184478,
              35.6524689
            ],
            [
              -120.6185001,
              35.6524673
            ],
            [
              -120.6185385,
              35.6524621
            ],
            [
              -120.6185756,
              35.6524613
            ],
            [
              -120.6186467,
              35.6524726
            ],
            [
              -120.6187178,
              35.652495
            ],
            [
              -120.6187643,
              35.652514
            ],
            [
              -120.6187916,
              35.6525257
            ],
            [
              -120.6188162,
              35.6525361
            ],
            [
              -120.6188518,
              35.6525375
            ],
            [
              -120.6188822,
              35.6525302
            ],
            [
              -120.6189018,
              35.6525121
            ],
            [
              -120.6189081,
              35.6524907
            ],
            [
              -120.618913,
              35.652466
            ],
            [
              -120.6189121,
              35.6524177
            ],
            [
              -120.6188991,
              35.6523727
            ],
            [
              -120.6188889,
              35.6523499
            ],
            [
              -120.6188635,
              35.65233
            ],
            [
              -120.6188348,
              35.6523157
            ],
            [
              -120.6187775,
              35.6523173
            ],
            [
              -120.6187175,
              35.6523341
            ],
            [
              -120.6186573,
              35.6523535
            ],
            [
              -120.6186231,
              35.6523621
            ],
            [
              -120.6185993,
              35.6523631
            ],
            [
              -120.6185721,
              35.6523641
            ],
            [
              -120.6185488,
              35.6523639
            ],
            [
              -120.6185117,
              35.6523579
            ],
            [
              -120.6184888,
              35.6523548
            ],
            [
              -120.6184658,
              35.6523533
            ],
            [
              -120.6184057,
              35.6523541
            ],
            [
              -120.6183449,
              35.6523576
            ],
            [
              -120.618274,
              35.6523302
            ],
            [
              -120.6182106,
              35.6522897
            ],
            [
              -120.6181945,
              35.6522272
            ],
            [
              -120.618181,
              35.6521599
            ],
            [
              -120.6181523,
              35.6520995
            ],
            [
              -120.6180847,
              35.6520336
            ],
            [
              -120.6179867,
              35.6519924
            ],
            [
              -120.6178887,
              35.6519402
            ],
            [
              -120.6177569,
              35.651899
            ],
            [
              -120.6176522,
              35.6518414
            ],
            [
              -120.6175575,
              35.6517892
            ],
            [
              -120.617473,
              35.651726
            ],
            [
              -120.6173548,
              35.6516519
            ],
            [
              -120.61725,
              35.6515997
            ],
            [
              -120.6171216,
              35.6515668
            ],
            [
              -120.6169594,
              35.6515421
            ],
            [
              -120.6168479,
              35.6514981
            ],
            [
              -120.6167397,
              35.6514624
            ],
            [
              -120.6165674,
              35.6514267
            ],
            [
              -120.6164119,
              35.6513828
            ],
            [
              -120.6162801,
              35.6513855
            ],
            [
              -120.6162058,
              35.6513965
            ],
            [
              -120.6161145,
              35.6514789
            ],
            [
              -120.616101,
              35.6515036
            ],
            [
              -120.6161179,
              35.6515558
            ],
            [
              -120.6161855,
              35.6516299
            ]
          ],
          [
            [
              -120.6186063,
              35.6524432
            ],
            [
              -120.618591,
              35.6524293
            ],
            [
              -120.6185964,
              35.6523992
            ],
            [
              -120.618646,
              35.6523684
            ],
            [
              -120.6187741,
              35.6523266
            ],
            [
              -120.6188301,
              35.6523303
            ],
            [
              -120.6188707,
              35.6523494
            ],
            [
              -120.6188839,
              35.6523859
            ],
            [
              -120.6188916,
              35.6524201
            ],
            [
              -120.6188938,
              35.6524599
            ],
            [
              -120.6188933,
              35.6524864
            ],
            [
              -120.6188716,
              35.652515
            ],
            [
              -120.6188472,
              35.6525246
            ],
            [
              -120.6188211,
              35.6525238
            ],
            [
              -120.6187213,
              35.6524826
            ],
            [
              -120.6186063,
              35.6524432
            ]
          ]
        ]
      },
      "id": "relation/19320905"
    },
    {
      "type": "Feature",
      "properties": {
        "@id": "relation/19320906",
        "golf": "fairway",
        "landuse": "grass",
        "mow": "yes",
        "type": "multipolygon"
      },
      "geometry": {
        "type": "Polygon",
        "coordinates": [
          [
            [
              -120.6189082,
              35.6480767
            ],
            [
              -120.6188564,
              35.6480206
            ],
            [
              -120.6188012,
              35.6479701
            ],
            [
              -120.618708,
              35.6478888
            ],
            [
              -120.6186045,
              35.6478214
            ],
            [
              -120.6184664,
              35.647785
            ],
            [
              -120.6183973,
              35.6477878
            ],
            [
              -120.618242,
              35.6477373
            ],
            [
              -120.618097,
              35.6476952
            ],
            [
              -120.6179969,
              35.6476503
            ],
            [
              -120.6179383,
              35.6476195
            ],
            [
              -120.6178451,
              35.6475494
            ],
            [
              -120.6177622,
              35.6475634
            ],
            [
              -120.6177105,
              35.6475718
            ],
            [
              -120.6175586,
              35.6475942
            ],
            [
              -120.6174412,
              35.6475774
            ],
            [
              -120.6172928,
              35.6476027
            ],
            [
              -120.617279,
              35.647712
            ],
            [
              -120.6173101,
              35.6477878
            ],
            [
              -120.6173756,
              35.6478579
            ],
            [
              -120.6174585,
              35.6478775
            ],
            [
              -120.6175482,
              35.6478467
            ],
            [
              -120.6176276,
              35.6478102
            ],
            [
              -120.6177139,
              35.6477794
            ],
            [
              -120.6178037,
              35.6478046
            ],
            [
              -120.6178796,
              35.6478635
            ],
            [
              -120.6179866,
              35.6479617
            ],
            [
              -120.6180832,
              35.6480262
            ],
            [
              -120.6181592,
              35.6480571
            ],
            [
              -120.6182317,
              35.6480935
            ],
            [
              -120.6183076,
              35.648116
            ],
            [
              -120.6184043,
              35.648116
            ],
            [
              -120.6185113,
              35.6480963
            ],
            [
              -120.6186045,
              35.6481047
            ],
            [
              -120.6186666,
              35.6481412
            ],
            [
              -120.6187184,
              35.6481889
            ],
            [
              -120.6187577,
              35.6482282
            ],
            [
              -120.6188073,
              35.648259
            ],
            [
              -120.6188754,
              35.6482877
            ],
            [
              -120.6189087,
              35.6482913
            ],
            [
              -120.6189419,
              35.6482934
            ],
            [
              -120.6189716,
              35.6482973
            ],
            [
              -120.6190039,
              35.6483075
            ],
            [
              -120.6190237,
              35.6483262
            ],
            [
              -120.6190306,
              35.6483397
            ],
            [
              -120.6190392,
              35.6483546
            ],
            [
              -120.6190426,
              35.6483698
            ],
            [
              -120.6190443,
              35.6483919
            ],
            [
              -120.6190459,
              35.6484126
            ],
            [
              -120.6190562,
              35.648439
            ],
            [
              -120.6190781,
              35.6484705
            ],
            [
              -120.6190951,
              35.6484866
            ],
            [
              -120.6191207,
              35.6484985
            ],
            [
              -120.6191446,
              35.648503
            ],
            [
              -120.6191668,
              35.6485061
            ],
            [
              -120.6191864,
              35.648505
            ],
            [
              -120.6192077,
              35.6485082
            ],
            [
              -120.6192241,
              35.6485133
            ],
            [
              -120.6192518,
              35.6485221
            ],
            [
              -120.6192708,
              35.6485313
            ],
            [
              -120.6192883,
              35.6485427
            ],
            [
              -120.6193093,
              35.6485515
            ],
            [
              -120.6193293,
              35.6485555
            ],
            [
              -120.6193511,
              35.6485504
            ],
            [
              -120.6193729,
              35.6485398
            ],
            [
              -120.6193777,
              35.6485269
            ],
            [
              -120.6193819,
              35.648512
            ],
            [
              -120.6193822,
              35.6484969
            ],
            [
              -120.6193772,
              35.6484802
            ],
            [
              -120.6193669,
              35.6484641
            ],
            [
              -120.6193497,
              35.6484484
            ],
            [
              -120.6193282,
              35.6484321
            ],
            [
              -120.6193045,
              35.6484156
            ],
            [
              -120.6192736,
              35.6483982
            ],
            [
              -120.6192452,
              35.6483803
            ],
            [
              -120.6192173,
              35.6483623
            ],
            [
              -120.6191929,
              35.6483491
            ],
            [
              -120.6190823,
              35.648263
            ],
            [
              -120.618991,
              35.6481917
            ],
            [
              -120.6189496,
              35.6481356
            ],
            [
              -120.6189082,
              35.6480767
            ]
          ],
          [
            [
              -120.6191306,
              35.6483424
            ],
            [
              -120.6191581,
              35.6483504
            ],
            [
              -120.6191839,
              35.6483599
            ],
            [
              -120.6192174,
              35.6483809
            ],
            [
              -120.6192629,
              35.6484062
            ],
            [
              -120.6193091,
              35.6484331
            ],
            [
              -120.6193263,
              35.6484449
            ],
            [
              -120.6193427,
              35.6484588
            ],
            [
              -120.6193582,
              35.6484754
            ],
            [
              -120.6193641,
              35.6484934
            ],
            [
              -120.6193632,
              35.6485077
            ],
            [
              -120.6193598,
              35.648522
            ],
            [
              -120.6193383,
              35.6485357
            ],
            [
              -120.6193196,
              35.6485358
            ],
            [
              -120.6192895,
              35.6485236
            ],
            [
              -120.6192725,
              35.6485152
            ],
            [
              -120.6192469,
              35.6485046
            ],
            [
              -120.6192161,
              35.6484973
            ],
            [
              -120.6191757,
              35.6484893
            ],
            [
              -120.6191509,
              35.6484853
            ],
            [
              -120.6191209,
              35.6484826
            ],
            [
              -120.6190964,
              35.6484712
            ],
            [
              -120.619086,
              35.6484528
            ],
            [
              -120.619073,
              35.6484338
            ],
            [
              -120.6190664,
              35.6484144
            ],
            [
              -120.6190598,
              35.6483894
            ],
            [
              -120.6190669,
              35.6483711
            ],
            [
              -120.6190757,
              35.6483515
            ],
            [
              -120.6191014,
              35.6483417
            ],
            [
              -120.6191306,
              35.6483424
            ]
          ]
        ]
      },
      "id": "relation/19320906"
    },
    {
      "type": "Feature",
      "properties": {
        "@id": "relation/19320907",
        "golf": "fairway",
        "landuse": "grass",
        "mow": "yes",
        "type": "multipolygon"
      },
      "geometry": {
        "type": "Polygon",
        "coordinates": [
          [
            [
              -120.6155988,
              35.6462051
            ],
            [
              -120.6155688,
              35.6462138
            ],
            [
              -120.6155325,
              35.6462365
            ],
            [
              -120.6155097,
              35.6462598
            ],
            [
              -120.6154903,
              35.6462797
            ],
            [
              -120.6154691,
              35.6463168
            ],
            [
              -120.6154772,
              35.6463616
            ],
            [
              -120.6154941,
              35.6464166
            ],
            [
              -120.6155008,
              35.646466
            ],
            [
              -120.6155211,
              35.6465264
            ],
            [
              -120.6155346,
              35.6465731
            ],
            [
              -120.615538,
              35.6466417
            ],
            [
              -120.6155481,
              35.6467022
            ],
            [
              -120.6155279,
              35.6467955
            ],
            [
              -120.615511,
              35.6468779
            ],
            [
              -120.6155177,
              35.6469411
            ],
            [
              -120.6155481,
              35.6469685
            ],
            [
              -120.6156157,
              35.6469987
            ],
            [
              -120.615663,
              35.6470235
            ],
            [
              -120.6157036,
              35.6470674
            ],
            [
              -120.6157036,
              35.6471223
            ],
            [
              -120.6156901,
              35.647191
            ],
            [
              -120.6156698,
              35.6472404
            ],
            [
              -120.6156157,
              35.6473146
            ],
            [
              -120.615565,
              35.6473722
            ],
            [
              -120.6155144,
              35.6474244
            ],
            [
              -120.6154637,
              35.6474903
            ],
            [
              -120.6154197,
              35.6475864
            ],
            [
              -120.6153792,
              35.6476661
            ],
            [
              -120.6153251,
              35.6477347
            ],
            [
              -120.6152812,
              35.6478171
            ],
            [
              -120.6152474,
              35.6478748
            ],
            [
              -120.6152136,
              35.6479517
            ],
            [
              -120.6152001,
              35.648034
            ],
            [
              -120.6152204,
              35.6480862
            ],
            [
              -120.6152609,
              35.6481384
            ],
            [
              -120.6152981,
              35.6482043
            ],
            [
              -120.6152744,
              35.6483361
            ],
            [
              -120.6152271,
              35.6484158
            ],
            [
              -120.6151696,
              35.648527
            ],
            [
              -120.6151629,
              35.6485833
            ],
            [
              -120.6151747,
              35.6486258
            ],
            [
              -120.615171,
              35.6486812
            ],
            [
              -120.6151589,
              35.6487216
            ],
            [
              -120.6151267,
              35.648757
            ],
            [
              -120.6150963,
              35.6487855
            ],
            [
              -120.6150717,
              35.6488055
            ],
            [
              -120.6150538,
              35.6488311
            ],
            [
              -120.6150462,
              35.6488617
            ],
            [
              -120.6150449,
              35.6488722
            ],
            [
              -120.6150573,
              35.6488935
            ],
            [
              -120.6150689,
              35.6488995
            ],
            [
              -120.6150791,
              35.6489077
            ],
            [
              -120.6151046,
              35.6489203
            ],
            [
              -120.6151236,
              35.6489245
            ],
            [
              -120.615146,
              35.6489255
            ],
            [
              -120.6151645,
              35.6489248
            ],
            [
              -120.615183,
              35.6489242
            ],
            [
              -120.615214,
              35.648918
            ],
            [
              -120.6152381,
              35.6489113
            ],
            [
              -120.6152635,
              35.6489024
            ],
            [
              -120.6152828,
              35.6488934
            ],
            [
              -120.6153035,
              35.6488791
            ],
            [
              -120.6153247,
              35.6488531
            ],
            [
              -120.6153399,
              35.6488255
            ],
            [
              -120.6153502,
              35.6487962
            ],
            [
              -120.6153531,
              35.6487691
            ],
            [
              -120.615356,
              35.6487386
            ],
            [
              -120.6153656,
              35.6487082
            ],
            [
              -120.6153774,
              35.648667
            ],
            [
              -120.6153838,
              35.6486226
            ],
            [
              -120.6153927,
              35.6485476
            ],
            [
              -120.6154096,
              35.6484871
            ],
            [
              -120.6154569,
              35.6484432
            ],
            [
              -120.6154907,
              35.6483746
            ],
            [
              -120.6155313,
              35.6482867
            ],
            [
              -120.6155617,
              35.6482373
            ],
            [
              -120.6156022,
              35.6482043
            ],
            [
              -120.6156326,
              35.6481768
            ],
            [
              -120.6156394,
              35.6481439
            ],
            [
              -120.6156293,
              35.648067
            ],
            [
              -120.6156225,
              35.6480203
            ],
            [
              -120.6156462,
              35.6479462
            ],
            [
              -120.6156799,
              35.6478803
            ],
            [
              -120.6157678,
              35.6477814
            ],
            [
              -120.6158117,
              35.647688
            ],
            [
              -120.6158253,
              35.6476166
            ],
            [
              -120.6158489,
              35.647537
            ],
            [
              -120.6158692,
              35.6474271
            ],
            [
              -120.6158726,
              35.6473173
            ],
            [
              -120.6159097,
              35.6472514
            ],
            [
              -120.6159672,
              35.6471992
            ],
            [
              -120.616028,
              35.6471498
            ],
            [
              -120.6160686,
              35.6470921
            ],
            [
              -120.6160787,
              35.6470482
            ],
            [
              -120.6161024,
              35.6470097
            ],
            [
              -120.6161193,
              35.6469658
            ],
            [
              -120.6160956,
              35.6468889
            ],
            [
              -120.6160213,
              35.6468093
            ],
            [
              -120.6159773,
              35.6467351
            ],
            [
              -120.6159435,
              35.64665
            ],
            [
              -120.6159131,
              35.6465237
            ],
            [
              -120.6158726,
              35.6464632
            ],
            [
              -120.6158084,
              35.6464028
            ],
            [
              -120.6157678,
              35.6463589
            ],
            [
              -120.6157408,
              35.6463095
            ],
            [
              -120.6157137,
              35.646249
            ],
            [
              -120.615663,
              35.6462079
            ],
            [
              -120.6155988,
              35.6462051
            ]
          ],
          [
            [
              -120.61532,
              35.6487301
            ],
            [
              -120.6153258,
              35.6487438
            ],
            [
              -120.6153325,
              35.6487596
            ],
            [
              -120.6153339,
              35.6487715
            ],
            [
              -120.6153339,
              35.6488029
            ],
            [
              -120.6153266,
              35.6488258
            ],
            [
              -120.6153193,
              35.6488393
            ],
            [
              -120.6153067,
              35.648858
            ],
            [
              -120.6152911,
              35.6488741
            ],
            [
              -120.6152691,
              35.6488894
            ],
            [
              -120.6152389,
              35.6489004
            ],
            [
              -120.6152159,
              35.6489038
            ],
            [
              -120.615194,
              35.6489098
            ],
            [
              -120.6151616,
              35.648914
            ],
            [
              -120.6151282,
              35.6489174
            ],
            [
              -120.6151021,
              35.6489064
            ],
            [
              -120.615076,
              35.6488902
            ],
            [
              -120.6150645,
              35.6488724
            ],
            [
              -120.6150655,
              35.648847
            ],
            [
              -120.6150749,
              35.6488275
            ],
            [
              -120.6150916,
              35.6488062
            ],
            [
              -120.6151125,
              35.6487876
            ],
            [
              -120.6151261,
              35.6487715
            ],
            [
              -120.6151449,
              35.648757
            ],
            [
              -120.6151647,
              35.6487392
            ],
            [
              -120.6151825,
              35.6487206
            ],
            [
              -120.6152005,
              35.6487132
            ],
            [
              -120.615214,
              35.6487077
            ],
            [
              -120.6152347,
              35.6486993
            ],
            [
              -120.6152575,
              35.6487035
            ],
            [
              -120.6152937,
              35.6487102
            ],
            [
              -120.615313,
              35.6487138
            ],
            [
              -120.61532,
              35.6487301
            ]
          ]
        ]
      },
      "id": "relation/19320907"
    },
    {
      "type": "Feature",
      "properties": {
        "@id": "relation/19320908",
        "golf": "fairway",
        "landuse": "grass",
        "mow": "yes",
        "type": "multipolygon"
      },
      "geometry": {
        "type": "Polygon",
        "coordinates": [
          [
            [
              -120.6152109,
              35.6509636
            ],
            [
              -120.6152552,
              35.6509511
            ],
            [
              -120.6152924,
              35.6509361
            ],
            [
              -120.6153183,
              35.6509019
            ],
            [
              -120.6153162,
              35.650871
            ],
            [
              -120.6152992,
              35.6508503
            ],
            [
              -120.6152859,
              35.6508372
            ],
            [
              -120.615272,
              35.650821
            ],
            [
              -120.6152552,
              35.6508067
            ],
            [
              -120.6152415,
              35.6507903
            ],
            [
              -120.6152283,
              35.6507765
            ],
            [
              -120.6152126,
              35.6507531
            ],
            [
              -120.6151948,
              35.6507203
            ],
            [
              -120.6151811,
              35.650693
            ],
            [
              -120.6151717,
              35.6506519
            ],
            [
              -120.6151734,
              35.6506165
            ],
            [
              -120.6151948,
              35.6505881
            ],
            [
              -120.6152321,
              35.6505645
            ],
            [
              -120.6152784,
              35.6505353
            ],
            [
              -120.6153011,
              35.6505302
            ],
            [
              -120.6153196,
              35.6505199
            ],
            [
              -120.6153349,
              35.6505061
            ],
            [
              -120.6153396,
              35.6504837
            ],
            [
              -120.6153461,
              35.6504603
            ],
            [
              -120.6153398,
              35.6504369
            ],
            [
              -120.6153208,
              35.6503987
            ],
            [
              -120.6152833,
              35.6503203
            ],
            [
              -120.6152431,
              35.6502374
            ],
            [
              -120.6152055,
              35.6501699
            ],
            [
              -120.6151599,
              35.6500958
            ],
            [
              -120.6151224,
              35.6500631
            ],
            [
              -120.6150499,
              35.6500587
            ],
            [
              -120.6150151,
              35.6500783
            ],
            [
              -120.6149775,
              35.6501176
            ],
            [
              -120.61494,
              35.650183
            ],
            [
              -120.6149212,
              35.6502462
            ],
            [
              -120.6149051,
              35.6502963
            ],
            [
              -120.614897,
              35.650353
            ],
            [
              -120.6149158,
              35.650414
            ],
            [
              -120.6149346,
              35.6504598
            ],
            [
              -120.6149695,
              35.6504881
            ],
            [
              -120.6150097,
              35.650499
            ],
            [
              -120.615058,
              35.6505164
            ],
            [
              -120.6150922,
              35.6505511
            ],
            [
              -120.6151009,
              35.6505788
            ],
            [
              -120.6150991,
              35.6506049
            ],
            [
              -120.6150848,
              35.6506432
            ],
            [
              -120.6150626,
              35.6506731
            ],
            [
              -120.6150375,
              35.6506931
            ],
            [
              -120.6150127,
              35.6507175
            ],
            [
              -120.6149972,
              35.6507369
            ],
            [
              -120.6149876,
              35.6507568
            ],
            [
              -120.6149874,
              35.6507792
            ],
            [
              -120.6149914,
              35.6507963
            ],
            [
              -120.6150035,
              35.6508167
            ],
            [
              -120.6150235,
              35.6508385
            ],
            [
              -120.6150444,
              35.6508579
            ],
            [
              -120.6150755,
              35.6508794
            ],
            [
              -120.6150995,
              35.6508999
            ],
            [
              -120.6151324,
              35.6509253
            ],
            [
              -120.6151774,
              35.6509527
            ],
            [
              -120.6152109,
              35.6509636
            ]
          ],
          [
            [
              -120.6150689,
              35.650688
            ],
            [
              -120.6150825,
              35.6506826
            ],
            [
              -120.6150929,
              35.6506799
            ],
            [
              -120.615112,
              35.6506759
            ],
            [
              -120.6151319,
              35.6506772
            ],
            [
              -120.6151509,
              35.6506846
            ],
            [
              -120.6151584,
              35.6507015
            ],
            [
              -120.6151742,
              35.650725
            ],
            [
              -120.6151824,
              35.6507378
            ],
            [
              -120.6151949,
              35.6507587
            ],
            [
              -120.6152048,
              35.6507789
            ],
            [
              -120.6152139,
              35.6507924
            ],
            [
              -120.6152272,
              35.6508005
            ],
            [
              -120.6152454,
              35.6508166
            ],
            [
              -120.6152595,
              35.6508294
            ],
            [
              -120.6152769,
              35.6508415
            ],
            [
              -120.6152935,
              35.6508557
            ],
            [
              -120.6152976,
              35.6508703
            ],
            [
              -120.6152963,
              35.6508897
            ],
            [
              -120.6152935,
              35.6508981
            ],
            [
              -120.6152877,
              35.6509075
            ],
            [
              -120.6152794,
              35.6509156
            ],
            [
              -120.6152614,
              35.6509252
            ],
            [
              -120.6152471,
              35.6509298
            ],
            [
              -120.6152313,
              35.6509338
            ],
            [
              -120.6152131,
              35.6509351
            ],
            [
              -120.6151891,
              35.6509318
            ],
            [
              -120.6151733,
              35.6509277
            ],
            [
              -120.6151559,
              35.6509197
            ],
            [
              -120.6151427,
              35.6509109
            ],
            [
              -120.6151253,
              35.6508994
            ],
            [
              -120.6151112,
              35.6508907
            ],
            [
              -120.6150971,
              35.6508806
            ],
            [
              -120.6150838,
              35.6508732
            ],
            [
              -120.6150656,
              35.650859
            ],
            [
              -120.6150532,
              35.6508469
            ],
            [
              -120.615044,
              35.6508355
            ],
            [
              -120.6150349,
              35.650822
            ],
            [
              -120.6150266,
              35.6508119
            ],
            [
              -120.6150137,
              35.6507973
            ],
            [
              -120.6150051,
              35.6507829
            ],
            [
              -120.6150051,
              35.6507648
            ],
            [
              -120.6150076,
              35.6507533
            ],
            [
              -120.6150134,
              35.6507365
            ],
            [
              -120.61502,
              35.6507257
            ],
            [
              -120.6150324,
              35.6507149
            ],
            [
              -120.6150457,
              35.6507055
            ],
            [
              -120.6150548,
              35.6506954
            ],
            [
              -120.6150689,
              35.650688
            ]
          ]
        ]
      },
      "id": "relation/19320908"
    },
    {
      "type": "Feature",
      "properties": {
        "@id": "way/252195437",
        "golf": "fairway",
        "landuse": "grass",
        "mow": "yes"
      },
      "geometry": {
        "type": "Polygon",
        "coordinates": [
          [
            [
              -120.6154022,
              35.6513734
            ],
            [
              -120.6154124,
              35.6513698
            ],
            [
              -120.6154232,
              35.6513616
            ],
            [
              -120.6154309,
              35.6513505
            ],
            [
              -120.6154327,
              35.6513405
            ],
            [
              -120.6154309,
              35.651327
            ],
            [
              -120.615426,
              35.6513153
            ],
            [
              -120.6154134,
              35.6513012
            ],
            [
              -120.615397,
              35.6512901
            ],
            [
              -120.6153782,
              35.6512811
            ],
            [
              -120.6153574,
              35.6512737
            ],
            [
              -120.6153345,
              35.6512673
            ],
            [
              -120.6153105,
              35.6512623
            ],
            [
              -120.6152825,
              35.6512605
            ],
            [
              -120.6152585,
              35.6512592
            ],
            [
              -120.6152296,
              35.6512572
            ],
            [
              -120.615206,
              35.6512557
            ],
            [
              -120.6151924,
              35.6512571
            ],
            [
              -120.6151809,
              35.6512619
            ],
            [
              -120.6151708,
              35.651268
            ],
            [
              -120.6151678,
              35.651283
            ],
            [
              -120.6151712,
              35.6512958
            ],
            [
              -120.6151814,
              35.6513052
            ],
            [
              -120.6151961,
              35.651314
            ],
            [
              -120.6152271,
              35.6513265
            ],
            [
              -120.615264,
              35.6513406
            ],
            [
              -120.6153152,
              35.6513584
            ],
            [
              -120.6153416,
              35.6513667
            ],
            [
              -120.6153587,
              35.6513718
            ],
            [
              -120.6153774,
              35.6513753
            ],
            [
              -120.6153917,
              35.6513753
            ],
            [
              -120.6154022,
              35.6513734
            ]
          ]
        ]
      },
      "id": "way/252195437"
    },
    {
      "type": "Feature",
      "properties": {
        "@id": "way/252195440",
        "golf": "fairway",
        "landuse": "grass",
        "mow": "yes"
      },
      "geometry": {
        "type": "Polygon",
        "coordinates": [
          [
            [
              -120.6183882,
              35.6517218
            ],
            [
              -120.6184109,
              35.6517135
            ],
            [
              -120.6184246,
              35.6516975
            ],
            [
              -120.6184223,
              35.6516762
            ],
            [
              -120.6184121,
              35.6516479
            ],
            [
              -120.6183913,
              35.6516169
            ],
            [
              -120.6183648,
              35.6515987
            ],
            [
              -120.6183424,
              35.6515912
            ],
            [
              -120.618321,
              35.651591
            ],
            [
              -120.6183052,
              35.651596
            ],
            [
              -120.6182924,
              35.6516035
            ],
            [
              -120.6182842,
              35.6516171
            ],
            [
              -120.6182792,
              35.6516332
            ],
            [
              -120.6182791,
              35.6516547
            ],
            [
              -120.6182934,
              35.651674
            ],
            [
              -120.6183152,
              35.6516947
            ],
            [
              -120.6183396,
              35.6517123
            ],
            [
              -120.6183636,
              35.6517219
            ],
            [
              -120.6183882,
              35.6517218
            ]
          ]
        ]
      },
      "id": "way/252195440"
    },
    {
      "type": "Feature",
      "properties": {
        "@id": "way/252195442",
        "golf": "green",
        "landuse": "grass",
        "leisure": "pitch",
        "sport": "golf",
        "@relations": [
          {
            "role": "inner",
            "rel": 14087782,
            "reltags": {
              "golf": "fairway",
              "landuse": "grass",
              "mow": "yes",
              "type": "multipolygon"
            }
          }
        ]
      },
      "geometry": {
        "type": "Polygon",
        "coordinates": [
          [
            [
              -120.6225816,
              35.6479082
            ],
            [
              -120.6225727,
              35.6479538
            ],
            [
              -120.6226199,
              35.6479891
            ],
            [
              -120.6226786,
              35.6480108
            ],
            [
              -120.6227373,
              35.6480025
            ],
            [
              -120.6227526,
              35.6479735
            ],
            [
              -120.622736,
              35.647931
            ],
            [
              -120.6226952,
              35.6478989
            ],
            [
              -120.6226492,
              35.6478843
            ],
            [
              -120.6225944,
              35.6478916
            ],
            [
              -120.6225816,
              35.6479082
            ]
          ]
        ]
      },
      "id": "way/252195442"
    },
    {
      "type": "Feature",
      "properties": {
        "@id": "way/252195443",
        "golf": "fairway",
        "landuse": "grass",
        "mow": "yes"
      },
      "geometry": {
        "type": "Polygon",
        "coordinates": [
          [
            [
              -120.6185309,
              35.6518372
            ],
            [
              -120.6185442,
              35.6518427
            ],
            [
              -120.618562,
              35.6518466
            ],
            [
              -120.6185798,
              35.6518479
            ],
            [
              -120.6185965,
              35.6518454
            ],
            [
              -120.6186079,
              35.6518383
            ],
            [
              -120.6186145,
              35.651828
            ],
            [
              -120.6186183,
              35.6518176
            ],
            [
              -120.6186173,
              35.6518028
            ],
            [
              -120.6186113,
              35.6517928
            ],
            [
              -120.6186041,
              35.6517822
            ],
            [
              -120.6185915,
              35.6517682
            ],
            [
              -120.6185757,
              35.6517584
            ],
            [
              -120.6185606,
              35.6517522
            ],
            [
              -120.6185457,
              35.6517491
            ],
            [
              -120.6185316,
              35.6517485
            ],
            [
              -120.6185181,
              35.6517498
            ],
            [
              -120.6185052,
              35.6517533
            ],
            [
              -120.6184954,
              35.6517593
            ],
            [
              -120.6184909,
              35.6517667
            ],
            [
              -120.6184893,
              35.6517763
            ],
            [
              -120.6184904,
              35.651789
            ],
            [
              -120.6184941,
              35.6518024
            ],
            [
              -120.6185006,
              35.6518131
            ],
            [
              -120.6185101,
              35.6518227
            ],
            [
              -120.6185205,
              35.6518307
            ],
            [
              -120.6185309,
              35.6518372
            ]
          ]
        ]
      },
      "id": "way/252195443"
    },
    {
      "type": "Feature",
      "properties": {
        "@id": "way/252195445",
        "golf": "fairway",
        "landuse": "grass",
        "mow": "yes"
      },
      "geometry": {
        "type": "Polygon",
        "coordinates": [
          [
            [
              -120.6157701,
              35.6459769
            ],
            [
              -120.6157625,
              35.6459613
            ],
            [
              -120.6157517,
              35.6459455
            ],
            [
              -120.6157422,
              35.6459333
            ],
            [
              -120.6157288,
              35.6459228
            ],
            [
              -120.6157149,
              35.6459147
            ],
            [
              -120.6156975,
              35.6459076
            ],
            [
              -120.6156801,
              35.6459089
            ],
            [
              -120.6156617,
              35.6459126
            ],
            [
              -120.6156517,
              35.6459215
            ],
            [
              -120.6156452,
              35.6459319
            ],
            [
              -120.6156432,
              35.645946
            ],
            [
              -120.6156471,
              35.64596
            ],
            [
              -120.6156561,
              35.6459752
            ],
            [
              -120.6156682,
              35.6459908
            ],
            [
              -120.615686,
              35.6460076
            ],
            [
              -120.6157033,
              35.6460212
            ],
            [
              -120.6157182,
              35.6460269
            ],
            [
              -120.615733,
              35.646029
            ],
            [
              -120.6157483,
              35.646027
            ],
            [
              -120.6157593,
              35.6460211
            ],
            [
              -120.6157695,
              35.6460117
            ],
            [
              -120.6157735,
              35.6460019
            ],
            [
              -120.6157739,
              35.6459917
            ],
            [
              -120.6157701,
              35.6459769
            ]
          ]
        ]
      },
      "id": "way/252195445"
    },
    {
      "type": "Feature",
      "properties": {
        "@id": "way/252195446",
        "golf": "fairway",
        "landuse": "grass",
        "mow": "yes"
      },
      "geometry": {
        "type": "Polygon",
        "coordinates": [
          [
            [
              -120.6160066,
              35.6491446
            ],
            [
              -120.6161251,
              35.6491641
            ],
            [
              -120.6162477,
              35.6492161
            ],
            [
              -120.6162924,
              35.6492151
            ],
            [
              -120.6163103,
              35.6491829
            ],
            [
              -120.6162503,
              35.649128
            ],
            [
              -120.6161418,
              35.649101
            ],
            [
              -120.6160563,
              35.6490803
            ],
            [
              -120.6159976,
              35.6490658
            ],
            [
              -120.6159632,
              35.6491021
            ],
            [
              -120.6159798,
              35.6491311
            ],
            [
              -120.6160066,
              35.6491446
            ]
          ]
        ]
      },
      "id": "way/252195446"
    },
    {
      "type": "Feature",
      "properties": {
        "@id": "way/252195451",
        "golf": "fairway",
        "landuse": "grass",
        "mow": "yes"
      },
      "geometry": {
        "type": "Polygon",
        "coordinates": [
          [
            [
              -120.6196276,
              35.6479715
            ],
            [
              -120.619647,
              35.6479691
            ],
            [
              -120.6196674,
              35.6479584
            ],
            [
              -120.6196803,
              35.6479456
            ],
            [
              -120.6196851,
              35.6479249
            ],
            [
              -120.619674,
              35.6478981
            ],
            [
              -120.6196467,
              35.6478743
            ],
            [
              -120.6195762,
              35.6478368
            ],
            [
              -120.6195183,
              35.6478144
            ],
            [
              -120.6194963,
              35.6478083
            ],
            [
              -120.6194767,
              35.6478091
            ],
            [
              -120.6194556,
              35.6478174
            ],
            [
              -120.6194431,
              35.6478294
            ],
            [
              -120.6194368,
              35.647843
            ],
            [
              -120.6194377,
              35.6478585
            ],
            [
              -120.6194443,
              35.6478733
            ],
            [
              -120.619465,
              35.6478933
            ],
            [
              -120.6195122,
              35.6479213
            ],
            [
              -120.6195523,
              35.6479436
            ],
            [
              -120.6195973,
              35.6479645
            ],
            [
              -120.6196276,
              35.6479715
            ]
          ]
        ]
      },
      "id": "way/252195451"
    },
    {
      "type": "Feature",
      "properties": {
        "@id": "way/252195452",
        "golf": "green",
        "landuse": "grass",
        "leisure": "pitch",
        "sport": "golf",
        "@relations": [
          {
            "role": "inner",
            "rel": 19320893,
            "reltags": {
              "golf": "fairway",
              "landuse": "grass",
              "mow": "yes",
              "type": "multipolygon"
            }
          }
        ]
      },
      "geometry": {
        "type": "Polygon",
        "coordinates": [
          [
            [
              -120.6258682,
              35.6477538
            ],
            [
              -120.6258434,
              35.6477502
            ],
            [
              -120.6258134,
              35.6477541
            ],
            [
              -120.6257861,
              35.6477678
            ],
            [
              -120.6257764,
              35.6477831
            ],
            [
              -120.6257623,
              35.6478003
            ],
            [
              -120.6257472,
              35.6478209
            ],
            [
              -120.6257362,
              35.6478398
            ],
            [
              -120.6257304,
              35.6478649
            ],
            [
              -120.6257266,
              35.6478909
            ],
            [
              -120.6257335,
              35.6479246
            ],
            [
              -120.6257404,
              35.6479533
            ],
            [
              -120.6257535,
              35.6479748
            ],
            [
              -120.625779,
              35.6479971
            ],
            [
              -120.6257971,
              35.648011
            ],
            [
              -120.6258257,
              35.6480122
            ],
            [
              -120.6258522,
              35.6480136
            ],
            [
              -120.6258881,
              35.6480075
            ],
            [
              -120.6259165,
              35.6479968
            ],
            [
              -120.6259429,
              35.6479751
            ],
            [
              -120.6259564,
              35.6479534
            ],
            [
              -120.6259605,
              35.6479324
            ],
            [
              -120.6259626,
              35.6479199
            ],
            [
              -120.6259581,
              35.6478918
            ],
            [
              -120.6259569,
              35.6478702
            ],
            [
              -120.6259515,
              35.6478502
            ],
            [
              -120.6259406,
              35.6478219
            ],
            [
              -120.6259344,
              35.6478037
            ],
            [
              -120.6259172,
              35.6477808
            ],
            [
              -120.6258958,
              35.6477635
            ],
            [
              -120.6258682,
              35.6477538
            ]
          ]
        ]
      },
      "id": "way/252195452"
    },
    {
      "type": "Feature",
      "properties": {
        "@id": "way/252195453",
        "golf": "green",
        "landuse": "grass",
        "leisure": "pitch",
        "sport": "golf",
        "@relations": [
          {
            "role": "inner",
            "rel": 14087780,
            "reltags": {
              "golf": "fairway",
              "landuse": "grass",
              "mow": "yes",
              "type": "multipolygon"
            }
          }
        ]
      },
      "geometry": {
        "type": "Polygon",
        "coordinates": [
          [
            [
              -120.6229274,
              35.6482089
            ],
            [
              -120.622981,
              35.6481736
            ],
            [
              -120.6229989,
              35.6481332
            ],
            [
              -120.6229874,
              35.6480948
            ],
            [
              -120.6229517,
              35.6480741
            ],
            [
              -120.6228891,
              35.6480762
            ],
            [
              -120.6228508,
              35.648099
            ],
            [
              -120.622824,
              35.6481311
            ],
            [
              -120.6228049,
              35.6481653
            ],
            [
              -120.6228177,
              35.6482006
            ],
            [
              -120.6228406,
              35.6482213
            ],
            [
              -120.6228789,
              35.6482203
            ],
            [
              -120.6229274,
              35.6482089
            ]
          ]
        ]
      },
      "id": "way/252195453"
    },
    {
      "type": "Feature",
      "properties": {
        "@id": "way/252195456",
        "golf": "green",
        "landuse": "grass",
        "leisure": "pitch",
        "sport": "golf"
      },
      "geometry": {
        "type": "Polygon",
        "coordinates": [
          [
            [
              -120.6194235,
              35.6480479
            ],
            [
              -120.6194018,
              35.6480699
            ],
            [
              -120.6194162,
              35.6481241
            ],
            [
              -120.6194487,
              35.648182
            ],
            [
              -120.6194875,
              35.6482253
            ],
            [
              -120.6195209,
              35.648248
            ],
            [
              -120.6195579,
              35.648248
            ],
            [
              -120.6195958,
              35.6482238
            ],
            [
              -120.6196166,
              35.6481938
            ],
            [
              -120.6196157,
              35.6481542
            ],
            [
              -120.6195913,
              35.6481153
            ],
            [
              -120.6195678,
              35.6480933
            ],
            [
              -120.619511,
              35.6480633
            ],
            [
              -120.6194686,
              35.6480442
            ],
            [
              -120.6194235,
              35.6480479
            ]
          ]
        ]
      },
      "id": "way/252195456"
    },
    {
      "type": "Feature",
      "properties": {
        "@id": "way/252195460",
        "golf": "green",
        "landuse": "grass",
        "leisure": "pitch",
        "sport": "golf",
        "@relations": [
          {
            "role": "inner",
            "rel": 19320895,
            "reltags": {
              "golf": "fairway",
              "landuse": "grass",
              "mow": "yes",
              "type": "multipolygon"
            }
          }
        ]
      },
      "geometry": {
        "type": "Polygon",
        "coordinates": [
          [
            [
              -120.6205049,
              35.6509329
            ],
            [
              -120.620439,
              35.6509608
            ],
            [
              -120.620393,
              35.6509927
            ],
            [
              -120.6203967,
              35.6510498
            ],
            [
              -120.62043,
              35.6510935
            ],
            [
              -120.6204661,
              35.6511265
            ],
            [
              -120.6205058,
              35.6511375
            ],
            [
              -120.6205644,
              35.6511278
            ],
            [
              -120.6205955,
              35.6511069
            ],
            [
              -120.6206122,
              35.6510773
            ],
            [
              -120.620615,
              35.6510121
            ],
            [
              -120.6206021,
              35.6509707
            ],
            [
              -120.6205725,
              35.6509344
            ],
            [
              -120.6205356,
              35.6509241
            ],
            [
              -120.6205049,
              35.6509329
            ]
          ]
        ]
      },
      "id": "way/252195460"
    },
    {
      "type": "Feature",
      "properties": {
        "@id": "way/252195465",
        "golf": "green",
        "landuse": "grass",
        "leisure": "pitch",
        "sport": "golf",
        "@relations": [
          {
            "role": "inner",
            "rel": 19320897,
            "reltags": {
              "golf": "fairway",
              "type": "multipolygon"
            }
          }
        ]
      },
      "geometry": {
        "type": "Polygon",
        "coordinates": [
          [
            [
              -120.6224983,
              35.646607
            ],
            [
              -120.6224442,
              35.6466202
            ],
            [
              -120.6224334,
              35.6466598
            ],
            [
              -120.6224532,
              35.6466972
            ],
            [
              -120.6225326,
              35.6467184
            ],
            [
              -120.6225822,
              35.646736
            ],
            [
              -120.6226291,
              35.6467544
            ],
            [
              -120.6226797,
              35.6467573
            ],
            [
              -120.6227257,
              35.6467397
            ],
            [
              -120.6227419,
              35.6467001
            ],
            [
              -120.6227329,
              35.6466503
            ],
            [
              -120.6227013,
              35.6466077
            ],
            [
              -120.6226508,
              35.6465975
            ],
            [
              -120.6225894,
              35.6466019
            ],
            [
              -120.622547,
              35.646607
            ],
            [
              -120.6224983,
              35.646607
            ]
          ]
        ]
      },
      "id": "way/252195465"
    },
    {
      "type": "Feature",
      "properties": {
        "@id": "way/252195470",
        "golf": "green",
        "landuse": "grass",
        "leisure": "pitch",
        "sport": "golf"
      },
      "geometry": {
        "type": "Polygon",
        "coordinates": [
          [
            [
              -120.6192421,
              35.6480647
            ],
            [
              -120.6192836,
              35.6480288
            ],
            [
              -120.6192755,
              35.6479885
            ],
            [
              -120.6192493,
              35.6479504
            ],
            [
              -120.6192159,
              35.6479159
            ],
            [
              -120.6191717,
              35.6478741
            ],
            [
              -120.6191456,
              35.6478521
            ],
            [
              -120.6190914,
              35.6478389
            ],
            [
              -120.6190526,
              35.6478558
            ],
            [
              -120.6190418,
              35.6478932
            ],
            [
              -120.6190445,
              35.6479555
            ],
            [
              -120.6190707,
              35.6480075
            ],
            [
              -120.6191041,
              35.6480449
            ],
            [
              -120.6191573,
              35.6480677
            ],
            [
              -120.6191997,
              35.6480721
            ],
            [
              -120.6192421,
              35.6480647
            ]
          ]
        ]
      },
      "id": "way/252195470"
    },
    {
      "type": "Feature",
      "properties": {
        "@id": "way/252195473",
        "golf": "green",
        "landuse": "grass",
        "leisure": "pitch",
        "sport": "golf"
      },
      "geometry": {
        "type": "Polygon",
        "coordinates": [
          [
            [
              -120.6201326,
              35.651588
            ],
            [
              -120.6201588,
              35.6516195
            ],
            [
              -120.6202184,
              35.6516386
            ],
            [
              -120.6202626,
              35.6516246
            ],
            [
              -120.6202869,
              35.6515828
            ],
            [
              -120.6202869,
              35.6515476
            ],
            [
              -120.6202752,
              35.6515044
            ],
            [
              -120.6202418,
              35.6514545
            ],
            [
              -120.6202184,
              35.6514179
            ],
            [
              -120.6201868,
              35.6513951
            ],
            [
              -120.6201065,
              35.6513988
            ],
            [
              -120.6200596,
              35.6514259
            ],
            [
              -120.6200379,
              35.6514655
            ],
            [
              -120.6200487,
              35.6515154
            ],
            [
              -120.6200957,
              35.6515586
            ],
            [
              -120.6201326,
              35.651588
            ]
          ]
        ]
      },
      "id": "way/252195473"
    },
    {
      "type": "Feature",
      "properties": {
        "@id": "way/252195474",
        "golf": "green",
        "landuse": "grass",
        "leisure": "pitch",
        "sport": "golf",
        "@relations": [
          {
            "role": "inner",
            "rel": 19320906,
            "reltags": {
              "golf": "fairway",
              "landuse": "grass",
              "mow": "yes",
              "type": "multipolygon"
            }
          }
        ]
      },
      "geometry": {
        "type": "Polygon",
        "coordinates": [
          [
            [
              -120.6191306,
              35.6483424
            ],
            [
              -120.6191014,
              35.6483417
            ],
            [
              -120.6190757,
              35.6483515
            ],
            [
              -120.6190669,
              35.6483711
            ],
            [
              -120.6190598,
              35.6483894
            ],
            [
              -120.6190664,
              35.6484144
            ],
            [
              -120.619073,
              35.6484338
            ],
            [
              -120.619086,
              35.6484528
            ],
            [
              -120.6190964,
              35.6484712
            ],
            [
              -120.6191209,
              35.6484826
            ],
            [
              -120.6191509,
              35.6484853
            ],
            [
              -120.6191757,
              35.6484893
            ],
            [
              -120.6192161,
              35.6484973
            ],
            [
              -120.6192469,
              35.6485046
            ],
            [
              -120.6192725,
              35.6485152
            ],
            [
              -120.6192895,
              35.6485236
            ],
            [
              -120.6193196,
              35.6485358
            ],
            [
              -120.6193383,
              35.6485357
            ],
            [
              -120.6193598,
              35.648522
            ],
            [
              -120.6193632,
              35.6485077
            ],
            [
              -120.6193641,
              35.6484934
            ],
            [
              -120.6193582,
              35.6484754
            ],
            [
              -120.6193427,
              35.6484588
            ],
            [
              -120.6193263,
              35.6484449
            ],
            [
              -120.6193091,
              35.6484331
            ],
            [
              -120.6192629,
              35.6484062
            ],
            [
              -120.6192174,
              35.6483809
            ],
            [
              -120.6191839,
              35.6483599
            ],
            [
              -120.6191581,
              35.6483504
            ],
            [
              -120.6191306,
              35.6483424
            ]
          ]
        ]
      },
      "id": "way/252195474"
    },
    {
      "type": "Feature",
      "properties": {
        "@id": "way/252195476",
        "golf": "green",
        "landuse": "grass",
        "leisure": "pitch",
        "sport": "golf",
        "@relations": [
          {
            "role": "inner",
            "rel": 19320903,
            "reltags": {
              "golf": "fairway",
              "landuse": "grass",
              "mow": "yes",
              "type": "multipolygon"
            }
          }
        ]
      },
      "geometry": {
        "type": "Polygon",
        "coordinates": [
          [
            [
              -120.6163855,
              35.6488137
            ],
            [
              -120.6164321,
              35.6487717
            ],
            [
              -120.6164627,
              35.6487328
            ],
            [
              -120.6164971,
              35.6486949
            ],
            [
              -120.6164892,
              35.6486572
            ],
            [
              -120.6164257,
              35.6486395
            ],
            [
              -120.6163626,
              35.6486219
            ],
            [
              -120.6163224,
              35.6486043
            ],
            [
              -120.6162796,
              35.6486043
            ],
            [
              -120.616226,
              35.6486276
            ],
            [
              -120.6162228,
              35.6486737
            ],
            [
              -120.6162318,
              35.6487375
            ],
            [
              -120.6162388,
              35.6487842
            ],
            [
              -120.6162764,
              35.6488225
            ],
            [
              -120.6163204,
              35.6488277
            ],
            [
              -120.6163683,
              35.6488168
            ],
            [
              -120.6163855,
              35.6488137
            ]
          ]
        ]
      },
      "id": "way/252195476"
    },
    {
      "type": "Feature",
      "properties": {
        "@id": "way/252195479",
        "golf": "green",
        "landuse": "grass",
        "leisure": "pitch",
        "sport": "golf",
        "@relations": [
          {
            "role": "inner",
            "rel": 19320894,
            "reltags": {
              "golf": "fairway",
              "landuse": "grass",
              "mow": "yes",
              "type": "multipolygon"
            }
          }
        ]
      },
      "geometry": {
        "type": "Polygon",
        "coordinates": [
          [
            [
              -120.6162769,
              35.6498741
            ],
            [
              -120.6163094,
              35.6498565
            ],
            [
              -120.6163202,
              35.6498265
            ],
            [
              -120.6162034,
              35.6496715
            ],
            [
              -120.6161686,
              35.6496652
            ],
            [
              -120.6161264,
              35.6496794
            ],
            [
              -120.6160467,
              35.6497797
            ],
            [
              -120.6160542,
              35.6498204
            ],
            [
              -120.6160948,
              35.6498422
            ],
            [
              -120.6162769,
              35.6498741
            ]
          ]
        ]
      },
      "id": "way/252195479"
    },
    {
      "type": "Feature",
      "properties": {
        "@id": "way/252195482",
        "golf": "green",
        "landuse": "grass",
        "leisure": "pitch",
        "sport": "golf",
        "@relations": [
          {
            "role": "inner",
            "rel": 19320902,
            "reltags": {
              "golf": "fairway",
              "landuse": "grass",
              "mow": "yes",
              "type": "multipolygon"
            }
          }
        ]
      },
      "geometry": {
        "type": "Polygon",
        "coordinates": [
          [
            [
              -120.6201856,
              35.6476165
            ],
            [
              -120.6201889,
              35.6476408
            ],
            [
              -120.6201976,
              35.6476619
            ],
            [
              -120.6202065,
              35.6476801
            ],
            [
              -120.6202163,
              35.6477045
            ],
            [
              -120.6202274,
              35.6477199
            ],
            [
              -120.6202385,
              35.6477465
            ],
            [
              -120.6202467,
              35.6477684
            ],
            [
              -120.6202592,
              35.6477853
            ],
            [
              -120.6202754,
              35.6478001
            ],
            [
              -120.6202967,
              35.6478065
            ],
            [
              -120.6203231,
              35.6478115
            ],
            [
              -120.6203459,
              35.6478151
            ],
            [
              -120.6203712,
              35.6478186
            ],
            [
              -120.620392,
              35.6478172
            ],
            [
              -120.6204107,
              35.6478165
            ],
            [
              -120.6204304,
              35.6478115
            ],
            [
              -120.6204417,
              35.6478003
            ],
            [
              -120.6204464,
              35.6477836
            ],
            [
              -120.6204476,
              35.6477679
            ],
            [
              -120.6204423,
              35.6477488
            ],
            [
              -120.6204359,
              35.6477324
            ],
            [
              -120.6204295,
              35.6477127
            ],
            [
              -120.6204228,
              35.6476955
            ],
            [
              -120.6204145,
              35.647679
            ],
            [
              -120.6204015,
              35.6476606
            ],
            [
              -120.6203838,
              35.6476478
            ],
            [
              -120.6203633,
              35.6476376
            ],
            [
              -120.620346,
              35.6476358
            ],
            [
              -120.6203276,
              35.6476272
            ],
            [
              -120.6203048,
              35.6476167
            ],
            [
              -120.6202915,
              35.6476069
            ],
            [
              -120.6202719,
              35.6475935
            ],
            [
              -120.6202359,
              35.6475865
            ],
            [
              -120.6202087,
              35.6475919
            ],
            [
              -120.6201926,
              35.647605
            ],
            [
              -120.6201856,
              35.6476165
            ]
          ]
        ]
      },
      "id": "way/252195482"
    },
    {
      "type": "Feature",
      "properties": {
        "@id": "way/252195483",
        "golf": "green",
        "landuse": "grass",
        "leisure": "pitch",
        "sport": "golf",
        "@relations": [
          {
            "role": "inner",
            "rel": 19320905,
            "reltags": {
              "golf": "fairway",
              "landuse": "grass",
              "mow": "yes",
              "type": "multipolygon"
            }
          }
        ]
      },
      "geometry": {
        "type": "Polygon",
        "coordinates": [
          [
            [
              -120.6186063,
              35.6524432
            ],
            [
              -120.6187213,
              35.6524826
            ],
            [
              -120.6188211,
              35.6525238
            ],
            [
              -120.6188472,
              35.6525246
            ],
            [
              -120.6188716,
              35.652515
            ],
            [
              -120.6188933,
              35.6524864
            ],
            [
              -120.6188938,
              35.6524599
            ],
            [
              -120.6188916,
              35.6524201
            ],
            [
              -120.6188839,
              35.6523859
            ],
            [
              -120.6188707,
              35.6523494
            ],
            [
              -120.6188301,
              35.6523303
            ],
            [
              -120.6187741,
              35.6523266
            ],
            [
              -120.618646,
              35.6523684
            ],
            [
              -120.6185964,
              35.6523992
            ],
            [
              -120.618591,
              35.6524293
            ],
            [
              -120.6186063,
              35.6524432
            ]
          ]
        ]
      },
      "id": "way/252195483"
    },
    {
      "type": "Feature",
      "properties": {
        "@id": "way/252195484",
        "golf": "green",
        "landuse": "grass",
        "leisure": "pitch",
        "sport": "golf",
        "@relations": [
          {
            "role": "inner",
            "rel": 19320900,
            "reltags": {
              "golf": "fairway",
              "landuse": "grass",
              "mow": "yes",
              "type": "multipolygon"
            }
          }
        ]
      },
      "geometry": {
        "type": "Polygon",
        "coordinates": [
          [
            [
              -120.6181176,
              35.6453656
            ],
            [
              -120.6181492,
              35.64537
            ],
            [
              -120.6181979,
              35.6453693
            ],
            [
              -120.6182268,
              35.6453473
            ],
            [
              -120.6182313,
              35.6453135
            ],
            [
              -120.6182223,
              35.6452835
            ],
            [
              -120.6181889,
              35.6452468
            ],
            [
              -120.6181447,
              35.6452241
            ],
            [
              -120.6181086,
              35.6451955
            ],
            [
              -120.6180806,
              35.6451544
            ],
            [
              -120.6180427,
              35.6451266
            ],
            [
              -120.6180139,
              35.64512
            ],
            [
              -120.6179805,
              35.6451383
            ],
            [
              -120.6179715,
              35.645164
            ],
            [
              -120.617976,
              35.645238
            ],
            [
              -120.6179913,
              35.6452996
            ],
            [
              -120.6180346,
              35.6453429
            ],
            [
              -120.6180843,
              35.6453627
            ],
            [
              -120.6181176,
              35.6453656
            ]
          ]
        ]
      },
      "id": "way/252195484"
    },
    {
      "type": "Feature",
      "properties": {
        "@id": "way/252195485",
        "golf": "green",
        "landuse": "grass",
        "leisure": "pitch",
        "sport": "golf",
        "@relations": [
          {
            "role": "inner",
            "rel": 19320896,
            "reltags": {
              "golf": "fairway",
              "landuse": "grass",
              "mow": "yes",
              "type": "multipolygon"
            }
          }
        ]
      },
      "geometry": {
        "type": "Polygon",
        "coordinates": [
          [
            [
              -120.6237936,
              35.6455681
            ],
            [
              -120.6238065,
              35.6455287
            ],
            [
              -120.6238003,
              35.6455045
            ],
            [
              -120.6237689,
              35.6454748
            ],
            [
              -120.6237174,
              35.6454491
            ],
            [
              -120.6236434,
              35.6454149
            ],
            [
              -120.6235956,
              35.6454088
            ],
            [
              -120.6235575,
              35.645417
            ],
            [
              -120.6235304,
              35.6454341
            ],
            [
              -120.6235124,
              35.6454693
            ],
            [
              -120.6234935,
              35.6454979
            ],
            [
              -120.623477,
              35.6455271
            ],
            [
              -120.6234744,
              35.6455438
            ],
            [
              -120.6234998,
              35.6455737
            ],
            [
              -120.6235629,
              35.6455852
            ],
            [
              -120.623627,
              35.6455881
            ],
            [
              -120.6236631,
              35.6455897
            ],
            [
              -120.623712,
              35.6455883
            ],
            [
              -120.6237477,
              35.6455766
            ],
            [
              -120.6237936,
              35.6455681
            ]
          ]
        ]
      },
      "id": "way/252195485"
    },
    {
      "type": "Feature",
      "properties": {
        "@id": "way/252195487",
        "golf": "green",
        "landuse": "grass",
        "leisure": "pitch",
        "sport": "golf",
        "@relations": [
          {
            "role": "inner",
            "rel": 19320899,
            "reltags": {
              "golf": "fairway",
              "landuse": "grass",
              "mow": "yes",
              "type": "multipolygon"
            }
          }
        ]
      },
      "geometry": {
        "type": "Polygon",
        "coordinates": [
          [
            [
              -120.6231222,
              35.6472002
            ],
            [
              -120.623126,
              35.6472191
            ],
            [
              -120.623141,
              35.6472417
            ],
            [
              -120.6231612,
              35.6472731
            ],
            [
              -120.6232002,
              35.6472847
            ],
            [
              -120.623244,
              35.6472834
            ],
            [
              -120.623305,
              35.6472542
            ],
            [
              -120.6233281,
              35.6472219
            ],
            [
              -120.6233444,
              35.6471792
            ],
            [
              -120.6233503,
              35.6471533
            ],
            [
              -120.6233458,
              35.6471149
            ],
            [
              -120.6233108,
              35.6470688
            ],
            [
              -120.62326,
              35.6470258
            ],
            [
              -120.6232316,
              35.647002
            ],
            [
              -120.6231783,
              35.6469847
            ],
            [
              -120.6231158,
              35.6469972
            ],
            [
              -120.6230678,
              35.6470218
            ],
            [
              -120.6230612,
              35.6470451
            ],
            [
              -120.6230572,
              35.6470745
            ],
            [
              -120.623072,
              35.6471029
            ],
            [
              -120.6231001,
              35.6471376
            ],
            [
              -120.6231089,
              35.6471683
            ],
            [
              -120.6231222,
              35.6472002
            ]
          ]
        ]
      },
      "id": "way/252195487"
    },
    {
      "type": "Feature",
      "properties": {
        "@id": "way/252195495",
        "golf": "fairway",
        "landuse": "grass",
        "mow": "yes"
      },
      "geometry": {
        "type": "Polygon",
        "coordinates": [
          [
            [
              -120.6166829,
              35.6494712
            ],
            [
              -120.6167403,
              35.6495075
            ],
            [
              -120.6168015,
              35.6495085
            ],
            [
              -120.6168194,
              35.6494805
            ],
            [
              -120.6167798,
              35.6494463
            ],
            [
              -120.6166994,
              35.6494339
            ],
            [
              -120.6166829,
              35.6494712
            ]
          ]
        ]
      },
      "id": "way/252195495"
    },
    {
      "type": "Feature",
      "properties": {
        "@id": "way/252195496",
        "golf": "green",
        "landuse": "grass",
        "leisure": "pitch",
        "sport": "golf",
        "@relations": [
          {
            "role": "inner",
            "rel": 14087772,
            "reltags": {
              "golf": "fairway",
              "landuse": "grass",
              "mow": "yes",
              "type": "multipolygon"
            }
          }
        ]
      },
      "geometry": {
        "type": "Polygon",
        "coordinates": [
          [
            [
              -120.6225763,
              35.6474077
            ],
            [
              -120.6226124,
              35.6473813
            ],
            [
              -120.622616,
              35.6473197
            ],
            [
              -120.6225493,
              35.6472596
            ],
            [
              -120.6225024,
              35.6472904
            ],
            [
              -120.6225186,
              35.6473593
            ],
            [
              -120.6225763,
              35.6474077
            ]
          ]
        ]
      },
      "id": "way/252195496"
    },
    {
      "type": "Feature",
      "properties": {
        "@id": "way/252195506",
        "golf": "fairway",
        "landuse": "grass",
        "mow": "yes"
      },
      "geometry": {
        "type": "Polygon",
        "coordinates": [
          [
            [
              -120.6194077,
              35.6477137
            ],
            [
              -120.6194194,
              35.6477097
            ],
            [
              -120.6194299,
              35.6477011
            ],
            [
              -120.6194331,
              35.6476907
            ],
            [
              -120.6194315,
              35.6476794
            ],
            [
              -120.6194255,
              35.6476677
            ],
            [
              -120.6194164,
              35.647658
            ],
            [
              -120.6194035,
              35.6476506
            ],
            [
              -120.6193903,
              35.6476474
            ],
            [
              -120.6193764,
              35.6476474
            ],
            [
              -120.6193624,
              35.6476508
            ],
            [
              -120.6193512,
              35.6476573
            ],
            [
              -120.6193428,
              35.6476668
            ],
            [
              -120.6193413,
              35.6476782
            ],
            [
              -120.6193438,
              35.6476883
            ],
            [
              -120.6193566,
              35.6476989
            ],
            [
              -120.6193727,
              35.6477094
            ],
            [
              -120.6193904,
              35.6477142
            ],
            [
              -120.6194077,
              35.6477137
            ]
          ]
        ]
      },
      "id": "way/252195506"
    },
    {
      "type": "Feature",
      "properties": {
        "@id": "way/252195510",
        "golf": "fairway",
        "landuse": "grass",
        "mow": "yes"
      },
      "geometry": {
        "type": "Polygon",
        "coordinates": [
          [
            [
              -120.6201761,
              35.6503793
            ],
            [
              -120.6202105,
              35.6504135
            ],
            [
              -120.6202718,
              35.6504177
            ],
            [
              -120.6202845,
              35.650397
            ],
            [
              -120.6202832,
              35.6503659
            ],
            [
              -120.6202462,
              35.650342
            ],
            [
              -120.6201875,
              35.6503544
            ],
            [
              -120.6201761,
              35.6503793
            ]
          ]
        ]
      },
      "id": "way/252195510"
    },
    {
      "type": "Feature",
      "properties": {
        "@id": "way/252195511",
        "golf": "fairway",
        "landuse": "grass",
        "mow": "yes"
      },
      "geometry": {
        "type": "Polygon",
        "coordinates": [
          [
            [
              -120.6223719,
              35.647199
            ],
            [
              -120.6224423,
              35.6471887
            ],
            [
              -120.622491,
              35.6471579
            ],
            [
              -120.6225036,
              35.6471198
            ],
            [
              -120.6224621,
              35.6470978
            ],
            [
              -120.6224206,
              35.6471154
            ],
            [
              -120.6223773,
              35.6471608
            ],
            [
              -120.6223719,
              35.647199
            ]
          ]
        ]
      },
      "id": "way/252195511"
    },
    {
      "type": "Feature",
      "properties": {
        "@id": "way/252195519",
        "golf": "fairway",
        "landuse": "grass",
        "mow": "yes"
      },
      "geometry": {
        "type": "Polygon",
        "coordinates": [
          [
            [
              -120.6228091,
              35.6478007
            ],
            [
              -120.6228344,
              35.6478388
            ],
            [
              -120.6228669,
              35.6478784
            ],
            [
              -120.6229174,
              35.6478652
            ],
            [
              -120.6229228,
              35.6478212
            ],
            [
              -120.6228741,
              35.6477641
            ],
            [
              -120.6228236,
              35.6477743
            ],
            [
              -120.6228091,
              35.6478007
            ]
          ]
        ]
      },
      "id": "way/252195519"
    },
    {
      "type": "Feature",
      "properties": {
        "@id": "way/252195522",
        "golf": "fairway",
        "landuse": "grass",
        "mow": "yes"
      },
      "geometry": {
        "type": "Polygon",
        "coordinates": [
          [
            [
              -120.6197168,
              35.6479954
            ],
            [
              -120.6197076,
              35.6479996
            ],
            [
              -120.6196988,
              35.6480046
            ],
            [
              -120.6196814,
              35.6480139
            ],
            [
              -120.6196742,
              35.6480215
            ],
            [
              -120.619673,
              35.6480323
            ],
            [
              -120.6196758,
              35.6480387
            ],
            [
              -120.6196806,
              35.6480448
            ],
            [
              -120.6196912,
              35.6480524
            ],
            [
              -120.619707,
              35.648055
            ],
            [
              -120.6197265,
              35.6480556
            ],
            [
              -120.6197363,
              35.6480554
            ],
            [
              -120.6197472,
              35.6480575
            ],
            [
              -120.6197568,
              35.6480629
            ],
            [
              -120.6197706,
              35.6480665
            ],
            [
              -120.6197804,
              35.6480647
            ],
            [
              -120.6197895,
              35.6480612
            ],
            [
              -120.6197911,
              35.6480543
            ],
            [
              -120.6197908,
              35.6480468
            ],
            [
              -120.6197873,
              35.6480382
            ],
            [
              -120.6197702,
              35.648015
            ],
            [
              -120.6197572,
              35.6480049
            ],
            [
              -120.6197454,
              35.6479985
            ],
            [
              -120.6197311,
              35.6479958
            ],
            [
              -120.6197168,
              35.6479954
            ]
          ]
        ]
      },
      "id": "way/252195522"
    },
    {
      "type": "Feature",
      "properties": {
        "@id": "way/252195527",
        "golf": "fairway",
        "landuse": "grass",
        "mow": "yes"
      },
      "geometry": {
        "type": "Polygon",
        "coordinates": [
          [
            [
              -120.6219806,
              35.6479797
            ],
            [
              -120.6219028,
              35.6479963
            ],
            [
              -120.6218785,
              35.6480285
            ],
            [
              -120.6219117,
              35.6480492
            ],
            [
              -120.6219717,
              35.6480492
            ],
            [
              -120.6220316,
              35.648043
            ],
            [
              -120.6220431,
              35.6480098
            ],
            [
              -120.6219997,
              35.6479797
            ],
            [
              -120.6219806,
              35.6479797
            ]
          ]
        ]
      },
      "id": "way/252195527"
    },
    {
      "type": "Feature",
      "properties": {
        "@id": "way/252195536",
        "golf": "fairway",
        "landuse": "grass",
        "mow": "yes"
      },
      "geometry": {
        "type": "Polygon",
        "coordinates": [
          [
            [
              -120.6208766,
              35.6508936
            ],
            [
              -120.6208549,
              35.6509351
            ],
            [
              -120.6208804,
              35.6509724
            ],
            [
              -120.6209238,
              35.6509755
            ],
            [
              -120.6209608,
              35.6509589
            ],
            [
              -120.6209799,
              35.650933
            ],
            [
              -120.6209697,
              35.6509081
            ],
            [
              -120.6209174,
              35.6508874
            ],
            [
              -120.6208766,
              35.6508936
            ]
          ]
        ]
      },
      "id": "way/252195536"
    },
    {
      "type": "Feature",
      "properties": {
        "@id": "way/252195537",
        "golf": "fairway",
        "landuse": "grass",
        "mow": "yes"
      },
      "geometry": {
        "type": "Polygon",
        "coordinates": [
          [
            [
              -120.6152625,
              35.6456606
            ],
            [
              -120.6152615,
              35.6456762
            ],
            [
              -120.615266,
              35.6456921
            ],
            [
              -120.6152765,
              35.645707
            ],
            [
              -120.6152935,
              35.6457205
            ],
            [
              -120.6153108,
              35.6457275
            ],
            [
              -120.6153295,
              35.6457338
            ],
            [
              -120.615353,
              35.6457379
            ],
            [
              -120.6153749,
              35.6457364
            ],
            [
              -120.6153928,
              35.64573
            ],
            [
              -120.6154029,
              35.6457197
            ],
            [
              -120.6154075,
              35.6457048
            ],
            [
              -120.6153968,
              35.6456802
            ],
            [
              -120.6153837,
              35.6456671
            ],
            [
              -120.6153643,
              35.6456507
            ],
            [
              -120.6153409,
              35.6456386
            ],
            [
              -120.6153071,
              35.6456294
            ],
            [
              -120.6152821,
              35.6456335
            ],
            [
              -120.615268,
              35.6456449
            ],
            [
              -120.6152625,
              35.6456606
            ]
          ]
        ]
      },
      "id": "way/252195537"
    },
    {
      "type": "Feature",
      "properties": {
        "@id": "way/252195538",
        "golf": "fairway",
        "landuse": "grass",
        "mow": "yes"
      },
      "geometry": {
        "type": "Polygon",
        "coordinates": [
          [
            [
              -120.6156125,
              35.6513871
            ],
            [
              -120.6155999,
              35.6513774
            ],
            [
              -120.6155839,
              35.6513681
            ],
            [
              -120.6155673,
              35.6513618
            ],
            [
              -120.6155508,
              35.651358
            ],
            [
              -120.6155367,
              35.6513568
            ],
            [
              -120.615525,
              35.6513583
            ],
            [
              -120.6155113,
              35.6513642
            ],
            [
              -120.6155037,
              35.6513736
            ],
            [
              -120.6154976,
              35.6513867
            ],
            [
              -120.6154988,
              35.6513973
            ],
            [
              -120.6155038,
              35.6514053
            ],
            [
              -120.6155114,
              35.6514135
            ],
            [
              -120.6155232,
              35.6514214
            ],
            [
              -120.6155392,
              35.6514298
            ],
            [
              -120.6155572,
              35.6514348
            ],
            [
              -120.615575,
              35.6514372
            ],
            [
              -120.6155891,
              35.651436
            ],
            [
              -120.6155998,
              35.6514309
            ],
            [
              -120.6156105,
              35.6514189
            ],
            [
              -120.6156142,
              35.6514072
            ],
            [
              -120.6156148,
              35.6513983
            ],
            [
              -120.6156125,
              35.6513871
            ]
          ]
        ]
      },
      "id": "way/252195538"
    },
    {
      "type": "Feature",
      "properties": {
        "@id": "way/252195539",
        "golf": "fairway",
        "landuse": "grass",
        "mow": "yes"
      },
      "geometry": {
        "type": "Polygon",
        "coordinates": [
          [
            [
              -120.6226977,
              35.6482981
            ],
            [
              -120.6225816,
              35.6483022
            ],
            [
              -120.6225357,
              35.6483261
            ],
            [
              -120.6225497,
              35.6483644
            ],
            [
              -120.622602,
              35.6483758
            ],
            [
              -120.6227143,
              35.6483748
            ],
            [
              -120.6227768,
              35.6483603
            ],
            [
              -120.622787,
              35.6483188
            ],
            [
              -120.6226977,
              35.6482981
            ]
          ]
        ]
      },
      "id": "way/252195539"
    },
    {
      "type": "Feature",
      "properties": {
        "@id": "way/252195540",
        "golf": "green",
        "landuse": "grass",
        "leisure": "pitch",
        "sport": "golf",
        "@relations": [
          {
            "role": "inner",
            "rel": 14087761,
            "reltags": {
              "golf": "fairway",
              "landuse": "grass",
              "mow": "yes",
              "type": "multipolygon"
            }
          }
        ]
      },
      "geometry": {
        "type": "Polygon",
        "coordinates": [
          [
            [
              -120.6221784,
              35.6476811
            ],
            [
              -120.6221414,
              35.6477174
            ],
            [
              -120.6221299,
              35.6477578
            ],
            [
              -120.6221401,
              35.6478003
            ],
            [
              -120.622172,
              35.6478138
            ],
            [
              -120.622223,
              35.64779
            ],
            [
              -120.6222384,
              35.6477526
            ],
            [
              -120.622232,
              35.6477029
            ],
            [
              -120.6222128,
              35.6476863
            ],
            [
              -120.6221784,
              35.6476811
            ]
          ]
        ]
      },
      "id": "way/252195540"
    },
    {
      "type": "Feature",
      "properties": {
        "@id": "way/252195543",
        "golf": "fairway",
        "landuse": "grass",
        "mow": "yes"
      },
      "geometry": {
        "type": "Polygon",
        "coordinates": [
          [
            [
              -120.620874,
              35.6508439
            ],
            [
              -120.6208587,
              35.6508117
            ],
            [
              -120.6208128,
              35.6507578
            ],
            [
              -120.6207694,
              35.6507536
            ],
            [
              -120.6207337,
              35.6507702
            ],
            [
              -120.6207592,
              35.6508107
            ],
            [
              -120.6207898,
              35.6508521
            ],
            [
              -120.6208192,
              35.6508729
            ],
            [
              -120.6208613,
              35.6508698
            ],
            [
              -120.620874,
              35.6508439
            ]
          ]
        ]
      },
      "id": "way/252195543"
    },
    {
      "type": "Feature",
      "properties": {
        "@id": "way/252195557",
        "golf": "bunker",
        "natural": "sand"
      },
      "geometry": {
        "type": "Polygon",
        "coordinates": [
          [
            [
              -120.6244563,
              35.6449538
            ],
            [
              -120.6244295,
              35.6449776
            ],
            [
              -120.6244193,
              35.6450129
            ],
            [
              -120.6244499,
              35.6450461
            ],
            [
              -120.6244971,
              35.6450533
            ],
            [
              -120.6245455,
              35.645035
            ],
            [
              -120.6245613,
              35.6450032
            ],
            [
              -120.6245714,
              35.6449673
            ],
            [
              -120.6245686,
              35.6449351
            ],
            [
              -120.6245137,
              35.6449082
            ],
            [
              -120.6244816,
              35.6449246
            ],
            [
              -120.6244563,
              35.6449538
            ]
          ]
        ]
      },
      "id": "way/252195557"
    },
    {
      "type": "Feature",
      "properties": {
        "@id": "way/252195568",
        "golf": "bunker",
        "natural": "sand"
      },
      "geometry": {
        "type": "Polygon",
        "coordinates": [
          [
            [
              -120.6164895,
              35.6486071
            ],
            [
              -120.6165368,
              35.6486071
            ],
            [
              -120.6165648,
              35.6485946
            ],
            [
              -120.6165648,
              35.6485614
            ],
            [
              -120.6165419,
              35.6485386
            ],
            [
              -120.6164844,
              35.6485303
            ],
            [
              -120.6164411,
              35.648521
            ],
            [
              -120.6163951,
              35.6485376
            ],
            [
              -120.6163709,
              35.6485676
            ],
            [
              -120.6163824,
              35.6485988
            ],
            [
              -120.6164219,
              35.648605
            ],
            [
              -120.6164576,
              35.648605
            ],
            [
              -120.6164895,
              35.6486071
            ]
          ]
        ]
      },
      "id": "way/252195568"
    },
    {
      "type": "Feature",
      "properties": {
        "@id": "way/252195577",
        "golf": "bunker",
        "natural": "sand"
      },
      "geometry": {
        "type": "Polygon",
        "coordinates": [
          [
            [
              -120.6195088,
              35.6507023
            ],
            [
              -120.6195323,
              35.6506979
            ],
            [
              -120.6195404,
              35.6506781
            ],
            [
              -120.6195323,
              35.6506598
            ],
            [
              -120.6195025,
              35.650637
            ],
            [
              -120.6194592,
              35.6506334
            ],
            [
              -120.6194285,
              35.6506216
            ],
            [
              -120.6193924,
              35.6506187
            ],
            [
              -120.6193654,
              35.6506334
            ],
            [
              -120.6193636,
              35.6506605
            ],
            [
              -120.6193906,
              35.6506847
            ],
            [
              -120.6194276,
              35.6506972
            ],
            [
              -120.6194718,
              35.6507016
            ],
            [
              -120.6195088,
              35.6507023
            ]
          ]
        ]
      },
      "id": "way/252195577"
    },
    {
      "type": "Feature",
      "properties": {
        "@id": "way/252195585",
        "golf": "bunker",
        "natural": "sand"
      },
      "geometry": {
        "type": "Polygon",
        "coordinates": [
          [
            [
              -120.6247175,
              35.644976
            ],
            [
              -120.6247107,
              35.6450005
            ],
            [
              -120.6247019,
              35.6450208
            ],
            [
              -120.6247252,
              35.6450492
            ],
            [
              -120.624771,
              35.645047
            ],
            [
              -120.624804,
              35.6450469
            ],
            [
              -120.624825,
              35.6450295
            ],
            [
              -120.6248513,
              35.644995
            ],
            [
              -120.6248775,
              35.6449746
            ],
            [
              -120.6248805,
              35.6449487
            ],
            [
              -120.6248485,
              35.6449331
            ],
            [
              -120.6247916,
              35.6449409
            ],
            [
              -120.6247221,
              35.6449193
            ],
            [
              -120.6247083,
              35.6449363
            ],
            [
              -120.6247175,
              35.644976
            ]
          ]
        ]
      },
      "id": "way/252195585"
    },
    {
      "type": "Feature",
      "properties": {
        "@id": "way/252195597",
        "golf": "bunker",
        "natural": "sand"
      },
      "geometry": {
        "type": "Polygon",
        "coordinates": [
          [
            [
              -120.6171698,
              35.6482749
            ],
            [
              -120.6171968,
              35.6482983
            ],
            [
              -120.6172456,
              35.6483013
            ],
            [
              -120.6172943,
              35.648313
            ],
            [
              -120.6173412,
              35.6483321
            ],
            [
              -120.6173755,
              35.6483189
            ],
            [
              -120.6173899,
              35.6482822
            ],
            [
              -120.6173556,
              35.6482426
            ],
            [
              -120.6173376,
              35.6482045
            ],
            [
              -120.6173033,
              35.6482015
            ],
            [
              -120.6172672,
              35.6482177
            ],
            [
              -120.6172293,
              35.6482191
            ],
            [
              -120.6171824,
              35.6482206
            ],
            [
              -120.6171571,
              35.6482499
            ],
            [
              -120.6171698,
              35.6482749
            ]
          ]
        ]
      },
      "id": "way/252195597"
    },
    {
      "type": "Feature",
      "properties": {
        "@id": "way/252195598",
        "golf": "bunker",
        "natural": "sand"
      },
      "geometry": {
        "type": "Polygon",
        "coordinates": [
          [
            [
              -120.6250199,
              35.6450046
            ],
            [
              -120.6250109,
              35.6450409
            ],
            [
              -120.6250483,
              35.6450612
            ],
            [
              -120.6251083,
              35.6450588
            ],
            [
              -120.6251516,
              35.6450649
            ],
            [
              -120.6252111,
              35.6450819
            ],
            [
              -120.6252327,
              35.645061
            ],
            [
              -120.6252116,
              35.6450174
            ],
            [
              -120.6252001,
              35.6449842
            ],
            [
              -120.6251821,
              35.6449709
            ],
            [
              -120.6251235,
              35.6449532
            ],
            [
              -120.625092,
              35.6449501
            ],
            [
              -120.6250532,
              35.6449609
            ],
            [
              -120.6250344,
              35.6449778
            ],
            [
              -120.6250199,
              35.6450046
            ]
          ]
        ]
      },
      "id": "way/252195598"
    },
    {
      "type": "Feature",
      "properties": {
        "@id": "way/252195631",
        "golf": "bunker",
        "natural": "sand"
      },
      "geometry": {
        "type": "Polygon",
        "coordinates": [
          [
            [
              -120.6238038,
              35.6454317
            ],
            [
              -120.6238307,
              35.6454477
            ],
            [
              -120.6238433,
              35.6454602
            ],
            [
              -120.623874,
              35.6454594
            ],
            [
              -120.6238992,
              35.645444
            ],
            [
              -120.6239026,
              35.6454167
            ],
            [
              -120.6238929,
              35.6454001
            ],
            [
              -120.6238586,
              35.6453612
            ],
            [
              -120.6238063,
              35.6453473
            ],
            [
              -120.6237413,
              35.6453223
            ],
            [
              -120.6236971,
              35.6453121
            ],
            [
              -120.6236592,
              35.6453194
            ],
            [
              -120.6236421,
              35.6453473
            ],
            [
              -120.6236601,
              35.6453773
            ],
            [
              -120.6236944,
              35.6453905
            ],
            [
              -120.6237305,
              35.645392
            ],
            [
              -120.6237485,
              35.6454001
            ],
            [
              -120.6237702,
              35.6454132
            ],
            [
              -120.6237832,
              35.6454217
            ],
            [
              -120.6238038,
              35.6454317
            ]
          ]
        ]
      },
      "id": "way/252195631"
    },
    {
      "type": "Feature",
      "properties": {
        "@id": "way/252195673",
        "golf": "bunker",
        "natural": "sand"
      },
      "geometry": {
        "type": "Polygon",
        "coordinates": [
          [
            [
              -120.6182922,
              35.6488073
            ],
            [
              -120.6182999,
              35.6488264
            ],
            [
              -120.6182979,
              35.6488451
            ],
            [
              -120.618312,
              35.6488653
            ],
            [
              -120.6183292,
              35.6488669
            ],
            [
              -120.6183528,
              35.6488591
            ],
            [
              -120.61837,
              35.6488467
            ],
            [
              -120.6183873,
              35.6488425
            ],
            [
              -120.6184204,
              35.648841
            ],
            [
              -120.6184396,
              35.648841
            ],
            [
              -120.618467,
              35.6488363
            ],
            [
              -120.618474,
              35.6488213
            ],
            [
              -120.6184696,
              35.648799
            ],
            [
              -120.6184504,
              35.6487777
            ],
            [
              -120.6184262,
              35.648771
            ],
            [
              -120.6183968,
              35.6487694
            ],
            [
              -120.6183624,
              35.6487575
            ],
            [
              -120.6183273,
              35.6487502
            ],
            [
              -120.6182928,
              35.6487596
            ],
            [
              -120.6182839,
              35.6487787
            ],
            [
              -120.6182922,
              35.6488073
            ]
          ]
        ]
      },
      "id": "way/252195673"
    },
    {
      "type": "Feature",
      "properties": {
        "@id": "way/252195718",
        "golf": "bunker",
        "natural": "sand"
      },
      "geometry": {
        "type": "Polygon",
        "coordinates": [
          [
            [
              -120.6268724,
              35.6477176
            ],
            [
              -120.6268354,
              35.6477394
            ],
            [
              -120.6268338,
              35.6477586
            ],
            [
              -120.6268379,
              35.6477768
            ],
            [
              -120.6268654,
              35.647795
            ],
            [
              -120.6269068,
              35.6477871
            ],
            [
              -120.6269199,
              35.6477751
            ],
            [
              -120.626926,
              35.6477529
            ],
            [
              -120.6269107,
              35.6477259
            ],
            [
              -120.6268724,
              35.6477176
            ]
          ]
        ]
      },
      "id": "way/252195718"
    },
    {
      "type": "Feature",
      "properties": {
        "@id": "way/252195735",
        "golf": "bunker",
        "natural": "sand"
      },
      "geometry": {
        "type": "Polygon",
        "coordinates": [
          [
            [
              -120.6267926,
              35.6475528
            ],
            [
              -120.6268219,
              35.6475378
            ],
            [
              -120.6268372,
              35.6475025
            ],
            [
              -120.6268375,
              35.6474717
            ],
            [
              -120.6268228,
              35.6474578
            ],
            [
              -120.6268082,
              35.6474541
            ],
            [
              -120.6267845,
              35.6474568
            ],
            [
              -120.6267661,
              35.6474696
            ],
            [
              -120.6267463,
              35.6475149
            ],
            [
              -120.6267482,
              35.6475359
            ],
            [
              -120.6267572,
              35.6475484
            ],
            [
              -120.6267749,
              35.6475542
            ],
            [
              -120.6267926,
              35.6475528
            ]
          ]
        ]
      },
      "id": "way/252195735"
    },
    {
      "type": "Feature",
      "properties": {
        "@id": "way/252195741",
        "golf": "bunker",
        "natural": "sand"
      },
      "geometry": {
        "type": "Polygon",
        "coordinates": [
          [
            [
              -120.6269729,
              35.6477213
            ],
            [
              -120.6269607,
              35.6477455
            ],
            [
              -120.62697,
              35.6477737
            ],
            [
              -120.6270367,
              35.6477701
            ],
            [
              -120.6270866,
              35.6477409
            ],
            [
              -120.6270901,
              35.6477149
            ],
            [
              -120.6270687,
              35.6476941
            ],
            [
              -120.6270429,
              35.6476976
            ],
            [
              -120.6269968,
              35.6477052
            ],
            [
              -120.6269729,
              35.6477213
            ]
          ]
        ]
      },
      "id": "way/252195741"
    },
    {
      "type": "Feature",
      "properties": {
        "@id": "way/252195753",
        "golf": "fairway",
        "landuse": "grass",
        "mow": "yes"
      },
      "geometry": {
        "type": "Polygon",
        "coordinates": [
          [
            [
              -120.6208155,
              35.6478215
            ],
            [
              -120.6208232,
              35.647919
            ],
            [
              -120.6209023,
              35.6480165
            ],
            [
              -120.6209993,
              35.6480434
            ],
            [
              -120.6210962,
              35.6480123
            ],
            [
              -120.6211728,
              35.6478651
            ],
            [
              -120.6211958,
              35.6477593
            ],
            [
              -120.6211958,
              35.6476473
            ],
            [
              -120.6212672,
              35.6475685
            ],
            [
              -120.6213999,
              35.6475499
            ],
            [
              -120.6214841,
              35.6475519
            ],
            [
              -120.6215479,
              35.6474835
            ],
            [
              -120.6216398,
              35.6473445
            ],
            [
              -120.6217904,
              35.6472201
            ],
            [
              -120.6219384,
              35.6471455
            ],
            [
              -120.6220864,
              35.6470397
            ],
            [
              -120.6221655,
              35.6468945
            ],
            [
              -120.6220966,
              35.6467846
            ],
            [
              -120.621918,
              35.646712
            ],
            [
              -120.6217266,
              35.6468054
            ],
            [
              -120.6215695,
              35.6469286
            ],
            [
              -120.6214693,
              35.6470536
            ],
            [
              -120.6212993,
              35.6471279
            ],
            [
              -120.6211269,
              35.6471807
            ],
            [
              -120.6209941,
              35.6472844
            ],
            [
              -120.6209329,
              35.6474358
            ],
            [
              -120.6208538,
              35.6475353
            ],
            [
              -120.6208155,
              35.6478215
            ]
          ]
        ]
      },
      "id": "way/252195753"
    },
    {
      "type": "Feature",
      "properties": {
        "@id": "way/252195771",
        "golf": "fairway",
        "landuse": "grass",
        "mow": "yes"
      },
      "geometry": {
        "type": "Polygon",
        "coordinates": [
          [
            [
              -120.6242389,
              35.6463161
            ],
            [
              -120.6242118,
              35.6462384
            ],
            [
              -120.6241505,
              35.6461739
            ],
            [
              -120.624053,
              35.6461841
            ],
            [
              -120.6239862,
              35.6462164
            ],
            [
              -120.6240061,
              35.6462912
            ],
            [
              -120.6240819,
              35.6463557
            ],
            [
              -120.6241559,
              35.6464261
            ],
            [
              -120.6242154,
              35.6465346
            ],
            [
              -120.6242515,
              35.6466461
            ],
            [
              -120.6242894,
              35.6467443
            ],
            [
              -120.6243851,
              35.6468338
            ],
            [
              -120.6244771,
              35.6468719
            ],
            [
              -120.6245944,
              35.6469027
            ],
            [
              -120.624672,
              35.6469569
            ],
            [
              -120.6247008,
              35.6470156
            ],
            [
              -120.62469,
              35.647086
            ],
            [
              -120.6246882,
              35.6471593
            ],
            [
              -120.6247784,
              35.6472356
            ],
            [
              -120.6248615,
              35.6472576
            ],
            [
              -120.6249806,
              35.6472312
            ],
            [
              -120.6251033,
              35.6472458
            ],
            [
              -120.625161,
              35.6472517
            ],
            [
              -120.625253,
              35.6472253
            ],
            [
              -120.6253234,
              35.647174
            ],
            [
              -120.6253433,
              35.6471124
            ],
            [
              -120.6253054,
              35.6470361
            ],
            [
              -120.6251845,
              35.6469335
            ],
            [
              -120.6250166,
              35.6468206
            ],
            [
              -120.6247857,
              35.6466622
            ],
            [
              -120.6245475,
              35.6465024
            ],
            [
              -120.6243778,
              35.6464144
            ],
            [
              -120.6242551,
              35.6463469
            ],
            [
              -120.6242389,
              35.6463161
            ]
          ]
        ]
      },
      "id": "way/252195771"
    },
    {
      "type": "Feature",
      "properties": {
        "@id": "way/252195772",
        "golf": "fairway",
        "landuse": "grass",
        "mow": "yes"
      },
      "geometry": {
        "type": "Polygon",
        "coordinates": [
          [
            [
              -120.62541,
              35.6463234
            ],
            [
              -120.6254281,
              35.6463836
            ],
            [
              -120.6254263,
              35.646451
            ],
            [
              -120.6254768,
              35.6464994
            ],
            [
              -120.6255725,
              35.6465185
            ],
            [
              -120.6256699,
              35.6464657
            ],
            [
              -120.6256717,
              35.6463953
            ],
            [
              -120.6256158,
              35.646319
            ],
            [
              -120.6256103,
              35.6462443
            ],
            [
              -120.6256122,
              35.6461709
            ],
            [
              -120.6255833,
              35.6460976
            ],
            [
              -120.6255526,
              35.6460302
            ],
            [
              -120.6255508,
              35.645948
            ],
            [
              -120.6255598,
              35.6458982
            ],
            [
              -120.6255616,
              35.6458249
            ],
            [
              -120.6255003,
              35.6457281
            ],
            [
              -120.6253667,
              35.6456577
            ],
            [
              -120.6251574,
              35.6456782
            ],
            [
              -120.6250148,
              35.6457207
            ],
            [
              -120.6249571,
              35.645731
            ],
            [
              -120.6248199,
              35.645687
            ],
            [
              -120.6247027,
              35.6456606
            ],
            [
              -120.6246482,
              35.645692
            ],
            [
              -120.6246485,
              35.6457545
            ],
            [
              -120.6247243,
              35.6458322
            ],
            [
              -120.6248073,
              35.6458923
            ],
            [
              -120.6249336,
              35.645948
            ],
            [
              -120.6251015,
              35.6460302
            ],
            [
              -120.6252097,
              35.6461313
            ],
            [
              -120.625253,
              35.6462179
            ],
            [
              -120.6253559,
              35.6462824
            ],
            [
              -120.62541,
              35.6463234
            ]
          ]
        ]
      },
      "id": "way/252195772"
    },
    {
      "type": "Feature",
      "properties": {
        "@id": "way/252195773",
        "golf": "fairway",
        "landuse": "grass",
        "mow": "yes"
      },
      "geometry": {
        "type": "Polygon",
        "coordinates": [
          [
            [
              -120.6237537,
              35.6450631
            ],
            [
              -120.623797,
              35.6451672
            ],
            [
              -120.6239197,
              35.6452347
            ],
            [
              -120.6240568,
              35.6452494
            ],
            [
              -120.6242824,
              35.6452347
            ],
            [
              -120.6244033,
              35.6452728
            ],
            [
              -120.6244899,
              35.6453491
            ],
            [
              -120.6246108,
              35.6454268
            ],
            [
              -120.6247335,
              35.6454283
            ],
            [
              -120.6252208,
              35.6453813
            ],
            [
              -120.6253561,
              35.6453916
            ],
            [
              -120.6254987,
              35.6454165
            ],
            [
              -120.625586,
              35.645333
            ],
            [
              -120.625567,
              35.6452254
            ],
            [
              -120.6255298,
              35.6451753
            ],
            [
              -120.6254499,
              35.645135
            ],
            [
              -120.625302,
              35.6451321
            ],
            [
              -120.6251396,
              35.6451145
            ],
            [
              -120.6250024,
              35.6450837
            ],
            [
              -120.62484,
              35.6450983
            ],
            [
              -120.6246848,
              35.6450705
            ],
            [
              -120.6245477,
              35.6450646
            ],
            [
              -120.6244719,
              35.6450734
            ],
            [
              -120.624369,
              35.6450206
            ],
            [
              -120.624064,
              35.645003
            ],
            [
              -120.6238908,
              35.6449766
            ],
            [
              -120.6237952,
              35.6449751
            ],
            [
              -120.6237627,
              35.6450133
            ],
            [
              -120.6237537,
              35.6450631
            ]
          ]
        ]
      },
      "id": "way/252195773"
    },
    {
      "type": "Feature",
      "properties": {
        "@id": "way/252195774",
        "golf": "green",
        "landuse": "grass",
        "leisure": "pitch",
        "sport": "golf"
      },
      "geometry": {
        "type": "Polygon",
        "coordinates": [
          [
            [
              -120.6268453,
              35.6475685
            ],
            [
              -120.6268159,
              35.6476245
            ],
            [
              -120.6268313,
              35.6476691
            ],
            [
              -120.6268823,
              35.6476961
            ],
            [
              -120.6269882,
              35.6476816
            ],
            [
              -120.627089,
              35.6476577
            ],
            [
              -120.6271171,
              35.6476214
            ],
            [
              -120.6271005,
              35.6475706
            ],
            [
              -120.6270558,
              35.6475364
            ],
            [
              -120.6270086,
              35.6474887
            ],
            [
              -120.626978,
              35.64744
            ],
            [
              -120.6269359,
              35.6474265
            ],
            [
              -120.6268976,
              35.6474483
            ],
            [
              -120.6268849,
              35.6474908
            ],
            [
              -120.6268644,
              35.6475468
            ],
            [
              -120.6268453,
              35.6475685
            ]
          ]
        ]
      },
      "id": "way/252195774"
    },
    {
      "type": "Feature",
      "properties": {
        "@id": "way/252195776",
        "golf": "green",
        "landuse": "grass",
        "leisure": "pitch",
        "sport": "golf",
        "@relations": [
          {
            "role": "inner",
            "rel": 18999717,
            "reltags": {
              "golf": "fairway",
              "type": "multipolygon"
            }
          }
        ]
      },
      "geometry": {
        "type": "Polygon",
        "coordinates": [
          [
            [
              -120.6233805,
              35.6464137
            ],
            [
              -120.6234292,
              35.646398
            ],
            [
              -120.6234563,
              35.6463534
            ],
            [
              -120.6234601,
              35.6462966
            ],
            [
              -120.6234359,
              35.646253
            ],
            [
              -120.6233932,
              35.6462473
            ],
            [
              -120.6233626,
              35.6462364
            ],
            [
              -120.6233443,
              35.6462102
            ],
            [
              -120.6233371,
              35.6461887
            ],
            [
              -120.6233161,
              35.6461732
            ],
            [
              -120.6232873,
              35.6461576
            ],
            [
              -120.623235,
              35.6461586
            ],
            [
              -120.6231801,
              35.6461887
            ],
            [
              -120.6231444,
              35.646227
            ],
            [
              -120.6231253,
              35.6462778
            ],
            [
              -120.623124,
              35.6463255
            ],
            [
              -120.6231521,
              35.646367
            ],
            [
              -120.6232299,
              35.6464033
            ],
            [
              -120.6233116,
              35.6464147
            ],
            [
              -120.6233805,
              35.6464137
            ]
          ]
        ]
      },
      "id": "way/252195776"
    },
    {
      "type": "Feature",
      "properties": {
        "@id": "way/252195777",
        "golf": "fairway",
        "landuse": "grass",
        "mow": "yes"
      },
      "geometry": {
        "type": "Polygon",
        "coordinates": [
          [
            [
              -120.6213112,
              35.6467887
            ],
            [
              -120.6214376,
              35.6467565
            ],
            [
              -120.6215097,
              35.6466934
            ],
            [
              -120.6215332,
              35.6466333
            ],
            [
              -120.6215332,
              35.6465526
            ],
            [
              -120.6214809,
              35.6465013
            ],
            [
              -120.6213546,
              35.6465057
            ],
            [
              -120.6211921,
              35.6465644
            ],
            [
              -120.621046,
              35.6466113
            ],
            [
              -120.6209197,
              35.6466142
            ],
            [
              -120.6207663,
              35.6465453
            ],
            [
              -120.6206418,
              35.6464661
            ],
            [
              -120.6205678,
              35.6464016
            ],
            [
              -120.6204703,
              35.6463899
            ],
            [
              -120.6203855,
              35.6464075
            ],
            [
              -120.6203133,
              35.646428
            ],
            [
              -120.6202429,
              35.6464119
            ],
            [
              -120.6201996,
              35.6463605
            ],
            [
              -120.6201148,
              35.6463092
            ],
            [
              -120.6200192,
              35.6462813
            ],
            [
              -120.6199163,
              35.6462461
            ],
            [
              -120.6198333,
              35.6461787
            ],
            [
              -120.6196745,
              35.6461112
            ],
            [
              -120.6194868,
              35.646142
            ],
            [
              -120.6193876,
              35.646211
            ],
            [
              -120.619393,
              35.6463019
            ],
            [
              -120.6194977,
              35.6463517
            ],
            [
              -120.6196655,
              35.6464309
            ],
            [
              -120.619808,
              35.646538
            ],
            [
              -120.6198911,
              35.646623
            ],
            [
              -120.6199614,
              35.6466846
            ],
            [
              -120.6200318,
              35.6466905
            ],
            [
              -120.6201148,
              35.6466626
            ],
            [
              -120.6202303,
              35.6466568
            ],
            [
              -120.620326,
              35.6466641
            ],
            [
              -120.6203693,
              35.6466831
            ],
            [
              -120.6204198,
              35.6467271
            ],
            [
              -120.62051,
              35.6468577
            ],
            [
              -120.6206165,
              35.6469236
            ],
            [
              -120.6207193,
              35.64695
            ],
            [
              -120.6208547,
              35.6469676
            ],
            [
              -120.6209648,
              35.646972
            ],
            [
              -120.6210911,
              35.6469471
            ],
            [
              -120.6211452,
              35.646928
            ],
            [
              -120.6211994,
              35.646884
            ],
            [
              -120.6212463,
              35.6468195
            ],
            [
              -120.6213112,
              35.6467887
            ]
          ]
        ]
      },
      "id": "way/252195777"
    },
    {
      "type": "Feature",
      "properties": {
        "@id": "way/1316500999",
        "golf": "bunker",
        "natural": "sand"
      },
      "geometry": {
        "type": "Polygon",
        "coordinates": [
          [
            [
              -120.618585,
              35.6468092
            ],
            [
              -120.6185935,
              35.6468101
            ],
            [
              -120.6185989,
              35.6468101
            ],
            [
              -120.6186029,
              35.6468108
            ],
            [
              -120.618611,
              35.6468138
            ],
            [
              -120.6186209,
              35.6468148
            ],
            [
              -120.6186362,
              35.646813
            ],
            [
              -120.6186521,
              35.6468083
            ],
            [
              -120.6186647,
              35.6468011
            ],
            [
              -120.6186723,
              35.6467916
            ],
            [
              -120.6186782,
              35.64678
            ],
            [
              -120.6186788,
              35.6467739
            ],
            [
              -120.6186767,
              35.6467684
            ],
            [
              -120.6186706,
              35.6467629
            ],
            [
              -120.6186618,
              35.6467595
            ],
            [
              -120.6186468,
              35.646756
            ],
            [
              -120.6186308,
              35.6467562
            ],
            [
              -120.618621,
              35.6467581
            ],
            [
              -120.6186069,
              35.6467591
            ],
            [
              -120.6185932,
              35.6467579
            ],
            [
              -120.6185808,
              35.646757
            ],
            [
              -120.6185684,
              35.6467548
            ],
            [
              -120.6185563,
              35.6467555
            ],
            [
              -120.618547,
              35.6467606
            ],
            [
              -120.6185397,
              35.6467666
            ],
            [
              -120.6185353,
              35.6467768
            ],
            [
              -120.6185389,
              35.646788
            ],
            [
              -120.6185467,
              35.6467959
            ],
            [
              -120.6185542,
              35.646801
            ],
            [
              -120.6185674,
              35.646806
            ],
            [
              -120.6185761,
              35.6468082
            ],
            [
              -120.618585,
              35.6468092
            ]
          ]
        ]
      },
      "id": "way/1316500999"
    },
    {
      "type": "Feature",
      "properties": {
        "@id": "way/1316501002",
        "golf": "bunker",
        "natural": "sand"
      },
      "geometry": {
        "type": "Polygon",
        "coordinates": [
          [
            [
              -120.6182058,
              35.646583
            ],
            [
              -120.6182146,
              35.6465937
            ],
            [
              -120.6182291,
              35.646601
            ],
            [
              -120.6182448,
              35.6466089
            ],
            [
              -120.6182614,
              35.6466163
            ],
            [
              -120.6182778,
              35.6466228
            ],
            [
              -120.6182943,
              35.6466283
            ],
            [
              -120.61831,
              35.6466318
            ],
            [
              -120.6183284,
              35.6466343
            ],
            [
              -120.6183464,
              35.646634
            ],
            [
              -120.6183602,
              35.6466294
            ],
            [
              -120.6183698,
              35.6466227
            ],
            [
              -120.6183729,
              35.6466149
            ],
            [
              -120.618371,
              35.646604
            ],
            [
              -120.6183635,
              35.6465952
            ],
            [
              -120.6183536,
              35.6465902
            ],
            [
              -120.6183448,
              35.6465871
            ],
            [
              -120.6183358,
              35.6465844
            ],
            [
              -120.6183249,
              35.6465786
            ],
            [
              -120.6183173,
              35.6465725
            ],
            [
              -120.6183094,
              35.6465655
            ],
            [
              -120.6182982,
              35.6465547
            ],
            [
              -120.6182904,
              35.6465465
            ],
            [
              -120.6182823,
              35.6465392
            ],
            [
              -120.6182702,
              35.6465345
            ],
            [
              -120.6182569,
              35.6465325
            ],
            [
              -120.6182458,
              35.6465323
            ],
            [
              -120.6182347,
              35.6465332
            ],
            [
              -120.6182246,
              35.6465381
            ],
            [
              -120.6182119,
              35.6465462
            ],
            [
              -120.6182058,
              35.6465571
            ],
            [
              -120.6182038,
              35.6465637
            ],
            [
              -120.6182038,
              35.646574
            ],
            [
              -120.6182058,
              35.646583
            ]
          ]
        ]
      },
      "id": "way/1316501002"
    },
    {
      "type": "Feature",
      "properties": {
        "@id": "way/1316501004",
        "golf": "bunker",
        "natural": "sand"
      },
      "geometry": {
        "type": "Polygon",
        "coordinates": [
          [
            [
              -120.6167889,
              35.6462803
            ],
            [
              -120.6167989,
              35.6462857
            ],
            [
              -120.6168103,
              35.6462949
            ],
            [
              -120.616818,
              35.6462998
            ],
            [
              -120.6168276,
              35.6463028
            ],
            [
              -120.6168374,
              35.6463037
            ],
            [
              -120.6168466,
              35.6463038
            ],
            [
              -120.6168551,
              35.6463031
            ],
            [
              -120.6168619,
              35.6462997
            ],
            [
              -120.6168663,
              35.6462958
            ],
            [
              -120.6168664,
              35.6462879
            ],
            [
              -120.6168648,
              35.6462789
            ],
            [
              -120.61686,
              35.6462696
            ],
            [
              -120.6168514,
              35.6462615
            ],
            [
              -120.6168382,
              35.6462521
            ],
            [
              -120.6168249,
              35.6462464
            ],
            [
              -120.6168195,
              35.646243
            ],
            [
              -120.6168114,
              35.6462376
            ],
            [
              -120.616804,
              35.6462361
            ],
            [
              -120.6167944,
              35.6462369
            ],
            [
              -120.6167864,
              35.6462386
            ],
            [
              -120.6167816,
              35.64624
            ],
            [
              -120.6167776,
              35.6462416
            ],
            [
              -120.6167742,
              35.6462443
            ],
            [
              -120.6167722,
              35.6462485
            ],
            [
              -120.6167711,
              35.6462526
            ],
            [
              -120.6167705,
              35.6462598
            ],
            [
              -120.6167725,
              35.6462658
            ],
            [
              -120.6167761,
              35.646271
            ],
            [
              -120.6167822,
              35.6462764
            ],
            [
              -120.6167889,
              35.6462803
            ]
          ]
        ]
      },
      "id": "way/1316501004"
    },
    {
      "type": "Feature",
      "properties": {
        "@id": "way/1316501005",
        "golf": "green",
        "landuse": "grass",
        "leisure": "pitch",
        "sport": "golf",
        "@relations": [
          {
            "role": "inner",
            "rel": 19320898,
            "reltags": {
              "golf": "fairway",
              "landuse": "grass",
              "mow": "yes",
              "type": "multipolygon"
            }
          }
        ]
      },
      "geometry": {
        "type": "Polygon",
        "coordinates": [
          [
            [
              -120.616478,
              35.6462176
            ],
            [
              -120.6164951,
              35.6462108
            ],
            [
              -120.6165096,
              35.646203
            ],
            [
              -120.6165196,
              35.6461927
            ],
            [
              -120.6165232,
              35.6461856
            ],
            [
              -120.6165237,
              35.6461671
            ],
            [
              -120.6165234,
              35.6461569
            ],
            [
              -120.6165187,
              35.6461439
            ],
            [
              -120.6165124,
              35.6461315
            ],
            [
              -120.6165016,
              35.6461184
            ],
            [
              -120.6164851,
              35.6461005
            ],
            [
              -120.6164715,
              35.6460888
            ],
            [
              -120.6164533,
              35.6460787
            ],
            [
              -120.6164277,
              35.6460668
            ],
            [
              -120.616381,
              35.6460573
            ],
            [
              -120.6163583,
              35.646056
            ],
            [
              -120.6163401,
              35.6460556
            ],
            [
              -120.6163182,
              35.6460585
            ],
            [
              -120.6163007,
              35.6460662
            ],
            [
              -120.6162817,
              35.6460763
            ],
            [
              -120.6162686,
              35.6460913
            ],
            [
              -120.6162631,
              35.6461056
            ],
            [
              -120.6162573,
              35.646132
            ],
            [
              -120.61626,
              35.6461482
            ],
            [
              -120.6162653,
              35.6461614
            ],
            [
              -120.6162735,
              35.6461772
            ],
            [
              -120.616281,
              35.6461896
            ],
            [
              -120.6162953,
              35.6462033
            ],
            [
              -120.6163072,
              35.6462141
            ],
            [
              -120.6163252,
              35.6462243
            ],
            [
              -120.6163385,
              35.6462262
            ],
            [
              -120.6163528,
              35.6462275
            ],
            [
              -120.6163722,
              35.6462302
            ],
            [
              -120.6163969,
              35.6462297
            ],
            [
              -120.6164176,
              35.6462279
            ],
            [
              -120.6164513,
              35.6462266
            ],
            [
              -120.616466,
              35.6462231
            ],
            [
              -120.616478,
              35.6462176
            ]
          ]
        ]
      },
      "id": "way/1316501005"
    },
    {
      "type": "Feature",
      "properties": {
        "@id": "way/1316501006",
        "golf": "bunker",
        "natural": "sand"
      },
      "geometry": {
        "type": "Polygon",
        "coordinates": [
          [
            [
              -120.6155466,
              35.6471839
            ],
            [
              -120.6155542,
              35.6471907
            ],
            [
              -120.6155622,
              35.6471927
            ],
            [
              -120.6155712,
              35.6471928
            ],
            [
              -120.6155792,
              35.6471898
            ],
            [
              -120.6155857,
              35.6471843
            ],
            [
              -120.6155931,
              35.6471786
            ],
            [
              -120.6156033,
              35.6471722
            ],
            [
              -120.6156131,
              35.6471629
            ],
            [
              -120.6156229,
              35.6471487
            ],
            [
              -120.6156269,
              35.6471406
            ],
            [
              -120.6156279,
              35.6471324
            ],
            [
              -120.615625,
              35.6471238
            ],
            [
              -120.6156216,
              35.6471108
            ],
            [
              -120.6156201,
              35.6470898
            ],
            [
              -120.615619,
              35.6470747
            ],
            [
              -120.6156163,
              35.6470648
            ],
            [
              -120.6156129,
              35.6470565
            ],
            [
              -120.6156087,
              35.6470508
            ],
            [
              -120.6156017,
              35.6470466
            ],
            [
              -120.6155936,
              35.6470449
            ],
            [
              -120.6155849,
              35.6470452
            ],
            [
              -120.6155749,
              35.6470479
            ],
            [
              -120.6155599,
              35.6470533
            ],
            [
              -120.6155512,
              35.6470596
            ],
            [
              -120.6155443,
              35.6470667
            ],
            [
              -120.6155346,
              35.6470762
            ],
            [
              -120.6155311,
              35.6470828
            ],
            [
              -120.6155283,
              35.6470889
            ],
            [
              -120.6155293,
              35.6470945
            ],
            [
              -120.6155347,
              35.6471033
            ],
            [
              -120.6155373,
              35.6471088
            ],
            [
              -120.6155385,
              35.647115
            ],
            [
              -120.6155387,
              35.6471229
            ],
            [
              -120.6155363,
              35.6471371
            ],
            [
              -120.6155375,
              35.6471524
            ],
            [
              -120.6155389,
              35.6471663
            ],
            [
              -120.6155466,
              35.6471839
            ]
          ]
        ]
      },
      "id": "way/1316501006"
    },
    {
      "type": "Feature",
      "properties": {
        "@id": "way/1316501007",
        "golf": "bunker",
        "natural": "sand"
      },
      "geometry": {
        "type": "Polygon",
        "coordinates": [
          [
            [
              -120.615573,
              35.6483384
            ],
            [
              -120.6155874,
              35.6483437
            ],
            [
              -120.6156016,
              35.6483443
            ],
            [
              -120.6156233,
              35.6483386
            ],
            [
              -120.6156464,
              35.6483301
            ],
            [
              -120.6156672,
              35.6483183
            ],
            [
              -120.6156832,
              35.6483083
            ],
            [
              -120.6156972,
              35.6482965
            ],
            [
              -120.6157083,
              35.6482858
            ],
            [
              -120.6157175,
              35.6482693
            ],
            [
              -120.6157205,
              35.6482599
            ],
            [
              -120.6157226,
              35.6482498
            ],
            [
              -120.6157222,
              35.648242
            ],
            [
              -120.6157178,
              35.6482352
            ],
            [
              -120.6157119,
              35.6482271
            ],
            [
              -120.6157066,
              35.6482224
            ],
            [
              -120.615699,
              35.648219
            ],
            [
              -120.6156927,
              35.6482187
            ],
            [
              -120.6156817,
              35.6482186
            ],
            [
              -120.615671,
              35.6482201
            ],
            [
              -120.6156605,
              35.6482257
            ],
            [
              -120.6156509,
              35.6482317
            ],
            [
              -120.6156371,
              35.648241
            ],
            [
              -120.6156221,
              35.6482504
            ],
            [
              -120.6156039,
              35.6482617
            ],
            [
              -120.6155855,
              35.6482714
            ],
            [
              -120.615573,
              35.6482805
            ],
            [
              -120.6155664,
              35.6482868
            ],
            [
              -120.6155604,
              35.6482959
            ],
            [
              -120.6155551,
              35.6483073
            ],
            [
              -120.6155556,
              35.6483183
            ],
            [
              -120.6155642,
              35.648329
            ],
            [
              -120.615573,
              35.6483384
            ]
          ]
        ]
      },
      "id": "way/1316501007"
    },
    {
      "type": "Feature",
      "properties": {
        "@id": "way/1316501008",
        "golf": "bunker",
        "natural": "sand"
      },
      "geometry": {
        "type": "Polygon",
        "coordinates": [
          [
            [
              -120.6154615,
              35.6487155
            ],
            [
              -120.6154549,
              35.6487022
            ],
            [
              -120.6154424,
              35.6486904
            ],
            [
              -120.6154233,
              35.6486851
            ],
            [
              -120.6154049,
              35.6486925
            ],
            [
              -120.6153957,
              35.648699
            ],
            [
              -120.6153911,
              35.6487096
            ],
            [
              -120.6153871,
              35.6487214
            ],
            [
              -120.6153847,
              35.648734
            ],
            [
              -120.6153828,
              35.6487553
            ],
            [
              -120.6153852,
              35.6487733
            ],
            [
              -120.615385,
              35.6487852
            ],
            [
              -120.6153839,
              35.6488002
            ],
            [
              -120.6153852,
              35.6488107
            ],
            [
              -120.6153871,
              35.6488235
            ],
            [
              -120.6153904,
              35.6488369
            ],
            [
              -120.6153977,
              35.6488529
            ],
            [
              -120.6154069,
              35.6488641
            ],
            [
              -120.6154174,
              35.6488705
            ],
            [
              -120.6154319,
              35.6488716
            ],
            [
              -120.6154424,
              35.6488663
            ],
            [
              -120.6154463,
              35.648863
            ],
            [
              -120.6154529,
              35.6488486
            ],
            [
              -120.6154588,
              35.6488347
            ],
            [
              -120.6154621,
              35.6488208
            ],
            [
              -120.6154641,
              35.648808
            ],
            [
              -120.6154661,
              35.6487984
            ],
            [
              -120.6154695,
              35.6487842
            ],
            [
              -120.6154702,
              35.6487679
            ],
            [
              -120.6154683,
              35.6487561
            ],
            [
              -120.6154676,
              35.6487435
            ],
            [
              -120.6154654,
              35.6487286
            ],
            [
              -120.6154615,
              35.6487155
            ]
          ]
        ]
      },
      "id": "way/1316501008"
    },
    {
      "type": "Feature",
      "properties": {
        "@id": "way/1316501009",
        "golf": "bunker",
        "natural": "sand"
      },
      "geometry": {
        "type": "Polygon",
        "coordinates": [
          [
            [
              -120.6153738,
              35.6490099
            ],
            [
              -120.615376,
              35.6490003
            ],
            [
              -120.6153748,
              35.6489882
            ],
            [
              -120.6153705,
              35.6489775
            ],
            [
              -120.6153642,
              35.6489648
            ],
            [
              -120.6153577,
              35.6489547
            ],
            [
              -120.6153495,
              35.6489447
            ],
            [
              -120.6153402,
              35.6489359
            ],
            [
              -120.6153282,
              35.6489288
            ],
            [
              -120.6153167,
              35.6489245
            ],
            [
              -120.6153031,
              35.6489245
            ],
            [
              -120.6152854,
              35.6489258
            ],
            [
              -120.615267,
              35.6489305
            ],
            [
              -120.6152563,
              35.6489357
            ],
            [
              -120.6152481,
              35.648941
            ],
            [
              -120.6152337,
              35.6489483
            ],
            [
              -120.6152223,
              35.6489581
            ],
            [
              -120.6152098,
              35.6489685
            ],
            [
              -120.6152009,
              35.6489797
            ],
            [
              -120.6151907,
              35.648991
            ],
            [
              -120.6151861,
              35.6489993
            ],
            [
              -120.6151789,
              35.6490091
            ],
            [
              -120.6151777,
              35.6490194
            ],
            [
              -120.6151771,
              35.6490297
            ],
            [
              -120.6151797,
              35.6490359
            ],
            [
              -120.6151855,
              35.6490409
            ],
            [
              -120.6151937,
              35.6490437
            ],
            [
              -120.6152044,
              35.6490447
            ],
            [
              -120.6152144,
              35.6490438
            ],
            [
              -120.6152248,
              35.6490419
            ],
            [
              -120.6152378,
              35.6490375
            ],
            [
              -120.6152492,
              35.649032
            ],
            [
              -120.6152582,
              35.6490263
            ],
            [
              -120.6152672,
              35.6490225
            ],
            [
              -120.615278,
              35.649022
            ],
            [
              -120.6152943,
              35.6490214
            ],
            [
              -120.6153161,
              35.6490239
            ],
            [
              -120.6153305,
              35.6490266
            ],
            [
              -120.6153405,
              35.649027
            ],
            [
              -120.615353,
              35.6490241
            ],
            [
              -120.6153623,
              35.64902
            ],
            [
              -120.6153695,
              35.6490154
            ],
            [
              -120.6153738,
              35.6490099
            ]
          ]
        ]
      },
      "id": "way/1316501009"
    },
    {
      "type": "Feature",
      "properties": {
        "@id": "way/1316501010",
        "golf": "green",
        "landuse": "grass",
        "leisure": "pitch",
        "sport": "golf",
        "@relations": [
          {
            "role": "inner",
            "rel": 19320907,
            "reltags": {
              "golf": "fairway",
              "landuse": "grass",
              "mow": "yes",
              "type": "multipolygon"
            }
          }
        ]
      },
      "geometry": {
        "type": "Polygon",
        "coordinates": [
          [
            [
              -120.61532,
              35.6487301
            ],
            [
              -120.615313,
              35.6487138
            ],
            [
              -120.6152937,
              35.6487102
            ],
            [
              -120.6152575,
              35.6487035
            ],
            [
              -120.6152347,
              35.6486993
            ],
            [
              -120.615214,
              35.6487077
            ],
            [
              -120.6152005,
              35.6487132
            ],
            [
              -120.6151825,
              35.6487206
            ],
            [
              -120.6151647,
              35.6487392
            ],
            [
              -120.6151449,
              35.648757
            ],
            [
              -120.6151261,
              35.6487715
            ],
            [
              -120.6151125,
              35.6487876
            ],
            [
              -120.6150916,
              35.6488062
            ],
            [
              -120.6150749,
              35.6488275
            ],
            [
              -120.6150655,
              35.648847
            ],
            [
              -120.6150645,
              35.6488724
            ],
            [
              -120.615076,
              35.6488902
            ],
            [
              -120.6151021,
              35.6489064
            ],
            [
              -120.6151282,
              35.6489174
            ],
            [
              -120.6151616,
              35.648914
            ],
            [
              -120.615194,
              35.6489098
            ],
            [
              -120.6152159,
              35.6489038
            ],
            [
              -120.6152389,
              35.6489004
            ],
            [
              -120.6152691,
              35.6488894
            ],
            [
              -120.6152911,
              35.6488741
            ],
            [
              -120.6153067,
              35.648858
            ],
            [
              -120.6153193,
              35.6488393
            ],
            [
              -120.6153266,
              35.6488258
            ],
            [
              -120.6153339,
              35.6488029
            ],
            [
              -120.6153339,
              35.6487715
            ],
            [
              -120.6153325,
              35.6487596
            ],
            [
              -120.6153258,
              35.6487438
            ],
            [
              -120.61532,
              35.6487301
            ]
          ]
        ]
      },
      "id": "way/1316501010"
    },
    {
      "type": "Feature",
      "properties": {
        "@id": "way/1316501012",
        "golf": "bunker",
        "natural": "sand"
      },
      "geometry": {
        "type": "Polygon",
        "coordinates": [
          [
            [
              -120.6152792,
              35.6506205
            ],
            [
              -120.6152693,
              35.650609
            ],
            [
              -120.6152519,
              35.6506084
            ],
            [
              -120.6152361,
              35.6506138
            ],
            [
              -120.6152212,
              35.6506178
            ],
            [
              -120.6152138,
              35.6506232
            ],
            [
              -120.615208,
              35.6506346
            ],
            [
              -120.6152071,
              35.6506494
            ],
            [
              -120.6152154,
              35.6506595
            ],
            [
              -120.6152245,
              35.6506703
            ],
            [
              -120.6152312,
              35.6506804
            ],
            [
              -120.6152336,
              35.6506892
            ],
            [
              -120.6152345,
              35.6507047
            ],
            [
              -120.6152345,
              35.6507175
            ],
            [
              -120.6152394,
              35.6507276
            ],
            [
              -120.6152486,
              35.650739
            ],
            [
              -120.6152568,
              35.6507572
            ],
            [
              -120.615266,
              35.650772
            ],
            [
              -120.6152792,
              35.6507861
            ],
            [
              -120.6152925,
              35.6507929
            ],
            [
              -120.6153115,
              35.6507956
            ],
            [
              -120.6153298,
              35.6507855
            ],
            [
              -120.6153405,
              35.6507734
            ],
            [
              -120.6153497,
              35.6507565
            ],
            [
              -120.615358,
              35.650741
            ],
            [
              -120.6153629,
              35.6507255
            ],
            [
              -120.6153629,
              35.6507067
            ],
            [
              -120.6153571,
              35.6506959
            ],
            [
              -120.6153439,
              35.6506845
            ],
            [
              -120.6153273,
              35.6506764
            ],
            [
              -120.6153091,
              35.6506643
            ],
            [
              -120.6152983,
              35.6506521
            ],
            [
              -120.61529,
              35.650634
            ],
            [
              -120.6152792,
              35.6506205
            ]
          ]
        ]
      },
      "id": "way/1316501012"
    },
    {
      "type": "Feature",
      "properties": {
        "@id": "way/1316501014",
        "golf": "bunker",
        "natural": "sand"
      },
      "geometry": {
        "type": "Polygon",
        "coordinates": [
          [
            [
              -120.6153641,
              35.6510022
            ],
            [
              -120.6153595,
              35.6509947
            ],
            [
              -120.6153511,
              35.6509874
            ],
            [
              -120.61534,
              35.6509833
            ],
            [
              -120.6153262,
              35.6509817
            ],
            [
              -120.6153128,
              35.6509822
            ],
            [
              -120.6152966,
              35.6509873
            ],
            [
              -120.6152832,
              35.6509939
            ],
            [
              -120.6152742,
              35.6509975
            ],
            [
              -120.6152618,
              35.6510002
            ],
            [
              -120.6152524,
              35.6510025
            ],
            [
              -120.6152433,
              35.6510061
            ],
            [
              -120.6152389,
              35.6510116
            ],
            [
              -120.6152366,
              35.6510166
            ],
            [
              -120.6152358,
              35.6510225
            ],
            [
              -120.6152361,
              35.6510278
            ],
            [
              -120.6152371,
              35.6510335
            ],
            [
              -120.6152387,
              35.6510371
            ],
            [
              -120.6152425,
              35.6510399
            ],
            [
              -120.6152462,
              35.6510437
            ],
            [
              -120.6152477,
              35.6510462
            ],
            [
              -120.6152494,
              35.6510491
            ],
            [
              -120.6152523,
              35.6510525
            ],
            [
              -120.6152587,
              35.6510539
            ],
            [
              -120.6152637,
              35.6510527
            ],
            [
              -120.6152709,
              35.6510478
            ],
            [
              -120.6152763,
              35.6510458
            ],
            [
              -120.6152845,
              35.6510455
            ],
            [
              -120.6152926,
              35.651045
            ],
            [
              -120.6153024,
              35.6510443
            ],
            [
              -120.6153122,
              35.6510431
            ],
            [
              -120.6153231,
              35.6510423
            ],
            [
              -120.6153317,
              35.6510408
            ],
            [
              -120.6153382,
              35.6510378
            ],
            [
              -120.6153478,
              35.6510308
            ],
            [
              -120.6153555,
              35.6510238
            ],
            [
              -120.6153634,
              35.6510135
            ],
            [
              -120.6153641,
              35.6510022
            ]
          ]
        ]
      },
      "id": "way/1316501014"
    },
    {
      "type": "Feature",
      "properties": {
        "@id": "way/1316574231",
        "golf": "green",
        "landuse": "grass",
        "leisure": "pitch",
        "sport": "golf",
        "@relations": [
          {
            "role": "inner",
            "rel": 19320904,
            "reltags": {
              "golf": "fairway",
              "landuse": "grass",
              "mow": "yes",
              "type": "multipolygon"
            }
          }
        ]
      },
      "geometry": {
        "type": "Polygon",
        "coordinates": [
          [
            [
              -120.6160579,
              35.6477473
            ],
            [
              -120.616115,
              35.6477721
            ],
            [
              -120.6161432,
              35.6477811
            ],
            [
              -120.6161671,
              35.6477802
            ],
            [
              -120.6161877,
              35.6477758
            ],
            [
              -120.6162095,
              35.6477696
            ],
            [
              -120.6162345,
              35.647744
            ],
            [
              -120.6162432,
              35.6477245
            ],
            [
              -120.6162519,
              35.6476998
            ],
            [
              -120.6162638,
              35.6476733
            ],
            [
              -120.616278,
              35.647645
            ],
            [
              -120.616291,
              35.6476221
            ],
            [
              -120.6162954,
              35.6476035
            ],
            [
              -120.616291,
              35.6475858
            ],
            [
              -120.6162867,
              35.6475682
            ],
            [
              -120.6162682,
              35.6475584
            ],
            [
              -120.6162497,
              35.6475478
            ],
            [
              -120.6162203,
              35.6475425
            ],
            [
              -120.616204,
              35.6475443
            ],
            [
              -120.6161682,
              35.6475487
            ],
            [
              -120.616141,
              35.6475558
            ],
            [
              -120.6161258,
              35.6475708
            ],
            [
              -120.6161182,
              35.6475841
            ],
            [
              -120.6161084,
              35.6476026
            ],
            [
              -120.6160986,
              35.6476229
            ],
            [
              -120.616079,
              35.647645
            ],
            [
              -120.6160649,
              35.64766
            ],
            [
              -120.616054,
              35.6476715
            ],
            [
              -120.6160424,
              35.6476912
            ],
            [
              -120.6160372,
              35.6477095
            ],
            [
              -120.6160441,
              35.6477319
            ],
            [
              -120.6160579,
              35.6477473
            ]
          ]
        ]
      },
      "id": "way/1316574231"
    },
    {
      "type": "Feature",
      "properties": {
        "@id": "way/1316816296",
        "golf": "bunker"
      },
      "geometry": {
        "type": "Polygon",
        "coordinates": [
          [
            [
              -120.6166167,
              35.6487627
            ],
            [
              -120.6166284,
              35.6487601
            ],
            [
              -120.616639,
              35.6487519
            ],
            [
              -120.6166454,
              35.6487467
            ],
            [
              -120.6166486,
              35.6487368
            ],
            [
              -120.6166486,
              35.648729
            ],
            [
              -120.6166459,
              35.6487178
            ],
            [
              -120.6166395,
              35.6487091
            ],
            [
              -120.6166337,
              35.6487035
            ],
            [
              -120.6166214,
              35.6486987
            ],
            [
              -120.6166065,
              35.6486966
            ],
            [
              -120.61659,
              35.6486979
            ],
            [
              -120.6165805,
              35.6487
            ],
            [
              -120.616564,
              35.6487043
            ],
            [
              -120.6165528,
              35.6487078
            ],
            [
              -120.616532,
              35.6487152
            ],
            [
              -120.616523,
              35.6487221
            ],
            [
              -120.6165123,
              35.648729
            ],
            [
              -120.6165028,
              35.6487407
            ],
            [
              -120.6164911,
              35.6487528
            ],
            [
              -120.6164847,
              35.6487619
            ],
            [
              -120.6164762,
              35.6487731
            ],
            [
              -120.616474,
              35.6487822
            ],
            [
              -120.6164724,
              35.6487943
            ],
            [
              -120.616473,
              35.6488021
            ],
            [
              -120.6164746,
              35.6488116
            ],
            [
              -120.6164793,
              35.6488207
            ],
            [
              -120.6164889,
              35.6488267
            ],
            [
              -120.6164974,
              35.6488315
            ],
            [
              -120.6165081,
              35.6488315
            ],
            [
              -120.6165209,
              35.6488285
            ],
            [
              -120.6165336,
              35.6488216
            ],
            [
              -120.6165437,
              35.6488103
            ],
            [
              -120.6165512,
              35.6488004
            ],
            [
              -120.6165581,
              35.6487913
            ],
            [
              -120.6165672,
              35.6487831
            ],
            [
              -120.6165831,
              35.6487753
            ],
            [
              -120.6165954,
              35.6487697
            ],
            [
              -120.6166071,
              35.6487649
            ],
            [
              -120.6166167,
              35.6487627
            ]
          ]
        ]
      },
      "id": "way/1316816296"
    },
    {
      "type": "Feature",
      "properties": {
        "@id": "way/1316846690",
        "golf": "green",
        "landuse": "grass",
        "leisure": "pitch",
        "sport": "golf",
        "@relations": [
          {
            "role": "inner",
            "rel": 19320901,
            "reltags": {
              "golf": "fairway",
              "landuse": "grass",
              "mow": "yes",
              "type": "multipolygon"
            }
          }
        ]
      },
      "geometry": {
        "type": "Polygon",
        "coordinates": [
          [
            [
              -120.6266861,
              35.6453941
            ],
            [
              -120.6267068,
              35.6454109
            ],
            [
              -120.6267223,
              35.6454179
            ],
            [
              -120.6267517,
              35.6454319
            ],
            [
              -120.6267931,
              35.6454417
            ],
            [
              -120.6268449,
              35.6454445
            ],
            [
              -120.6268845,
              35.6454389
            ],
            [
              -120.6269087,
              35.6454291
            ],
            [
              -120.626926,
              35.6454123
            ],
            [
              -120.6269329,
              35.645387
            ],
            [
              -120.6269432,
              35.6453576
            ],
            [
              -120.626945,
              35.6453366
            ],
            [
              -120.6269398,
              35.6453141
            ],
            [
              -120.6269173,
              35.6452889
            ],
            [
              -120.6268897,
              35.6452692
            ],
            [
              -120.6268414,
              35.6452664
            ],
            [
              -120.6267913,
              35.6452734
            ],
            [
              -120.6267603,
              35.6452931
            ],
            [
              -120.6267361,
              35.6453127
            ],
            [
              -120.626724,
              35.6453197
            ],
            [
              -120.6267085,
              35.6453295
            ],
            [
              -120.6266895,
              35.6453604
            ],
            [
              -120.6266826,
              35.6453758
            ],
            [
              -120.6266861,
              35.6453941
            ]
          ]
        ]
      },
      "id": "way/1316846690"
    },
    {
      "type": "Feature",
      "properties": {
        "@id": "way/1316846691",
        "golf": "bunker"
      },
      "geometry": {
        "type": "Polygon",
        "coordinates": [
          [
            [
              -120.6269959,
              35.6454526
            ],
            [
              -120.6269987,
              35.645461
            ],
            [
              -120.6270021,
              35.6454666
            ],
            [
              -120.6270117,
              35.6454738
            ],
            [
              -120.6270219,
              35.6454788
            ],
            [
              -120.627037,
              35.6454794
            ],
            [
              -120.6270521,
              35.6454771
            ],
            [
              -120.6270644,
              35.6454755
            ],
            [
              -120.6270719,
              35.6454643
            ],
            [
              -120.6270713,
              35.6454538
            ],
            [
              -120.6270617,
              35.6454382
            ],
            [
              -120.6270562,
              35.6454281
            ],
            [
              -120.6270452,
              35.6454198
            ],
            [
              -120.6270363,
              35.6454092
            ],
            [
              -120.6270185,
              35.6454048
            ],
            [
              -120.6270096,
              35.6454059
            ],
            [
              -120.6270021,
              35.6454098
            ],
            [
              -120.6269945,
              35.6454165
            ],
            [
              -120.6269925,
              35.645427
            ],
            [
              -120.6269925,
              35.6454343
            ],
            [
              -120.6269925,
              35.6454415
            ],
            [
              -120.6269959,
              35.6454526
            ]
          ]
        ]
      },
      "id": "way/1316846691"
    },
    {
      "type": "Feature",
      "properties": {
        "@id": "way/1364404538",
        "golf": "fairway"
      },
      "geometry": {
        "type": "Polygon",
        "coordinates": [
          [
            [
              -120.6159776,
              35.6452374
            ],
            [
              -120.6160029,
              35.6452237
            ],
            [
              -120.616017,
              35.6452062
            ],
            [
              -120.6160273,
              35.6451849
            ],
            [
              -120.6160273,
              35.6451643
            ],
            [
              -120.6160198,
              35.6451445
            ],
            [
              -120.6160038,
              35.6451278
            ],
            [
              -120.6159785,
              35.6451247
            ],
            [
              -120.6159551,
              35.6451308
            ],
            [
              -120.6159326,
              35.6451514
            ],
            [
              -120.615913,
              35.6451727
            ],
            [
              -120.6159017,
              35.6451917
            ],
            [
              -120.6158989,
              35.6452115
            ],
            [
              -120.6159083,
              35.6452298
            ],
            [
              -120.6159279,
              35.645245
            ],
            [
              -120.6159532,
              35.6452458
            ],
            [
              -120.6159776,
              35.6452374
            ]
          ]
        ]
      },
      "id": "way/1364404538"
    },
    {
      "type": "Feature",
      "properties": {
        "@id": "way/1364404542",
        "golf": "fairway"
      },
      "geometry": {
        "type": "Polygon",
        "coordinates": [
          [
            [
              -120.6181344,
              35.6515246
            ],
            [
              -120.618148,
              35.65152
            ],
            [
              -120.6181573,
              35.6515151
            ],
            [
              -120.6181653,
              35.6515029
            ],
            [
              -120.6181737,
              35.6514907
            ],
            [
              -120.6181803,
              35.6514785
            ],
            [
              -120.6181808,
              35.6514683
            ],
            [
              -120.6181784,
              35.6514549
            ],
            [
              -120.6181737,
              35.651437
            ],
            [
              -120.6181639,
              35.6514203
            ],
            [
              -120.6181503,
              35.6513971
            ],
            [
              -120.6181377,
              35.6513773
            ],
            [
              -120.6181269,
              35.6513601
            ],
            [
              -120.6181133,
              35.6513483
            ],
            [
              -120.618095,
              35.6513362
            ],
            [
              -120.6180739,
              35.651327
            ],
            [
              -120.6180482,
              35.6513183
            ],
            [
              -120.6180229,
              35.6513167
            ],
            [
              -120.6180046,
              35.6513202
            ],
            [
              -120.6179906,
              35.6513282
            ],
            [
              -120.6179807,
              35.6513373
            ],
            [
              -120.6179746,
              35.6513457
            ],
            [
              -120.617976,
              35.6513636
            ],
            [
              -120.6179817,
              35.6513818
            ],
            [
              -120.6179882,
              35.6513986
            ],
            [
              -120.6180009,
              35.6514161
            ],
            [
              -120.6180177,
              35.6514336
            ],
            [
              -120.6180369,
              35.6514557
            ],
            [
              -120.6180594,
              35.6514789
            ],
            [
              -120.6180763,
              35.6514991
            ],
            [
              -120.6180936,
              35.6515128
            ],
            [
              -120.6181058,
              35.6515197
            ],
            [
              -120.6181213,
              35.6515254
            ],
            [
              -120.6181344,
              35.6515246
            ]
          ]
        ]
      },
      "id": "way/1364404542"
    },
    {
      "type": "Feature",
      "properties": {
        "@id": "way/1364404543",
        "golf": "fairway"
      },
      "geometry": {
        "type": "Polygon",
        "coordinates": [
          [
            [
              -120.6157733,
              35.6491178
            ],
            [
              -120.6157648,
              35.649108
            ],
            [
              -120.6157535,
              35.6491026
            ],
            [
              -120.6157418,
              35.6491
            ],
            [
              -120.6157254,
              35.6491057
            ],
            [
              -120.6157091,
              35.649113
            ],
            [
              -120.6156978,
              35.649126
            ],
            [
              -120.6156888,
              35.6491402
            ],
            [
              -120.6156888,
              35.6491538
            ],
            [
              -120.6156915,
              35.6491665
            ],
            [
              -120.615695,
              35.6491782
            ],
            [
              -120.6157063,
              35.6491883
            ],
            [
              -120.6157149,
              35.6491912
            ],
            [
              -120.615727,
              35.6491915
            ],
            [
              -120.6157414,
              35.6491886
            ],
            [
              -120.6157519,
              35.6491836
            ],
            [
              -120.6157616,
              35.6491728
            ],
            [
              -120.6157683,
              35.6491621
            ],
            [
              -120.6157729,
              35.649151
            ],
            [
              -120.6157761,
              35.6491399
            ],
            [
              -120.6157776,
              35.6491285
            ],
            [
              -120.6157733,
              35.6491178
            ]
          ]
        ]
      },
      "id": "way/1364404543"
    },
    {
      "type": "Feature",
      "properties": {
        "@id": "way/1364404544",
        "golf": "fairway"
      },
      "geometry": {
        "type": "Polygon",
        "coordinates": [
          [
            [
              -120.6158103,
              35.6490336
            ],
            [
              -120.6158251,
              35.6490336
            ],
            [
              -120.6158434,
              35.649032
            ],
            [
              -120.6158551,
              35.6490285
            ],
            [
              -120.6158668,
              35.6490219
            ],
            [
              -120.6158785,
              35.6490121
            ],
            [
              -120.615887,
              35.6489969
            ],
            [
              -120.6158874,
              35.6489839
            ],
            [
              -120.6158843,
              35.6489697
            ],
            [
              -120.6158781,
              35.6489611
            ],
            [
              -120.6158683,
              35.6489491
            ],
            [
              -120.6158582,
              35.6489415
            ],
            [
              -120.6158462,
              35.6489358
            ],
            [
              -120.6158337,
              35.648932
            ],
            [
              -120.6158189,
              35.6489317
            ],
            [
              -120.6158002,
              35.6489361
            ],
            [
              -120.6157858,
              35.6489431
            ],
            [
              -120.6157753,
              35.6489504
            ],
            [
              -120.6157675,
              35.6489592
            ],
            [
              -120.6157616,
              35.6489712
            ],
            [
              -120.6157585,
              35.6489858
            ],
            [
              -120.6157562,
              35.6489972
            ],
            [
              -120.6157581,
              35.6490095
            ],
            [
              -120.6157624,
              35.6490146
            ],
            [
              -120.6157761,
              35.6490238
            ],
            [
              -120.6157897,
              35.6490295
            ],
            [
              -120.6158103,
              35.6490336
            ]
          ]
        ]
      },
      "id": "way/1364404544"
    },
    {
      "type": "Feature",
      "properties": {
        "@id": "way/1364404545",
        "golf": "fairway"
      },
      "geometry": {
        "type": "Polygon",
        "coordinates": [
          [
            [
              -120.6158777,
              35.6486915
            ],
            [
              -120.6158789,
              35.648675
            ],
            [
              -120.6158793,
              35.6486614
            ],
            [
              -120.6158773,
              35.6486462
            ],
            [
              -120.6158734,
              35.6486364
            ],
            [
              -120.6158656,
              35.6486244
            ],
            [
              -120.6158547,
              35.6486162
            ],
            [
              -120.6158442,
              35.6486083
            ],
            [
              -120.6158314,
              35.6486067
            ],
            [
              -120.6158197,
              35.6486067
            ],
            [
              -120.6158041,
              35.6486114
            ],
            [
              -120.615787,
              35.6486197
            ],
            [
              -120.6157761,
              35.6486279
            ],
            [
              -120.615764,
              35.6486367
            ],
            [
              -120.615755,
              35.6486491
            ],
            [
              -120.6157476,
              35.6486643
            ],
            [
              -120.6157433,
              35.6486788
            ],
            [
              -120.6157414,
              35.6486921
            ],
            [
              -120.6157422,
              35.6487114
            ],
            [
              -120.6157476,
              35.6487254
            ],
            [
              -120.6157515,
              35.6487374
            ],
            [
              -120.6157585,
              35.6487504
            ],
            [
              -120.6157644,
              35.648763
            ],
            [
              -120.6157698,
              35.6487757
            ],
            [
              -120.6157772,
              35.6487861
            ],
            [
              -120.6157862,
              35.6487966
            ],
            [
              -120.6157963,
              35.6488045
            ],
            [
              -120.615808,
              35.6488083
            ],
            [
              -120.6158204,
              35.6488111
            ],
            [
              -120.6158325,
              35.6488111
            ],
            [
              -120.6158446,
              35.6488098
            ],
            [
              -120.6158555,
              35.6488051
            ],
            [
              -120.6158652,
              35.6488
            ],
            [
              -120.6158722,
              35.6487937
            ],
            [
              -120.6158785,
              35.6487804
            ],
            [
              -120.6158808,
              35.6487621
            ],
            [
              -120.6158781,
              35.6487377
            ],
            [
              -120.6158765,
              35.648725
            ],
            [
              -120.6158761,
              35.6487092
            ],
            [
              -120.6158777,
              35.6486915
            ]
          ]
        ]
      },
      "id": "way/1364404545"
    },
    {
      "type": "Feature",
      "properties": {
        "@id": "way/1364404546",
        "golf": "fairway"
      },
      "geometry": {
        "type": "Polygon",
        "coordinates": [
          [
            [
              -120.6164151,
              35.6470345
            ],
            [
              -120.61641,
              35.6470278
            ],
            [
              -120.6164011,
              35.6470199
            ],
            [
              -120.6163902,
              35.6470155
            ],
            [
              -120.6163777,
              35.647012
            ],
            [
              -120.6163645,
              35.6470114
            ],
            [
              -120.6163532,
              35.6470158
            ],
            [
              -120.6163462,
              35.6470199
            ],
            [
              -120.6163403,
              35.6470263
            ],
            [
              -120.6163423,
              35.6470424
            ],
            [
              -120.6163466,
              35.6470487
            ],
            [
              -120.6163571,
              35.6470576
            ],
            [
              -120.6163656,
              35.6470614
            ],
            [
              -120.6163793,
              35.6470668
            ],
            [
              -120.6163917,
              35.6470674
            ],
            [
              -120.616405,
              35.6470642
            ],
            [
              -120.6164116,
              35.6470595
            ],
            [
              -120.6164159,
              35.6470535
            ],
            [
              -120.6164174,
              35.647043
            ],
            [
              -120.6164151,
              35.6470345
            ]
          ]
        ]
      },
      "id": "way/1364404546"
    },
    {
      "type": "Feature",
      "properties": {
        "@id": "way/1364404547",
        "golf": "fairway"
      },
      "geometry": {
        "type": "Polygon",
        "coordinates": [
          [
            [
              -120.6164416,
              35.647169
            ],
            [
              -120.6164365,
              35.6471582
            ],
            [
              -120.6164279,
              35.6471484
            ],
            [
              -120.6164163,
              35.6471389
            ],
            [
              -120.6164026,
              35.6471304
            ],
            [
              -120.616389,
              35.6471215
            ],
            [
              -120.6163719,
              35.647113
            ],
            [
              -120.6163559,
              35.647106
            ],
            [
              -120.6163423,
              35.6470994
            ],
            [
              -120.6163271,
              35.6470943
            ],
            [
              -120.6163146,
              35.6470924
            ],
            [
              -120.6162955,
              35.6470921
            ],
            [
              -120.6162819,
              35.6470952
            ],
            [
              -120.6162687,
              35.6471003
            ],
            [
              -120.6162601,
              35.6471092
            ],
            [
              -120.6162562,
              35.6471174
            ],
            [
              -120.6162531,
              35.6471272
            ],
            [
              -120.6162546,
              35.647138
            ],
            [
              -120.6162644,
              35.6471509
            ],
            [
              -120.616278,
              35.6471611
            ],
            [
              -120.6162885,
              35.6471683
            ],
            [
              -120.6163029,
              35.6471756
            ],
            [
              -120.6163162,
              35.6471813
            ],
            [
              -120.6163298,
              35.6471873
            ],
            [
              -120.6163442,
              35.6471918
            ],
            [
              -120.616359,
              35.6471965
            ],
            [
              -120.6163699,
              35.6471997
            ],
            [
              -120.6163804,
              35.6472022
            ],
            [
              -120.616398,
              35.6472047
            ],
            [
              -120.61641,
              35.6472047
            ],
            [
              -120.6164198,
              35.6472022
            ],
            [
              -120.6164272,
              35.6472006
            ],
            [
              -120.6164365,
              35.647193
            ],
            [
              -120.6164416,
              35.6471829
            ],
            [
              -120.6164416,
              35.647169
            ]
          ]
        ]
      },
      "id": "way/1364404547"
    },
    {
      "type": "Feature",
      "properties": {
        "@id": "way/1364404548",
        "golf": "fairway"
      },
      "geometry": {
        "type": "Polygon",
        "coordinates": [
          [
            [
              -120.6167905,
              35.6473136
            ],
            [
              -120.6167928,
              35.6472994
            ],
            [
              -120.616789,
              35.6472858
            ],
            [
              -120.6167808,
              35.6472687
            ],
            [
              -120.6167714,
              35.6472582
            ],
            [
              -120.6167605,
              35.6472481
            ],
            [
              -120.6167481,
              35.6472399
            ],
            [
              -120.6167368,
              35.6472323
            ],
            [
              -120.6167251,
              35.6472272
            ],
            [
              -120.6166994,
              35.6472285
            ],
            [
              -120.6166916,
              35.6472329
            ],
            [
              -120.616683,
              35.6472405
            ],
            [
              -120.6166776,
              35.6472506
            ],
            [
              -120.6166749,
              35.6472608
            ],
            [
              -120.6166741,
              35.6472709
            ],
            [
              -120.6166776,
              35.6472839
            ],
            [
              -120.6166854,
              35.6472924
            ],
            [
              -120.6166963,
              35.6473051
            ],
            [
              -120.6167068,
              35.6473152
            ],
            [
              -120.6167165,
              35.6473225
            ],
            [
              -120.6167302,
              35.6473304
            ],
            [
              -120.6167449,
              35.6473332
            ],
            [
              -120.616757,
              35.647332
            ],
            [
              -120.6167695,
              35.6473301
            ],
            [
              -120.6167812,
              35.6473244
            ],
            [
              -120.6167905,
              35.6473136
            ]
          ]
        ]
      },
      "id": "way/1364404548"
    },
    {
      "type": "Feature",
      "properties": {
        "@id": "way/1364404549",
        "golf": "fairway"
      },
      "geometry": {
        "type": "Polygon",
        "coordinates": [
          [
            [
              -120.6208197,
              35.6486746
            ],
            [
              -120.6208216,
              35.6486531
            ],
            [
              -120.6208197,
              35.6486323
            ],
            [
              -120.6208098,
              35.6486188
            ],
            [
              -120.6208,
              35.6486084
            ],
            [
              -120.6207804,
              35.6485933
            ],
            [
              -120.6207549,
              35.6485797
            ],
            [
              -120.6207304,
              35.6485637
            ],
            [
              -120.6207117,
              35.648551
            ],
            [
              -120.620699,
              35.6485374
            ],
            [
              -120.6206793,
              35.6485143
            ],
            [
              -120.6206626,
              35.648492
            ],
            [
              -120.620642,
              35.648472
            ],
            [
              -120.6206205,
              35.6484577
            ],
            [
              -120.6205989,
              35.6484537
            ],
            [
              -120.6205783,
              35.6484577
            ],
            [
              -120.6205655,
              35.6484657
            ],
            [
              -120.6205616,
              35.6484792
            ],
            [
              -120.6205675,
              35.6484992
            ],
            [
              -120.6205783,
              35.6485167
            ],
            [
              -120.620592,
              35.6485398
            ],
            [
              -120.6206048,
              35.6485526
            ],
            [
              -120.6206224,
              35.6485741
            ],
            [
              -120.620642,
              35.6485956
            ],
            [
              -120.6206685,
              35.6486196
            ],
            [
              -120.6206921,
              35.6486363
            ],
            [
              -120.6207127,
              35.648657
            ],
            [
              -120.6207304,
              35.6486746
            ],
            [
              -120.620747,
              35.6486858
            ],
            [
              -120.6207677,
              35.6486993
            ],
            [
              -120.6207932,
              35.6486993
            ],
            [
              -120.6208128,
              35.6486913
            ],
            [
              -120.6208197,
              35.6486746
            ]
          ]
        ]
      },
      "id": "way/1364404549"
    },
    {
      "type": "Feature",
      "properties": {
        "@id": "way/1364404550",
        "golf": "fairway"
      },
      "geometry": {
        "type": "Polygon",
        "coordinates": [
          [
            [
              -120.6205783,
              35.6483189
            ],
            [
              -120.620593,
              35.648311
            ],
            [
              -120.6206008,
              35.6482998
            ],
            [
              -120.6206077,
              35.6482862
            ],
            [
              -120.6206087,
              35.6482743
            ],
            [
              -120.6206048,
              35.6482631
            ],
            [
              -120.620594,
              35.6482512
            ],
            [
              -120.6205792,
              35.6482432
            ],
            [
              -120.6205635,
              35.64824
            ],
            [
              -120.6205459,
              35.648244
            ],
            [
              -120.6205312,
              35.6482496
            ],
            [
              -120.6205204,
              35.6482607
            ],
            [
              -120.6205164,
              35.6482671
            ],
            [
              -120.6205125,
              35.6482767
            ],
            [
              -120.6205155,
              35.6482886
            ],
            [
              -120.6205204,
              35.6482998
            ],
            [
              -120.6205282,
              35.648307
            ],
            [
              -120.620537,
              35.6483149
            ],
            [
              -120.6205498,
              35.6483181
            ],
            [
              -120.6205616,
              35.6483205
            ],
            [
              -120.6205783,
              35.6483189
            ]
          ]
        ]
      },
      "id": "way/1364404550"
    },
    {
      "type": "Feature",
      "properties": {
        "@id": "way/1364404551",
        "golf": "fairway"
      },
      "geometry": {
        "type": "Polygon",
        "coordinates": [
          [
            [
              -120.6230374,
              35.6456728
            ],
            [
              -120.6230502,
              35.645664
            ],
            [
              -120.623059,
              35.6456545
            ],
            [
              -120.6230718,
              35.6456393
            ],
            [
              -120.6230786,
              35.6456234
            ],
            [
              -120.6230796,
              35.6456058
            ],
            [
              -120.6230757,
              35.6455939
            ],
            [
              -120.6230669,
              35.6455827
            ],
            [
              -120.6230541,
              35.6455747
            ],
            [
              -120.6230404,
              35.6455707
            ],
            [
              -120.6230217,
              35.6455683
            ],
            [
              -120.623005,
              35.6455723
            ],
            [
              -120.6229903,
              35.6455819
            ],
            [
              -120.6229805,
              35.6455899
            ],
            [
              -120.6229726,
              35.6456026
            ],
            [
              -120.6229658,
              35.6456154
            ],
            [
              -120.6229609,
              35.6456281
            ],
            [
              -120.6229628,
              35.6456425
            ],
            [
              -120.6229658,
              35.6456537
            ],
            [
              -120.6229746,
              35.645668
            ],
            [
              -120.6229923,
              35.645676
            ],
            [
              -120.623009,
              35.6456792
            ],
            [
              -120.6230207,
              35.6456784
            ],
            [
              -120.6230374,
              35.6456728
            ]
          ]
        ]
      },
      "id": "way/1364404551"
    },
    {
      "type": "Feature",
      "properties": {
        "@id": "way/1364404552",
        "golf": "fairway"
      },
      "geometry": {
        "type": "Polygon",
        "coordinates": [
          [
            [
              -120.6235473,
              35.6458983
            ],
            [
              -120.623545,
              35.6458841
            ],
            [
              -120.6235405,
              35.6458722
            ],
            [
              -120.6235281,
              35.6458589
            ],
            [
              -120.6235118,
              35.6458443
            ],
            [
              -120.6234971,
              35.6458324
            ],
            [
              -120.623483,
              35.6458237
            ],
            [
              -120.6234644,
              35.6458136
            ],
            [
              -120.623452,
              35.6458067
            ],
            [
              -120.6234351,
              35.645798
            ],
            [
              -120.6234188,
              35.645793
            ],
            [
              -120.6234041,
              35.6457925
            ],
            [
              -120.6233889,
              35.6457953
            ],
            [
              -120.6233788,
              35.6457994
            ],
            [
              -120.623372,
              35.6458049
            ],
            [
              -120.6233658,
              35.6458099
            ],
            [
              -120.6233585,
              35.6458191
            ],
            [
              -120.6233556,
              35.6458273
            ],
            [
              -120.6233585,
              35.6458438
            ],
            [
              -120.6233647,
              35.6458603
            ],
            [
              -120.6233765,
              35.6458754
            ],
            [
              -120.6233945,
              35.6458919
            ],
            [
              -120.6234131,
              35.6459048
            ],
            [
              -120.6234306,
              35.6459157
            ],
            [
              -120.6234503,
              35.645924
            ],
            [
              -120.6234751,
              35.6459286
            ],
            [
              -120.6234937,
              35.6459295
            ],
            [
              -120.6235089,
              35.6459286
            ],
            [
              -120.6235191,
              35.6459272
            ],
            [
              -120.6235326,
              35.6459217
            ],
            [
              -120.6235433,
              35.6459125
            ],
            [
              -120.6235473,
              35.6458983
            ]
          ]
        ]
      },
      "id": "way/1364404552"
    },
    {
      "type": "Feature",
      "properties": {
        "@id": "way/1364404553",
        "golf": "fairway"
      },
      "geometry": {
        "type": "Polygon",
        "coordinates": [
          [
            [
              -120.6239815,
              35.6461411
            ],
            [
              -120.6239886,
              35.646138
            ],
            [
              -120.6239958,
              35.6461335
            ],
            [
              -120.6240045,
              35.6461275
            ],
            [
              -120.6240094,
              35.6461206
            ],
            [
              -120.6240119,
              35.6461122
            ],
            [
              -120.6240113,
              35.6461017
            ],
            [
              -120.6240081,
              35.646093
            ],
            [
              -120.6239996,
              35.6460848
            ],
            [
              -120.6239903,
              35.6460801
            ],
            [
              -120.6239828,
              35.6460777
            ],
            [
              -120.6239718,
              35.6460762
            ],
            [
              -120.6239605,
              35.6460791
            ],
            [
              -120.6239501,
              35.6460825
            ],
            [
              -120.6239401,
              35.6460872
            ],
            [
              -120.6239349,
              35.6460914
            ],
            [
              -120.6239291,
              35.6460975
            ],
            [
              -120.6239265,
              35.6461048
            ],
            [
              -120.6239265,
              35.6461117
            ],
            [
              -120.6239281,
              35.6461204
            ],
            [
              -120.6239326,
              35.6461288
            ],
            [
              -120.6239375,
              35.6461346
            ],
            [
              -120.623944,
              35.6461411
            ],
            [
              -120.6239514,
              35.6461448
            ],
            [
              -120.6239605,
              35.6461461
            ],
            [
              -120.6239699,
              35.6461453
            ],
            [
              -120.6239815,
              35.6461411
            ]
          ]
        ]
      },
      "id": "way/1364404553"
    },
    {
      "type": "Feature",
      "properties": {
        "@id": "way/1364410498",
        "golf": "fairway"
      },
      "geometry": {
        "type": "Polygon",
        "coordinates": [
          [
            [
              -120.6263399,
              35.647753
            ],
            [
              -120.6263454,
              35.6477428
            ],
            [
              -120.6263489,
              35.6477302
            ],
            [
              -120.6263473,
              35.6477188
            ],
            [
              -120.6263442,
              35.6477065
            ],
            [
              -120.626338,
              35.6476963
            ],
            [
              -120.6263279,
              35.6476881
            ],
            [
              -120.6263135,
              35.6476821
            ],
            [
              -120.6263002,
              35.6476824
            ],
            [
              -120.6262882,
              35.6476843
            ],
            [
              -120.6262802,
              35.6476867
            ],
            [
              -120.6262714,
              35.6476947
            ],
            [
              -120.6262652,
              35.6477046
            ],
            [
              -120.6262609,
              35.6477169
            ],
            [
              -120.6262617,
              35.6477299
            ],
            [
              -120.6262663,
              35.6477422
            ],
            [
              -120.6262714,
              35.6477508
            ],
            [
              -120.6262808,
              35.6477596
            ],
            [
              -120.6262944,
              35.6477663
            ],
            [
              -120.6263096,
              35.6477682
            ],
            [
              -120.6263216,
              35.6477663
            ],
            [
              -120.6263329,
              35.6477603
            ],
            [
              -120.6263399,
              35.647753
            ]
          ]
        ]
      },
      "id": "way/1364410498"
    },
    {
      "type": "Feature",
      "properties": {
        "@id": "way/1364410499",
        "golf": "fairway"
      },
      "geometry": {
        "type": "Polygon",
        "coordinates": [
          [
            [
              -120.6263251,
              35.6476314
            ],
            [
              -120.6263279,
              35.6476213
            ],
            [
              -120.626329,
              35.6476125
            ],
            [
              -120.6263287,
              35.6475989
            ],
            [
              -120.6263255,
              35.6475875
            ],
            [
              -120.6263216,
              35.6475732
            ],
            [
              -120.6263177,
              35.6475637
            ],
            [
              -120.626315,
              35.647553
            ],
            [
              -120.6263131,
              35.6475413
            ],
            [
              -120.62631,
              35.6475311
            ],
            [
              -120.6263057,
              35.6475197
            ],
            [
              -120.6262994,
              35.6475109
            ],
            [
              -120.6262901,
              35.6475039
            ],
            [
              -120.6262765,
              35.6474998
            ],
            [
              -120.6262636,
              35.647496
            ],
            [
              -120.6262492,
              35.6474941
            ],
            [
              -120.6262352,
              35.6474938
            ],
            [
              -120.6262251,
              35.647496
            ],
            [
              -120.6262142,
              35.6474998
            ],
            [
              -120.6262064,
              35.6475039
            ],
            [
              -120.6261994,
              35.6475096
            ],
            [
              -120.6261927,
              35.6475163
            ],
            [
              -120.6261896,
              35.6475201
            ],
            [
              -120.6261857,
              35.6475289
            ],
            [
              -120.6261838,
              35.6475365
            ],
            [
              -120.6261814,
              35.6475476
            ],
            [
              -120.6261822,
              35.6475615
            ],
            [
              -120.6261857,
              35.647577
            ],
            [
              -120.6261931,
              35.6475919
            ],
            [
              -120.6262064,
              35.6476087
            ],
            [
              -120.6262126,
              35.6476166
            ],
            [
              -120.6262181,
              35.6476248
            ],
            [
              -120.6262247,
              35.6476324
            ],
            [
              -120.6262321,
              35.6476409
            ],
            [
              -120.6262422,
              35.6476501
            ],
            [
              -120.626255,
              35.6476587
            ],
            [
              -120.6262722,
              35.6476634
            ],
            [
              -120.626287,
              35.6476628
            ],
            [
              -120.6263014,
              35.6476574
            ],
            [
              -120.6263127,
              35.6476501
            ],
            [
              -120.6263216,
              35.64764
            ],
            [
              -120.6263251,
              35.6476314
            ]
          ]
        ]
      },
      "id": "way/1364410499"
    },
    {
      "type": "Feature",
      "properties": {
        "@id": "way/1364410500",
        "golf": "fairway"
      },
      "geometry": {
        "type": "Polygon",
        "coordinates": [
          [
            [
              -120.626111,
              35.6474678
            ],
            [
              -120.6261226,
              35.6474644
            ],
            [
              -120.6261359,
              35.6474593
            ],
            [
              -120.6261437,
              35.6474552
            ],
            [
              -120.6261542,
              35.6474492
            ],
            [
              -120.6261639,
              35.6474416
            ],
            [
              -120.6261737,
              35.6474327
            ],
            [
              -120.6261803,
              35.6474251
            ],
            [
              -120.6261873,
              35.647408
            ],
            [
              -120.6261881,
              35.6473909
            ],
            [
              -120.6261791,
              35.6473786
            ],
            [
              -120.6261682,
              35.6473723
            ],
            [
              -120.6261569,
              35.6473685
            ],
            [
              -120.6261421,
              35.6473669
            ],
            [
              -120.62613,
              35.6473694
            ],
            [
              -120.6261172,
              35.6473751
            ],
            [
              -120.6261036,
              35.6473837
            ],
            [
              -120.6260942,
              35.6473897
            ],
            [
              -120.626088,
              35.6473969
            ],
            [
              -120.6260817,
              35.6474064
            ],
            [
              -120.6260759,
              35.6474159
            ],
            [
              -120.6260736,
              35.6474257
            ],
            [
              -120.6260712,
              35.6474356
            ],
            [
              -120.6260708,
              35.6474432
            ],
            [
              -120.6260728,
              35.6474517
            ],
            [
              -120.626081,
              35.6474596
            ],
            [
              -120.6260891,
              35.647464
            ],
            [
              -120.6260993,
              35.6474669
            ],
            [
              -120.626111,
              35.6474678
            ]
          ]
        ]
      },
      "id": "way/1364410500"
    },
    {
      "type": "Feature",
      "properties": {
        "@id": "way/1364410501",
        "golf": "fairway"
      },
      "geometry": {
        "type": "Polygon",
        "coordinates": [
          [
            [
              -120.6228136,
              35.6451221
            ],
            [
              -120.6228218,
              35.6451075
            ],
            [
              -120.622825,
              35.6450916
            ],
            [
              -120.6228193,
              35.6450757
            ],
            [
              -120.6228087,
              35.6450618
            ],
            [
              -120.6227916,
              35.6450551
            ],
            [
              -120.6227761,
              35.6450551
            ],
            [
              -120.622759,
              35.6450591
            ],
            [
              -120.6227443,
              35.6450711
            ],
            [
              -120.6227369,
              35.6450896
            ],
            [
              -120.6227378,
              35.6451035
            ],
            [
              -120.6227427,
              35.6451181
            ],
            [
              -120.6227524,
              35.6451287
            ],
            [
              -120.6227622,
              35.6451347
            ],
            [
              -120.6227777,
              35.6451367
            ],
            [
              -120.6227998,
              35.6451327
            ],
            [
              -120.6228136,
              35.6451221
            ]
          ]
        ]
      },
      "id": "way/1364410501"
    },
    {
      "type": "Feature",
      "properties": {
        "@id": "way/1364410502",
        "golf": "fairway"
      },
      "geometry": {
        "type": "Polygon",
        "coordinates": [
          [
            [
              -120.6231538,
              35.6450651
            ],
            [
              -120.6231611,
              35.6450432
            ],
            [
              -120.6231676,
              35.6450207
            ],
            [
              -120.6231725,
              35.6450068
            ],
            [
              -120.6231758,
              35.6449882
            ],
            [
              -120.6231758,
              35.644965
            ],
            [
              -120.6231701,
              35.6449511
            ],
            [
              -120.6231611,
              35.6449378
            ],
            [
              -120.6231424,
              35.6449305
            ],
            [
              -120.6231228,
              35.6449259
            ],
            [
              -120.6231016,
              35.6449305
            ],
            [
              -120.6230885,
              35.6449398
            ],
            [
              -120.6230763,
              35.6449564
            ],
            [
              -120.6230673,
              35.6449736
            ],
            [
              -120.6230608,
              35.6449935
            ],
            [
              -120.6230551,
              35.6450114
            ],
            [
              -120.6230494,
              35.64503
            ],
            [
              -120.6230477,
              35.6450445
            ],
            [
              -120.6230485,
              35.6450585
            ],
            [
              -120.6230534,
              35.6450764
            ],
            [
              -120.6230698,
              35.6450916
            ],
            [
              -120.6230893,
              35.6450962
            ],
            [
              -120.6231081,
              35.6450943
            ],
            [
              -120.6231236,
              35.6450876
            ],
            [
              -120.6231383,
              35.6450797
            ],
            [
              -120.6231538,
              35.6450651
            ]
          ]
        ]
      },
      "id": "way/1364410502"
    },
    {
      "type": "Feature",
      "properties": {
        "@id": "way/1364410503",
        "golf": "fairway"
      },
      "geometry": {
        "type": "Polygon",
        "coordinates": [
          [
            [
              -120.6234376,
              35.6451135
            ],
            [
              -120.6234523,
              35.6451082
            ],
            [
              -120.6234678,
              35.6450982
            ],
            [
              -120.6234776,
              35.6450863
            ],
            [
              -120.6234874,
              35.6450711
            ],
            [
              -120.6234898,
              35.6450551
            ],
            [
              -120.6234874,
              35.6450392
            ],
            [
              -120.6234801,
              35.6450227
            ],
            [
              -120.6234686,
              35.6450127
            ],
            [
              -120.6234507,
              35.6450028
            ],
            [
              -120.6234336,
              35.6449968
            ],
            [
              -120.6234124,
              35.6449962
            ],
            [
              -120.6233944,
              35.6449981
            ],
            [
              -120.623374,
              35.6450061
            ],
            [
              -120.6233536,
              35.6450194
            ],
            [
              -120.6233414,
              35.64503
            ],
            [
              -120.623334,
              35.6450459
            ],
            [
              -120.6233324,
              35.6450651
            ],
            [
              -120.6233373,
              35.6450817
            ],
            [
              -120.6233455,
              35.6450929
            ],
            [
              -120.6233593,
              35.6451055
            ],
            [
              -120.6233756,
              35.6451141
            ],
            [
              -120.6233936,
              35.6451181
            ],
            [
              -120.6234164,
              35.6451188
            ],
            [
              -120.6234376,
              35.6451135
            ]
          ]
        ]
      },
      "id": "way/1364410503"
    },
    {
      "type": "Feature",
      "properties": {
        "@id": "way/1364410504",
        "golf": "fairway"
      },
      "geometry": {
        "type": "Polygon",
        "coordinates": [
          [
            [
              -120.6268233,
              35.6465628
            ],
            [
              -120.6268411,
              35.6465513
            ],
            [
              -120.6268552,
              35.6465331
            ],
            [
              -120.6268572,
              35.6465086
            ],
            [
              -120.6268458,
              35.6464899
            ],
            [
              -120.6268163,
              35.6464707
            ],
            [
              -120.6267938,
              35.6464697
            ],
            [
              -120.6267667,
              35.6464707
            ],
            [
              -120.6267372,
              35.6464832
            ],
            [
              -120.6267265,
              35.6464937
            ],
            [
              -120.6267183,
              35.6465081
            ],
            [
              -120.6267183,
              35.6465244
            ],
            [
              -120.6267289,
              35.6465407
            ],
            [
              -120.6267454,
              35.6465532
            ],
            [
              -120.6267655,
              35.6465638
            ],
            [
              -120.626782,
              35.6465676
            ],
            [
              -120.6268056,
              35.6465695
            ],
            [
              -120.6268233,
              35.6465628
            ]
          ]
        ]
      },
      "id": "way/1364410504"
    },
    {
      "type": "Feature",
      "properties": {
        "@id": "way/1364410505",
        "golf": "fairway"
      },
      "geometry": {
        "type": "Polygon",
        "coordinates": [
          [
            [
              -120.6267997,
              35.6464103
            ],
            [
              -120.626808,
              35.6463805
            ],
            [
              -120.6268068,
              35.6463527
            ],
            [
              -120.6268009,
              35.6463162
            ],
            [
              -120.6267915,
              35.6462798
            ],
            [
              -120.6267879,
              35.64625
            ],
            [
              -120.6267844,
              35.6462155
            ],
            [
              -120.6267785,
              35.6461944
            ],
            [
              -120.6267631,
              35.6461743
            ],
            [
              -120.6267419,
              35.6461637
            ],
            [
              -120.6267171,
              35.6461627
            ],
            [
              -120.6267006,
              35.6461704
            ],
            [
              -120.6266899,
              35.6461829
            ],
            [
              -120.626684,
              35.6461992
            ],
            [
              -120.6266876,
              35.6462385
            ],
            [
              -120.6266911,
              35.6462712
            ],
            [
              -120.6266947,
              35.6462923
            ],
            [
              -120.6266982,
              35.646321
            ],
            [
              -120.6267018,
              35.6463508
            ],
            [
              -120.6267006,
              35.6463728
            ],
            [
              -120.6267041,
              35.6463911
            ],
            [
              -120.6267077,
              35.6464074
            ],
            [
              -120.6267183,
              35.6464218
            ],
            [
              -120.6267348,
              35.6464304
            ],
            [
              -120.6267525,
              35.6464362
            ],
            [
              -120.626782,
              35.6464285
            ],
            [
              -120.6267997,
              35.6464103
            ]
          ]
        ]
      },
      "id": "way/1364410505"
    },
    {
      "type": "Feature",
      "properties": {
        "@id": "way/1364410506",
        "golf": "fairway"
      },
      "geometry": {
        "type": "Polygon",
        "coordinates": [
          [
            [
              -120.6267431,
              35.6461023
            ],
            [
              -120.6267561,
              35.6460918
            ],
            [
              -120.6267667,
              35.6460764
            ],
            [
              -120.6267761,
              35.6460582
            ],
            [
              -120.6267785,
              35.6460352
            ],
            [
              -120.626769,
              35.6460188
            ],
            [
              -120.6267537,
              35.6460064
            ],
            [
              -120.6267336,
              35.6460016
            ],
            [
              -120.6267147,
              35.6460025
            ],
            [
              -120.6266958,
              35.6460064
            ],
            [
              -120.6266793,
              35.646016
            ],
            [
              -120.6266652,
              35.6460265
            ],
            [
              -120.6266557,
              35.6460399
            ],
            [
              -120.6266522,
              35.6460505
            ],
            [
              -120.6266498,
              35.6460659
            ],
            [
              -120.6266557,
              35.6460774
            ],
            [
              -120.6266699,
              35.6460898
            ],
            [
              -120.626677,
              35.6460975
            ],
            [
              -120.6266947,
              35.6461061
            ],
            [
              -120.6267088,
              35.6461109
            ],
            [
              -120.6267206,
              35.64611
            ],
            [
              -120.6267431,
              35.6461023
            ]
          ]
        ]
      },
      "id": "way/1364410506"
    },
    {
      "type": "Feature",
      "properties": {
        "@id": "way/1364410507",
        "golf": "fairway"
      },
      "geometry": {
        "type": "Polygon",
        "coordinates": [
          [
            [
              -120.6266583,
              35.6483034
            ],
            [
              -120.6266657,
              35.6482881
            ],
            [
              -120.6266722,
              35.6482663
            ],
            [
              -120.6266754,
              35.6482437
            ],
            [
              -120.6266779,
              35.6482258
            ],
            [
              -120.6266779,
              35.6482073
            ],
            [
              -120.6266812,
              35.64819
            ],
            [
              -120.6266901,
              35.6481648
            ],
            [
              -120.6267056,
              35.648143
            ],
            [
              -120.6267268,
              35.6481257
            ],
            [
              -120.6267529,
              35.6481078
            ],
            [
              -120.6267758,
              35.6480932
            ],
            [
              -120.6267994,
              35.6480793
            ],
            [
              -120.62685,
              35.6480382
            ],
            [
              -120.6268647,
              35.6480276
            ],
            [
              -120.62689,
              35.6480024
            ],
            [
              -120.6269071,
              35.6479832
            ],
            [
              -120.6269177,
              35.6479693
            ],
            [
              -120.6269357,
              35.6479461
            ],
            [
              -120.6269561,
              35.6479269
            ],
            [
              -120.6269699,
              35.6479149
            ],
            [
              -120.6269903,
              35.647905
            ],
            [
              -120.6270106,
              35.6478958
            ],
            [
              -120.6270265,
              35.647882
            ],
            [
              -120.6270238,
              35.6478666
            ],
            [
              -120.6270099,
              35.6478546
            ],
            [
              -120.6269854,
              35.647852
            ],
            [
              -120.6269593,
              35.6478599
            ],
            [
              -120.6269414,
              35.6478719
            ],
            [
              -120.626921,
              35.6478911
            ],
            [
              -120.626912,
              35.6479037
            ],
            [
              -120.6268941,
              35.6479269
            ],
            [
              -120.6268712,
              35.6479534
            ],
            [
              -120.626841,
              35.6479792
            ],
            [
              -120.6268019,
              35.6480111
            ],
            [
              -120.6267603,
              35.6480336
            ],
            [
              -120.6267244,
              35.6480495
            ],
            [
              -120.6266869,
              35.6480647
            ],
            [
              -120.6266542,
              35.6480807
            ],
            [
              -120.6266298,
              35.6480959
            ],
            [
              -120.6266183,
              35.6481092
            ],
            [
              -120.6266086,
              35.6481231
            ],
            [
              -120.626598,
              35.6481456
            ],
            [
              -120.6265922,
              35.6481682
            ],
            [
              -120.6265849,
              35.6481874
            ],
            [
              -120.6265661,
              35.6482364
            ],
            [
              -120.6265572,
              35.6482596
            ],
            [
              -120.6265547,
              35.6482762
            ],
            [
              -120.6265621,
              35.6482987
            ],
            [
              -120.6265727,
              35.6483107
            ],
            [
              -120.6265882,
              35.648318
            ],
            [
              -120.6266061,
              35.6483226
            ],
            [
              -120.6266224,
              35.6483219
            ],
            [
              -120.6266347,
              35.648318
            ],
            [
              -120.6266453,
              35.648314
            ],
            [
              -120.6266583,
              35.6483034
            ]
          ]
        ]
      },
      "id": "way/1364410507"
    },
    {
      "type": "Feature",
      "properties": {
        "@id": "way/1364410508",
        "golf": "fairway"
      },
      "geometry": {
        "type": "Polygon",
        "coordinates": [
          [
            [
              -120.6243339,
              35.6473819
            ],
            [
              -120.6243091,
              35.6473618
            ],
            [
              -120.6242867,
              35.6473455
            ],
            [
              -120.6242595,
              35.6473282
            ],
            [
              -120.6242406,
              35.6473359
            ],
            [
              -120.62423,
              35.6473531
            ],
            [
              -120.6242359,
              35.6473733
            ],
            [
              -120.6242501,
              35.6473862
            ],
            [
              -120.6242713,
              35.6474049
            ],
            [
              -120.6242949,
              35.6474212
            ],
            [
              -120.6243209,
              35.6474222
            ],
            [
              -120.6243351,
              35.6474088
            ],
            [
              -120.6243386,
              35.6473944
            ],
            [
              -120.6243339,
              35.6473819
            ]
          ]
        ]
      },
      "id": "way/1364410508"
    },
    {
      "type": "Feature",
      "properties": {
        "@id": "way/1364410509",
        "golf": "fairway"
      },
      "geometry": {
        "type": "Polygon",
        "coordinates": [
          [
            [
              -120.6242205,
              35.6472054
            ],
            [
              -120.6242005,
              35.6471709
            ],
            [
              -120.624178,
              35.6471469
            ],
            [
              -120.624145,
              35.6471277
            ],
            [
              -120.6241155,
              35.6471047
            ],
            [
              -120.6240946,
              35.6470781
            ],
            [
              -120.6240801,
              35.6470461
            ],
            [
              -120.6240635,
              35.6470078
            ],
            [
              -120.6240523,
              35.6469823
            ],
            [
              -120.6240387,
              35.6469622
            ],
            [
              -120.6240264,
              35.6469575
            ],
            [
              -120.6240139,
              35.6469579
            ],
            [
              -120.6240051,
              35.6469626
            ],
            [
              -120.6239974,
              35.6469694
            ],
            [
              -120.6239941,
              35.6469857
            ],
            [
              -120.6239939,
              35.6470183
            ],
            [
              -120.6239986,
              35.6470567
            ],
            [
              -120.624008,
              35.647097
            ],
            [
              -120.6240175,
              35.6471354
            ],
            [
              -120.6240328,
              35.6471689
            ],
            [
              -120.624047,
              35.6471881
            ],
            [
              -120.6240718,
              35.647214
            ],
            [
              -120.6240966,
              35.6472332
            ],
            [
              -120.6241214,
              35.6472524
            ],
            [
              -120.6241533,
              35.6472716
            ],
            [
              -120.6241792,
              35.6472735
            ],
            [
              -120.6242064,
              35.6472668
            ],
            [
              -120.6242194,
              35.6472572
            ],
            [
              -120.6242276,
              35.6472419
            ],
            [
              -120.6242288,
              35.6472275
            ],
            [
              -120.6242205,
              35.6472054
            ]
          ]
        ]
      },
      "id": "way/1364410509"
    },
    {
      "type": "Feature",
      "properties": {
        "@id": "way/1364410510",
        "golf": "fairway"
      },
      "geometry": {
        "type": "Polygon",
        "coordinates": [
          [
            [
              -120.6228461,
              35.6461313
            ],
            [
              -120.6228533,
              35.6461105
            ],
            [
              -120.6228482,
              35.6460912
            ],
            [
              -120.6228379,
              35.6460737
            ],
            [
              -120.6228215,
              35.6460654
            ],
            [
              -120.6227999,
              35.6460587
            ],
            [
              -120.6227804,
              35.6460587
            ],
            [
              -120.6227557,
              35.6460645
            ],
            [
              -120.6227362,
              35.6460787
            ],
            [
              -120.6227228,
              35.6460896
            ],
            [
              -120.6227146,
              35.6461013
            ],
            [
              -120.6227094,
              35.646113
            ],
            [
              -120.6227053,
              35.6461313
            ],
            [
              -120.6227084,
              35.6461422
            ],
            [
              -120.6227177,
              35.6461564
            ],
            [
              -120.622731,
              35.6461647
            ],
            [
              -120.6227485,
              35.6461723
            ],
            [
              -120.6227649,
              35.6461756
            ],
            [
              -120.6227875,
              35.6461731
            ],
            [
              -120.622804,
              35.6461647
            ],
            [
              -120.6228256,
              35.6461514
            ],
            [
              -120.6228461,
              35.6461313
            ]
          ]
        ]
      },
      "id": "way/1364410510"
    },
    {
      "type": "Feature",
      "properties": {
        "@id": "way/1364410511",
        "golf": "fairway"
      },
      "geometry": {
        "type": "Polygon",
        "coordinates": [
          [
            [
              -120.6226354,
              35.6462157
            ],
            [
              -120.6226581,
              35.646209
            ],
            [
              -120.6226704,
              35.6462015
            ],
            [
              -120.6226786,
              35.6461831
            ],
            [
              -120.6226776,
              35.6461723
            ],
            [
              -120.6226755,
              35.6461589
            ],
            [
              -120.6226652,
              35.6461505
            ],
            [
              -120.6226539,
              35.6461464
            ],
            [
              -120.6226303,
              35.6461422
            ],
            [
              -120.6226128,
              35.6461439
            ],
            [
              -120.6225964,
              35.6461464
            ],
            [
              -120.622582,
              35.6461522
            ],
            [
              -120.6225717,
              35.6461631
            ],
            [
              -120.6225697,
              35.6461756
            ],
            [
              -120.6225727,
              35.6461865
            ],
            [
              -120.6225779,
              35.646199
            ],
            [
              -120.6225923,
              35.6462082
            ],
            [
              -120.6226056,
              35.646214
            ],
            [
              -120.6226354,
              35.6462157
            ]
          ]
        ]
      },
      "id": "way/1364410511"
    },
    {
      "type": "Feature",
      "properties": {
        "@id": "way/1364410512",
        "golf": "fairway"
      },
      "geometry": {
        "type": "Polygon",
        "coordinates": [
          [
            [
              -120.622316,
              35.6463577
            ],
            [
              -120.6223296,
              35.6463515
            ],
            [
              -120.6223408,
              35.6463424
            ],
            [
              -120.6223503,
              35.6463309
            ],
            [
              -120.6223556,
              35.6463131
            ],
            [
              -120.6223521,
              35.6462973
            ],
            [
              -120.6223402,
              35.6462819
            ],
            [
              -120.6223237,
              35.6462738
            ],
            [
              -120.6223054,
              35.6462704
            ],
            [
              -120.6222924,
              35.6462714
            ],
            [
              -120.6222694,
              35.6462791
            ],
            [
              -120.6222458,
              35.646293
            ],
            [
              -120.6222369,
              35.6463098
            ],
            [
              -120.6222387,
              35.6463251
            ],
            [
              -120.6222458,
              35.6463405
            ],
            [
              -120.6222552,
              35.6463496
            ],
            [
              -120.6222676,
              35.6463577
            ],
            [
              -120.6222824,
              35.646362
            ],
            [
              -120.6222972,
              35.6463625
            ],
            [
              -120.622316,
              35.6463577
            ]
          ]
        ]
      },
      "id": "way/1364410512"
    },
    {
      "type": "Feature",
      "properties": {
        "@id": "way/1364410513",
        "golf": "fairway"
      },
      "geometry": {
        "type": "Polygon",
        "coordinates": [
          [
            [
              -120.6221336,
              35.6464455
            ],
            [
              -120.6221437,
              35.6464345
            ],
            [
              -120.6221508,
              35.646421
            ],
            [
              -120.6221508,
              35.6464023
            ],
            [
              -120.6221449,
              35.6463841
            ],
            [
              -120.6221307,
              35.6463726
            ],
            [
              -120.6221153,
              35.6463659
            ],
            [
              -120.6220988,
              35.6463654
            ],
            [
              -120.6220864,
              35.6463673
            ],
            [
              -120.6220734,
              35.6463726
            ],
            [
              -120.6220634,
              35.6463798
            ],
            [
              -120.622054,
              35.6463918
            ],
            [
              -120.6220492,
              35.6464033
            ],
            [
              -120.6220463,
              35.6464129
            ],
            [
              -120.6220469,
              35.6464215
            ],
            [
              -120.6220504,
              35.6464345
            ],
            [
              -120.6220557,
              35.6464422
            ],
            [
              -120.6220634,
              35.6464489
            ],
            [
              -120.622074,
              35.6464561
            ],
            [
              -120.6220876,
              35.6464589
            ],
            [
              -120.6221012,
              35.6464594
            ],
            [
              -120.62211,
              35.646458
            ],
            [
              -120.6221218,
              35.6464532
            ],
            [
              -120.6221336,
              35.6464455
            ]
          ]
        ]
      },
      "id": "way/1364410513"
    },
    {
      "type": "Feature",
      "properties": {
        "@id": "way/1364410514",
        "golf": "fairway"
      },
      "geometry": {
        "type": "Polygon",
        "coordinates": [
          [
            [
              -120.6175027,
              35.6454855
            ],
            [
              -120.6174942,
              35.6454633
            ],
            [
              -120.6174831,
              35.6454439
            ],
            [
              -120.6174728,
              35.6454286
            ],
            [
              -120.6174566,
              35.6454175
            ],
            [
              -120.6174412,
              35.645414
            ],
            [
              -120.6174233,
              35.6454161
            ],
            [
              -120.6174096,
              35.6454258
            ],
            [
              -120.6174028,
              35.645439
            ],
            [
              -120.6174019,
              35.6454543
            ],
            [
              -120.6174045,
              35.6454709
            ],
            [
              -120.6174105,
              35.6454862
            ],
            [
              -120.6174156,
              35.6455022
            ],
            [
              -120.6174276,
              35.6455161
            ],
            [
              -120.6174583,
              35.6455279
            ],
            [
              -120.6174831,
              35.645523
            ],
            [
              -120.6174968,
              35.6455133
            ],
            [
              -120.6175036,
              35.6454973
            ],
            [
              -120.6175027,
              35.6454855
            ]
          ]
        ]
      },
      "id": "way/1364410514"
    },
    {
      "type": "Feature",
      "properties": {
        "@id": "way/1364410515",
        "golf": "fairway"
      },
      "geometry": {
        "type": "Polygon",
        "coordinates": [
          [
            [
              -120.6176708,
              35.645623
            ],
            [
              -120.6176678,
              35.6456134
            ],
            [
              -120.6176625,
              35.6456033
            ],
            [
              -120.6176536,
              35.6455937
            ],
            [
              -120.617643,
              35.645586
            ],
            [
              -120.6176306,
              35.6455798
            ],
            [
              -120.617617,
              35.6455755
            ],
            [
              -120.6176052,
              35.6455736
            ],
            [
              -120.6175834,
              35.6455736
            ],
            [
              -120.6175675,
              35.6455755
            ],
            [
              -120.6175521,
              35.645588
            ],
            [
              -120.6175456,
              35.6456002
            ],
            [
              -120.6175427,
              35.6456143
            ],
            [
              -120.6175468,
              35.6456335
            ],
            [
              -120.6175551,
              35.6456431
            ],
            [
              -120.6175663,
              35.6456542
            ],
            [
              -120.6175787,
              35.6456623
            ],
            [
              -120.6175911,
              35.6456681
            ],
            [
              -120.6176023,
              35.6456705
            ],
            [
              -120.6176153,
              35.6456705
            ],
            [
              -120.6176265,
              35.64567
            ],
            [
              -120.6176418,
              35.6456642
            ],
            [
              -120.6176578,
              35.6456575
            ],
            [
              -120.6176666,
              35.6456479
            ],
            [
              -120.6176719,
              35.6456393
            ],
            [
              -120.6176708,
              35.645623
            ]
          ]
        ]
      },
      "id": "way/1364410515"
    },
    {
      "type": "Feature",
      "properties": {
        "@id": "way/1364410516",
        "golf": "fairway"
      },
      "geometry": {
        "type": "Polygon",
        "coordinates": [
          [
            [
              -120.6177983,
              35.6457199
            ],
            [
              -120.617803,
              35.6457117
            ],
            [
              -120.6178077,
              35.6457002
            ],
            [
              -120.6178089,
              35.6456892
            ],
            [
              -120.6178059,
              35.6456805
            ],
            [
              -120.6178018,
              35.6456733
            ],
            [
              -120.6177935,
              35.6456676
            ],
            [
              -120.6177817,
              35.6456642
            ],
            [
              -120.6177664,
              35.6456628
            ],
            [
              -120.6177552,
              35.6456633
            ],
            [
              -120.6177416,
              35.6456657
            ],
            [
              -120.6177292,
              35.6456685
            ],
            [
              -120.6177156,
              35.6456753
            ],
            [
              -120.6177079,
              35.6456796
            ],
            [
              -120.6176985,
              35.6456906
            ],
            [
              -120.6176938,
              35.6456997
            ],
            [
              -120.6176908,
              35.6457093
            ],
            [
              -120.6176902,
              35.6457199
            ],
            [
              -120.617692,
              35.6457285
            ],
            [
              -120.6176961,
              35.6457362
            ],
            [
              -120.617707,
              35.6457432
            ],
            [
              -120.6177221,
              35.6457458
            ],
            [
              -120.6177386,
              35.6457467
            ],
            [
              -120.617754,
              35.6457443
            ],
            [
              -120.6177687,
              35.6457386
            ],
            [
              -120.6177823,
              35.6457319
            ],
            [
              -120.6177983,
              35.6457199
            ]
          ]
        ]
      },
      "id": "way/1364410516"
    },
    {
      "type": "Feature",
      "properties": {
        "@id": "way/1364410517",
        "golf": "fairway"
      },
      "geometry": {
        "type": "Polygon",
        "coordinates": [
          [
            [
              -120.6181205,
              35.6457573
            ],
            [
              -120.6181152,
              35.645741
            ],
            [
              -120.6181105,
              35.6457285
            ],
            [
              -120.6181022,
              35.6457189
            ],
            [
              -120.6180887,
              35.6457103
            ],
            [
              -120.6180769,
              35.645705
            ],
            [
              -120.6180621,
              35.645704
            ],
            [
              -120.6180426,
              35.645706
            ],
            [
              -120.6180302,
              35.6457088
            ],
            [
              -120.6180202,
              35.6457132
            ],
            [
              -120.6180084,
              35.6457199
            ],
            [
              -120.6180007,
              35.6457271
            ],
            [
              -120.6179919,
              35.6457367
            ],
            [
              -120.6179854,
              35.6457477
            ],
            [
              -120.617983,
              35.6457611
            ],
            [
              -120.6179836,
              35.6457698
            ],
            [
              -120.6179848,
              35.6457779
            ],
            [
              -120.6179877,
              35.6457837
            ],
            [
              -120.6179919,
              35.6457918
            ],
            [
              -120.6179984,
              35.6457976
            ],
            [
              -120.618009,
              35.6458057
            ],
            [
              -120.6180226,
              35.6458105
            ],
            [
              -120.6180355,
              35.6458144
            ],
            [
              -120.6180527,
              35.6458158
            ],
            [
              -120.6180698,
              35.6458139
            ],
            [
              -120.6180857,
              35.6458072
            ],
            [
              -120.6180987,
              35.645799
            ],
            [
              -120.6181081,
              35.6457889
            ],
            [
              -120.6181152,
              35.6457789
            ],
            [
              -120.6181188,
              35.6457678
            ],
            [
              -120.6181205,
              35.6457573
            ]
          ]
        ]
      },
      "id": "way/1364410517"
    },
    {
      "type": "Feature",
      "properties": {
        "@id": "way/1364417976",
        "golf": "bunker",
        "natural": "sand"
      },
      "geometry": {
        "type": "Polygon",
        "coordinates": [
          [
            [
              -120.6176052,
              35.6469877
            ],
            [
              -120.617612,
              35.6469908
            ],
            [
              -120.6176189,
              35.6469946
            ],
            [
              -120.6176267,
              35.646999
            ],
            [
              -120.6176351,
              35.6470042
            ],
            [
              -120.6176481,
              35.647008
            ],
            [
              -120.6176586,
              35.6470082
            ],
            [
              -120.6176685,
              35.6470054
            ],
            [
              -120.6176773,
              35.6470002
            ],
            [
              -120.6176817,
              35.646993
            ],
            [
              -120.6176839,
              35.6469843
            ],
            [
              -120.6176834,
              35.6469757
            ],
            [
              -120.61768,
              35.6469679
            ],
            [
              -120.6176726,
              35.6469611
            ],
            [
              -120.617664,
              35.6469554
            ],
            [
              -120.6176545,
              35.6469482
            ],
            [
              -120.6176454,
              35.6469434
            ],
            [
              -120.6176336,
              35.6469276
            ],
            [
              -120.6176297,
              35.6469139
            ],
            [
              -120.6176321,
              35.6469021
            ],
            [
              -120.6176366,
              35.6468916
            ],
            [
              -120.6176378,
              35.6468798
            ],
            [
              -120.6176363,
              35.646872
            ],
            [
              -120.6176275,
              35.6468656
            ],
            [
              -120.6176108,
              35.6468615
            ],
            [
              -120.6175914,
              35.6468589
            ],
            [
              -120.6175701,
              35.6468573
            ],
            [
              -120.6175502,
              35.6468569
            ],
            [
              -120.6175276,
              35.6468589
            ],
            [
              -120.6175105,
              35.6468623
            ],
            [
              -120.6174916,
              35.6468688
            ],
            [
              -120.6174729,
              35.6468782
            ],
            [
              -120.6174675,
              35.6468824
            ],
            [
              -120.6174648,
              35.646887
            ],
            [
              -120.6174638,
              35.6468918
            ],
            [
              -120.6174634,
              35.6468961
            ],
            [
              -120.6174646,
              35.6469007
            ],
            [
              -120.6174688,
              35.6469055
            ],
            [
              -120.6174737,
              35.6469099
            ],
            [
              -120.617481,
              35.6469143
            ],
            [
              -120.6174884,
              35.6469179
            ],
            [
              -120.6174957,
              35.6469201
            ],
            [
              -120.6175009,
              35.6469215
            ],
            [
              -120.6175075,
              35.6469235
            ],
            [
              -120.6175132,
              35.6469255
            ],
            [
              -120.6175181,
              35.6469272
            ],
            [
              -120.6175257,
              35.646931
            ],
            [
              -120.6175298,
              35.6469356
            ],
            [
              -120.6175335,
              35.6469414
            ],
            [
              -120.617534,
              35.646946
            ],
            [
              -120.6175352,
              35.6469542
            ],
            [
              -120.617535,
              35.6469603
            ],
            [
              -120.6175347,
              35.6469685
            ],
            [
              -120.6175347,
              35.6469735
            ],
            [
              -120.6175357,
              35.6469797
            ],
            [
              -120.6175384,
              35.6469841
            ],
            [
              -120.6175433,
              35.6469869
            ],
            [
              -120.617548,
              35.6469886
            ],
            [
              -120.6175556,
              35.6469882
            ],
            [
              -120.6175617,
              35.6469882
            ],
            [
              -120.6175696,
              35.6469855
            ],
            [
              -120.6175765,
              35.6469823
            ],
            [
              -120.6175836,
              35.6469809
            ],
            [
              -120.6175902,
              35.6469817
            ],
            [
              -120.6175976,
              35.6469841
            ],
            [
              -120.6176052,
              35.6469877
            ]
          ]
        ]
      },
      "id": "way/1364417976"
    },
    {
      "type": "Feature",
      "properties": {
        "@id": "way/1364417977",
        "golf": "bunker",
        "natural": "sand"
      },
      "geometry": {
        "type": "Polygon",
        "coordinates": [
          [
            [
              -120.6165566,
              35.6518171
            ],
            [
              -120.6165639,
              35.6518239
            ],
            [
              -120.6165758,
              35.6518307
            ],
            [
              -120.6165862,
              35.6518359
            ],
            [
              -120.6165994,
              35.6518427
            ],
            [
              -120.6166129,
              35.6518488
            ],
            [
              -120.6166274,
              35.651855
            ],
            [
              -120.6166419,
              35.6518604
            ],
            [
              -120.6166546,
              35.6518639
            ],
            [
              -120.616667,
              35.6518665
            ],
            [
              -120.6166788,
              35.6518687
            ],
            [
              -120.6166939,
              35.6518714
            ],
            [
              -120.6167076,
              35.6518714
            ],
            [
              -120.6167184,
              35.65187
            ],
            [
              -120.6167297,
              35.6518648
            ],
            [
              -120.6167418,
              35.6518574
            ],
            [
              -120.6167474,
              35.6518495
            ],
            [
              -120.6167504,
              35.6518392
            ],
            [
              -120.6167517,
              35.6518311
            ],
            [
              -120.616748,
              35.6518222
            ],
            [
              -120.6167426,
              35.6518156
            ],
            [
              -120.6167329,
              35.651811
            ],
            [
              -120.6167178,
              35.6518075
            ],
            [
              -120.616702,
              35.6518073
            ],
            [
              -120.6166896,
              35.6518077
            ],
            [
              -120.6166796,
              35.6518073
            ],
            [
              -120.6166745,
              35.6518066
            ],
            [
              -120.6166683,
              35.6518042
            ],
            [
              -120.6166597,
              35.651799
            ],
            [
              -120.6166527,
              35.6517931
            ],
            [
              -120.6166441,
              35.6517861
            ],
            [
              -120.6166366,
              35.6517813
            ],
            [
              -120.616625,
              35.6517754
            ],
            [
              -120.6166137,
              35.6517714
            ],
            [
              -120.6166,
              35.6517679
            ],
            [
              -120.6165876,
              35.6517679
            ],
            [
              -120.6165758,
              35.6517697
            ],
            [
              -120.6165658,
              35.6517734
            ],
            [
              -120.6165561,
              35.6517813
            ],
            [
              -120.6165515,
              35.6517874
            ],
            [
              -120.6165494,
              35.6517946
            ],
            [
              -120.6165494,
              35.6518034
            ],
            [
              -120.6165521,
              35.6518108
            ],
            [
              -120.6165566,
              35.6518171
            ]
          ]
        ]
      },
      "id": "way/1364417977"
    },
    {
      "type": "Feature",
      "properties": {
        "@id": "way/1364417978",
        "golf": "bunker",
        "natural": "sand"
      },
      "geometry": {
        "type": "Polygon",
        "coordinates": [
          [
            [
              -120.6165857,
              35.6519671
            ],
            [
              -120.6165973,
              35.6519724
            ],
            [
              -120.6166167,
              35.6519816
            ],
            [
              -120.6166261,
              35.6519851
            ],
            [
              -120.6166366,
              35.6519896
            ],
            [
              -120.6166454,
              35.6519947
            ],
            [
              -120.6166519,
              35.6520004
            ],
            [
              -120.6166567,
              35.6520074
            ],
            [
              -120.6166624,
              35.6520172
            ],
            [
              -120.6166656,
              35.6520233
            ],
            [
              -120.6166721,
              35.6520294
            ],
            [
              -120.616678,
              35.6520343
            ],
            [
              -120.6166845,
              35.6520384
            ],
            [
              -120.6166925,
              35.6520426
            ],
            [
              -120.6167025,
              35.6520463
            ],
            [
              -120.6167111,
              35.6520489
            ],
            [
              -120.6167221,
              35.6520507
            ],
            [
              -120.6167318,
              35.6520502
            ],
            [
              -120.616742,
              35.6520463
            ],
            [
              -120.6167466,
              35.6520428
            ],
            [
              -120.6167523,
              35.652036
            ],
            [
              -120.6167533,
              35.6520273
            ],
            [
              -120.6167509,
              35.6520161
            ],
            [
              -120.6167461,
              35.6520082
            ],
            [
              -120.616738,
              35.6520028
            ],
            [
              -120.6167275,
              35.6519986
            ],
            [
              -120.6167197,
              35.6519918
            ],
            [
              -120.6167127,
              35.6519848
            ],
            [
              -120.6167081,
              35.6519743
            ],
            [
              -120.6167084,
              35.651966
            ],
            [
              -120.6167057,
              35.6519564
            ],
            [
              -120.6167011,
              35.6519496
            ],
            [
              -120.6166947,
              35.651942
            ],
            [
              -120.6166823,
              35.6519376
            ],
            [
              -120.6166678,
              35.6519363
            ],
            [
              -120.6166546,
              35.651937
            ],
            [
              -120.6166436,
              35.6519352
            ],
            [
              -120.6166333,
              35.6519335
            ],
            [
              -120.6166218,
              35.6519311
            ],
            [
              -120.6166094,
              35.6519308
            ],
            [
              -120.6165978,
              35.6519319
            ],
            [
              -120.6165903,
              35.6519341
            ],
            [
              -120.6165795,
              35.6519415
            ],
            [
              -120.6165782,
              35.6519481
            ],
            [
              -120.6165779,
              35.6519544
            ],
            [
              -120.6165787,
              35.6519608
            ],
            [
              -120.6165857,
              35.6519671
            ]
          ]
        ]
      },
      "id": "way/1364417978"
    },
    {
      "type": "Feature",
      "properties": {
        "@id": "way/1364417979",
        "golf": "bunker",
        "natural": "sand"
      },
      "geometry": {
        "type": "Polygon",
        "coordinates": [
          [
            [
              -120.6183375,
              35.6522459
            ],
            [
              -120.6183504,
              35.6522489
            ],
            [
              -120.6183642,
              35.6522558
            ],
            [
              -120.6183707,
              35.652263
            ],
            [
              -120.6183773,
              35.6522703
            ],
            [
              -120.6183838,
              35.6522729
            ],
            [
              -120.6184049,
              35.6522779
            ],
            [
              -120.6184152,
              35.6522779
            ],
            [
              -120.6184251,
              35.652276
            ],
            [
              -120.6184368,
              35.6522722
            ],
            [
              -120.6184429,
              35.6522623
            ],
            [
              -120.6184438,
              35.6522482
            ],
            [
              -120.6184415,
              35.652236
            ],
            [
              -120.6184152,
              35.6522139
            ],
            [
              -120.618396,
              35.6522071
            ],
            [
              -120.6183829,
              35.6521994
            ],
            [
              -120.6183698,
              35.6521892
            ],
            [
              -120.6183487,
              35.6521732
            ],
            [
              -120.6183375,
              35.6521663
            ],
            [
              -120.6183267,
              35.652164
            ],
            [
              -120.6183154,
              35.6521606
            ],
            [
              -120.6182962,
              35.6521606
            ],
            [
              -120.6182817,
              35.6521633
            ],
            [
              -120.6182723,
              35.6521713
            ],
            [
              -120.6182634,
              35.6521831
            ],
            [
              -120.6182536,
              35.6521964
            ],
            [
              -120.6182536,
              35.6522078
            ],
            [
              -120.6182574,
              35.6522196
            ],
            [
              -120.618262,
              35.6522291
            ],
            [
              -120.6182695,
              35.6522375
            ],
            [
              -120.6182808,
              35.652244
            ],
            [
              -120.618293,
              35.6522459
            ],
            [
              -120.6183108,
              35.6522451
            ],
            [
              -120.6183262,
              35.6522447
            ],
            [
              -120.6183375,
              35.6522459
            ]
          ]
        ]
      },
      "id": "way/1364417979"
    },
    {
      "type": "Feature",
      "properties": {
        "@id": "way/1364417980",
        "golf": "bunker",
        "natural": "sand"
      },
      "geometry": {
        "type": "Polygon",
        "coordinates": [
          [
            [
              -120.6187811,
              35.6525402
            ],
            [
              -120.6187722,
              35.6525341
            ],
            [
              -120.6187619,
              35.6525306
            ],
            [
              -120.6187502,
              35.6525238
            ],
            [
              -120.618739,
              35.6525188
            ],
            [
              -120.6187268,
              35.6525131
            ],
            [
              -120.6187188,
              35.6525109
            ],
            [
              -120.6187057,
              35.652507
            ],
            [
              -120.6186954,
              35.6525051
            ],
            [
              -120.618687,
              35.6525032
            ],
            [
              -120.618679,
              35.6525029
            ],
            [
              -120.6186682,
              35.6525025
            ],
            [
              -120.6186584,
              35.6525021
            ],
            [
              -120.6186457,
              35.6525021
            ],
            [
              -120.6186359,
              35.6524991
            ],
            [
              -120.6186284,
              35.6524964
            ],
            [
              -120.6186176,
              35.6524937
            ],
            [
              -120.6186022,
              35.6524907
            ],
            [
              -120.6185923,
              35.6524903
            ],
            [
              -120.6185853,
              35.6524922
            ],
            [
              -120.6185773,
              35.6524918
            ],
            [
              -120.6185689,
              35.6524903
            ],
            [
              -120.61856,
              35.6524884
            ],
            [
              -120.6185534,
              35.6524872
            ],
            [
              -120.6185389,
              35.6524899
            ],
            [
              -120.6185281,
              35.6524945
            ],
            [
              -120.6185207,
              35.6525029
            ],
            [
              -120.618515,
              35.6525101
            ],
            [
              -120.6185108,
              35.65252
            ],
            [
              -120.6185089,
              35.6525295
            ],
            [
              -120.6185089,
              35.652539
            ],
            [
              -120.6185094,
              35.6525482
            ],
            [
              -120.6185094,
              35.6525543
            ],
            [
              -120.6185164,
              35.6525615
            ],
            [
              -120.6185253,
              35.6525683
            ],
            [
              -120.6185361,
              35.6525725
            ],
            [
              -120.6185431,
              35.652574
            ],
            [
              -120.6185539,
              35.652576
            ],
            [
              -120.6185614,
              35.6525767
            ],
            [
              -120.618575,
              35.6525767
            ],
            [
              -120.6185876,
              35.6525771
            ],
            [
              -120.6185994,
              35.6525763
            ],
            [
              -120.6186111,
              35.6525748
            ],
            [
              -120.6186247,
              35.6525733
            ],
            [
              -120.618635,
              35.6525718
            ],
            [
              -120.6186467,
              35.6525706
            ],
            [
              -120.6186579,
              35.6525702
            ],
            [
              -120.6186701,
              35.6525733
            ],
            [
              -120.6186851,
              35.6525756
            ],
            [
              -120.6186968,
              35.6525805
            ],
            [
              -120.6187099,
              35.6525839
            ],
            [
              -120.6187221,
              35.652587
            ],
            [
              -120.6187357,
              35.6525881
            ],
            [
              -120.6187469,
              35.6525881
            ],
            [
              -120.6187568,
              35.6525878
            ],
            [
              -120.6187704,
              35.6525843
            ],
            [
              -120.6187835,
              35.6525775
            ],
            [
              -120.618791,
              35.6525699
            ],
            [
              -120.6187947,
              35.6525611
            ],
            [
              -120.6187947,
              35.6525527
            ],
            [
              -120.6187886,
              35.6525447
            ],
            [
              -120.6187811,
              35.6525402
            ]
          ]
        ]
      },
      "id": "way/1364417980"
    },
    {
      "type": "Feature",
      "properties": {
        "@id": "way/1364417981",
        "golf": "bunker",
        "natural": "sand"
      },
      "geometry": {
        "type": "Polygon",
        "coordinates": [
          [
            [
              -120.6174833,
              35.6508817
            ],
            [
              -120.6174907,
              35.6508969
            ],
            [
              -120.6175004,
              35.6509102
            ],
            [
              -120.6175129,
              35.6509254
            ],
            [
              -120.6175234,
              35.6509377
            ],
            [
              -120.617539,
              35.6509466
            ],
            [
              -120.6175565,
              35.6509526
            ],
            [
              -120.6175698,
              35.6509535
            ],
            [
              -120.6175853,
              35.650951
            ],
            [
              -120.6175939,
              35.6509466
            ],
            [
              -120.6175997,
              35.6509421
            ],
            [
              -120.6176032,
              35.6509317
            ],
            [
              -120.6175896,
              35.6509042
            ],
            [
              -120.6175733,
              35.6508931
            ],
            [
              -120.617562,
              35.6508817
            ],
            [
              -120.6175534,
              35.6508687
            ],
            [
              -120.6175374,
              35.6508551
            ],
            [
              -120.6175211,
              35.6508462
            ],
            [
              -120.6175032,
              35.6508459
            ],
            [
              -120.6174934,
              35.6508462
            ],
            [
              -120.6174841,
              35.6508542
            ],
            [
              -120.6174813,
              35.6508656
            ],
            [
              -120.6174813,
              35.6508741
            ],
            [
              -120.6174833,
              35.6508817
            ]
          ]
        ]
      },
      "id": "way/1364417981"
    },
    {
      "type": "Feature",
      "properties": {
        "@id": "way/1364417982",
        "golf": "bunker",
        "natural": "sand"
      },
      "geometry": {
        "type": "Polygon",
        "coordinates": [
          [
            [
              -120.6161451,
              35.6499337
            ],
            [
              -120.6161502,
              35.6499405
            ],
            [
              -120.6161596,
              35.6499461
            ],
            [
              -120.6161658,
              35.6499497
            ],
            [
              -120.6161719,
              35.6499529
            ],
            [
              -120.6161794,
              35.6499566
            ],
            [
              -120.6161862,
              35.6499621
            ],
            [
              -120.6161923,
              35.6499666
            ],
            [
              -120.6162001,
              35.6499713
            ],
            [
              -120.6162082,
              35.649975
            ],
            [
              -120.6162189,
              35.6499779
            ],
            [
              -120.6162292,
              35.6499795
            ],
            [
              -120.6162402,
              35.6499795
            ],
            [
              -120.6162525,
              35.6499797
            ],
            [
              -120.6162632,
              35.6499797
            ],
            [
              -120.6162762,
              35.6499787
            ],
            [
              -120.6162894,
              35.6499766
            ],
            [
              -120.6163011,
              35.649975
            ],
            [
              -120.6163147,
              35.6499695
            ],
            [
              -120.6163228,
              35.6499624
            ],
            [
              -120.6163254,
              35.6499566
            ],
            [
              -120.6163267,
              35.64995
            ],
            [
              -120.6163267,
              35.6499418
            ],
            [
              -120.6163234,
              35.6499316
            ],
            [
              -120.6163156,
              35.649924
            ],
            [
              -120.6163076,
              35.6499198
            ],
            [
              -120.6162959,
              35.6499161
            ],
            [
              -120.616283,
              35.6499142
            ],
            [
              -120.6162726,
              35.6499119
            ],
            [
              -120.616259,
              35.6499098
            ],
            [
              -120.6162493,
              35.6499077
            ],
            [
              -120.6162357,
              35.6499037
            ],
            [
              -120.6162237,
              35.6499008
            ],
            [
              -120.6162108,
              35.6498979
            ],
            [
              -120.6161988,
              35.649895
            ],
            [
              -120.6161868,
              35.6498927
            ],
            [
              -120.6161768,
              35.6498919
            ],
            [
              -120.6161658,
              35.6498927
            ],
            [
              -120.6161561,
              35.6498961
            ],
            [
              -120.6161515,
              35.6499003
            ],
            [
              -120.6161467,
              35.6499069
            ],
            [
              -120.6161434,
              35.6499121
            ],
            [
              -120.6161415,
              35.6499182
            ],
            [
              -120.6161415,
              35.6499263
            ],
            [
              -120.6161451,
              35.6499337
            ]
          ]
        ]
      },
      "id": "way/1364417982"
    },
    {
      "type": "Feature",
      "properties": {
        "@id": "way/1364417983",
        "golf": "bunker",
        "natural": "sand"
      },
      "geometry": {
        "type": "Polygon",
        "coordinates": [
          [
            [
              -120.616405,
              35.6498535
            ],
            [
              -120.6164128,
              35.6498553
            ],
            [
              -120.6164183,
              35.6498579
            ],
            [
              -120.616426,
              35.6498585
            ],
            [
              -120.6164354,
              35.6498566
            ],
            [
              -120.6164477,
              35.6498532
            ],
            [
              -120.6164568,
              35.64985
            ],
            [
              -120.6164701,
              35.6498427
            ],
            [
              -120.6164785,
              35.6498372
            ],
            [
              -120.6164853,
              35.6498319
            ],
            [
              -120.6164898,
              35.6498253
            ],
            [
              -120.6164917,
              35.6498172
            ],
            [
              -120.6164898,
              35.649809
            ],
            [
              -120.6164869,
              35.6498022
            ],
            [
              -120.6164804,
              35.6497972
            ],
            [
              -120.616472,
              35.6497943
            ],
            [
              -120.6164607,
              35.6497914
            ],
            [
              -120.6164471,
              35.6497922
            ],
            [
              -120.6164357,
              35.6497938
            ],
            [
              -120.6164244,
              35.6497966
            ],
            [
              -120.6164128,
              35.6498006
            ],
            [
              -120.6164014,
              35.6498032
            ],
            [
              -120.6163888,
              35.6498085
            ],
            [
              -120.6163814,
              35.649813
            ],
            [
              -120.6163781,
              35.6498185
            ],
            [
              -120.6163768,
              35.6498258
            ],
            [
              -120.6163804,
              35.6498335
            ],
            [
              -120.6163849,
              35.6498403
            ],
            [
              -120.6163917,
              35.6498458
            ],
            [
              -120.6163975,
              35.6498498
            ],
            [
              -120.616405,
              35.6498535
            ]
          ]
        ]
      },
      "id": "way/1364417983"
    },
    {
      "type": "Feature",
      "properties": {
        "@id": "way/1364417984",
        "golf": "bunker",
        "natural": "sand"
      },
      "geometry": {
        "type": "Polygon",
        "coordinates": [
          [
            [
              -120.616314,
              35.6497564
            ],
            [
              -120.6163276,
              35.6497672
            ],
            [
              -120.6163383,
              35.6497714
            ],
            [
              -120.616348,
              35.6497767
            ],
            [
              -120.6163555,
              35.6497803
            ],
            [
              -120.6163652,
              35.6497819
            ],
            [
              -120.6163775,
              35.6497822
            ],
            [
              -120.6163914,
              35.6497798
            ],
            [
              -120.6164066,
              35.6497756
            ],
            [
              -120.6164176,
              35.6497719
            ],
            [
              -120.6164286,
              35.6497643
            ],
            [
              -120.616437,
              35.6497569
            ],
            [
              -120.6164422,
              35.649748
            ],
            [
              -120.6164455,
              35.6497364
            ],
            [
              -120.6164435,
              35.6497254
            ],
            [
              -120.6164409,
              35.6497159
            ],
            [
              -120.6164345,
              35.6497083
            ],
            [
              -120.6164264,
              35.6497019
            ],
            [
              -120.616416,
              35.6496969
            ],
            [
              -120.6164014,
              35.6496941
            ],
            [
              -120.616381,
              35.6496946
            ],
            [
              -120.616361,
              35.6496983
            ],
            [
              -120.6163467,
              35.6497014
            ],
            [
              -120.6163289,
              35.6497085
            ],
            [
              -120.6163169,
              35.6497148
            ],
            [
              -120.6163114,
              35.6497222
            ],
            [
              -120.6163072,
              35.6497275
            ],
            [
              -120.6163033,
              35.6497322
            ],
            [
              -120.6163033,
              35.6497401
            ],
            [
              -120.6163066,
              35.649749
            ],
            [
              -120.616314,
              35.6497564
            ]
          ]
        ]
      },
      "id": "way/1364417984"
    },
    {
      "type": "Feature",
      "properties": {
        "@id": "way/1364417985",
        "golf": "bunker",
        "natural": "sand"
      },
      "geometry": {
        "type": "Polygon",
        "coordinates": [
          [
            [
              -120.6162305,
              35.6496072
            ],
            [
              -120.6162295,
              35.6496157
            ],
            [
              -120.6162321,
              35.6496236
            ],
            [
              -120.6162357,
              35.6496338
            ],
            [
              -120.6162402,
              35.6496438
            ],
            [
              -120.6162457,
              35.6496528
            ],
            [
              -120.6162548,
              35.6496638
            ],
            [
              -120.6162626,
              35.6496725
            ],
            [
              -120.6162707,
              35.6496817
            ],
            [
              -120.6162781,
              35.6496867
            ],
            [
              -120.6162878,
              35.6496904
            ],
            [
              -120.6162985,
              35.6496906
            ],
            [
              -120.6163108,
              35.6496875
            ],
            [
              -120.6163231,
              35.6496806
            ],
            [
              -120.6163318,
              35.649673
            ],
            [
              -120.6163412,
              35.6496614
            ],
            [
              -120.6163458,
              35.6496509
            ],
            [
              -120.6163467,
              35.6496409
            ],
            [
              -120.6163441,
              35.6496301
            ],
            [
              -120.616338,
              35.6496204
            ],
            [
              -120.6163302,
              35.649613
            ],
            [
              -120.6163208,
              35.6496091
            ],
            [
              -120.6163092,
              35.6496059
            ],
            [
              -120.6162953,
              35.6496009
            ],
            [
              -120.6162859,
              35.6495944
            ],
            [
              -120.6162787,
              35.6495891
            ],
            [
              -120.616271,
              35.6495854
            ],
            [
              -120.6162622,
              35.6495841
            ],
            [
              -120.6162538,
              35.6495844
            ],
            [
              -120.6162438,
              35.649588
            ],
            [
              -120.616238,
              35.6495933
            ],
            [
              -120.6162325,
              35.6495999
            ],
            [
              -120.6162305,
              35.6496072
            ]
          ]
        ]
      },
      "id": "way/1364417985"
    },
    {
      "type": "Feature",
      "properties": {
        "@id": "way/1364548673",
        "golf": "bunker",
        "natural": "sand"
      },
      "geometry": {
        "type": "Polygon",
        "coordinates": [
          [
            [
              -120.6160393,
              35.6478985
            ],
            [
              -120.6160518,
              35.6478979
            ],
            [
              -120.6160688,
              35.6478944
            ],
            [
              -120.6160755,
              35.6478912
            ],
            [
              -120.6160877,
              35.6478864
            ],
            [
              -120.616097,
              35.6478817
            ],
            [
              -120.6161095,
              35.6478767
            ],
            [
              -120.6161188,
              35.6478728
            ],
            [
              -120.6161276,
              35.6478689
            ],
            [
              -120.6161369,
              35.6478635
            ],
            [
              -120.6161388,
              35.6478544
            ],
            [
              -120.6161404,
              35.6478455
            ],
            [
              -120.6161375,
              35.6478378
            ],
            [
              -120.6161327,
              35.6478282
            ],
            [
              -120.6161236,
              35.6478211
            ],
            [
              -120.6161122,
              35.6478144
            ],
            [
              -120.6160991,
              35.6478105
            ],
            [
              -120.6160861,
              35.647806
            ],
            [
              -120.6160755,
              35.6478045
            ],
            [
              -120.6160611,
              35.6478053
            ],
            [
              -120.6160473,
              35.6478058
            ],
            [
              -120.6160326,
              35.6478064
            ],
            [
              -120.6160241,
              35.6478088
            ],
            [
              -120.6160119,
              35.6478105
            ],
            [
              -120.6160015,
              35.647812
            ],
            [
              -120.6159802,
              35.6478233
            ],
            [
              -120.6159669,
              35.6478341
            ],
            [
              -120.6159618,
              35.6478414
            ],
            [
              -120.6159597,
              35.6478462
            ],
            [
              -120.6159576,
              35.6478529
            ],
            [
              -120.6159597,
              35.6478607
            ],
            [
              -120.6159632,
              35.6478667
            ],
            [
              -120.615969,
              35.6478739
            ],
            [
              -120.6159767,
              35.6478806
            ],
            [
              -120.6159876,
              35.6478871
            ],
            [
              -120.6159988,
              35.647892
            ],
            [
              -120.6160084,
              35.6478959
            ],
            [
              -120.6160196,
              35.6478981
            ],
            [
              -120.6160292,
              35.6478987
            ],
            [
              -120.6160393,
              35.6478985
            ]
          ]
        ]
      },
      "id": "way/1364548673"
    },
    {
      "type": "Feature",
      "properties": {
        "@id": "way/1364548674",
        "golf": "bunker",
        "natural": "sand"
      },
      "geometry": {
        "type": "Polygon",
        "coordinates": [
          [
            [
              -120.6159077,
              35.6477212
            ],
            [
              -120.6159134,
              35.6477254
            ],
            [
              -120.615924,
              35.6477301
            ],
            [
              -120.6159327,
              35.6477301
            ],
            [
              -120.6159407,
              35.6477285
            ],
            [
              -120.6159512,
              35.6477259
            ],
            [
              -120.6159631,
              35.6477212
            ],
            [
              -120.6159672,
              35.6477137
            ],
            [
              -120.6159695,
              35.6477069
            ],
            [
              -120.6159743,
              35.6476973
            ],
            [
              -120.6159784,
              35.6476885
            ],
            [
              -120.6159864,
              35.6476791
            ],
            [
              -120.6159957,
              35.64767
            ],
            [
              -120.6160028,
              35.6476632
            ],
            [
              -120.6160105,
              35.647658
            ],
            [
              -120.6160213,
              35.6476515
            ],
            [
              -120.6160313,
              35.647645
            ],
            [
              -120.6160386,
              35.6476359
            ],
            [
              -120.6160434,
              35.6476265
            ],
            [
              -120.6160444,
              35.6476156
            ],
            [
              -120.6160431,
              35.6476078
            ],
            [
              -120.6160361,
              35.6475979
            ],
            [
              -120.6160271,
              35.6475914
            ],
            [
              -120.6160165,
              35.6475875
            ],
            [
              -120.6160031,
              35.6475883
            ],
            [
              -120.6159919,
              35.6475906
            ],
            [
              -120.6159804,
              35.6475958
            ],
            [
              -120.6159717,
              35.6476016
            ],
            [
              -120.6159605,
              35.6476094
            ],
            [
              -120.6159499,
              35.6476169
            ],
            [
              -120.6159419,
              35.6476255
            ],
            [
              -120.6159336,
              35.6476338
            ],
            [
              -120.6159247,
              35.6476414
            ],
            [
              -120.615917,
              35.6476481
            ],
            [
              -120.6159115,
              35.6476544
            ],
            [
              -120.6159054,
              35.647663
            ],
            [
              -120.6159013,
              35.6476708
            ],
            [
              -120.6158978,
              35.6476778
            ],
            [
              -120.6158946,
              35.6476861
            ],
            [
              -120.6158949,
              35.6476944
            ],
            [
              -120.6158952,
              35.6477025
            ],
            [
              -120.6158984,
              35.647709
            ],
            [
              -120.6159013,
              35.6477155
            ],
            [
              -120.6159077,
              35.6477212
            ]
          ]
        ]
      },
      "id": "way/1364548674"
    },
    {
      "type": "Feature",
      "properties": {
        "@id": "way/1364573685",
        "golf": "bunker",
        "natural": "sand"
      },
      "geometry": {
        "type": "Polygon",
        "coordinates": [
          [
            [
              -120.6163288,
              35.6477306
            ],
            [
              -120.6163384,
              35.6477305
            ],
            [
              -120.6163472,
              35.6477278
            ],
            [
              -120.6163549,
              35.6477236
            ],
            [
              -120.6163626,
              35.6477202
            ],
            [
              -120.6163704,
              35.6477146
            ],
            [
              -120.6163768,
              35.6477092
            ],
            [
              -120.6163821,
              35.6477015
            ],
            [
              -120.6163829,
              35.6476945
            ],
            [
              -120.6163823,
              35.6476891
            ],
            [
              -120.616381,
              35.6476827
            ],
            [
              -120.6163797,
              35.6476768
            ],
            [
              -120.6163761,
              35.6476714
            ],
            [
              -120.61637,
              35.6476691
            ],
            [
              -120.6163636,
              35.6476658
            ],
            [
              -120.6163573,
              35.647664
            ],
            [
              -120.6163481,
              35.6476643
            ],
            [
              -120.6163384,
              35.6476655
            ],
            [
              -120.6163294,
              35.6476695
            ],
            [
              -120.6163233,
              35.6476734
            ],
            [
              -120.6163172,
              35.6476782
            ],
            [
              -120.6163113,
              35.6476838
            ],
            [
              -120.6163067,
              35.64769
            ],
            [
              -120.6163038,
              35.6476955
            ],
            [
              -120.6163027,
              35.6477012
            ],
            [
              -120.6163025,
              35.6477073
            ],
            [
              -120.616304,
              35.6477139
            ],
            [
              -120.6163073,
              35.6477196
            ],
            [
              -120.616311,
              35.6477234
            ],
            [
              -120.6163156,
              35.6477267
            ],
            [
              -120.6163207,
              35.6477293
            ],
            [
              -120.6163288,
              35.6477306
            ]
          ]
        ]
      },
      "id": "way/1364573685"
    },
    {
      "type": "Feature",
      "properties": {
        "@id": "way/1364573686",
        "golf": "bunker",
        "natural": "sand"
      },
      "geometry": {
        "type": "Polygon",
        "coordinates": [
          [
            [
              -120.6162147,
              35.6474978
            ],
            [
              -120.6162224,
              35.6475021
            ],
            [
              -120.6162333,
              35.6475056
            ],
            [
              -120.616245,
              35.6475091
            ],
            [
              -120.6162596,
              35.6475126
            ],
            [
              -120.6162737,
              35.6475165
            ],
            [
              -120.6162875,
              35.6475192
            ],
            [
              -120.6163021,
              35.6475216
            ],
            [
              -120.6163147,
              35.6475223
            ],
            [
              -120.6163284,
              35.6475225
            ],
            [
              -120.6163348,
              35.6475219
            ],
            [
              -120.6163441,
              35.6475196
            ],
            [
              -120.6163532,
              35.6475147
            ],
            [
              -120.6163576,
              35.6475095
            ],
            [
              -120.6163607,
              35.6475023
            ],
            [
              -120.6163627,
              35.6474933
            ],
            [
              -120.6163629,
              35.6474861
            ],
            [
              -120.61636,
              35.6474772
            ],
            [
              -120.6163543,
              35.6474719
            ],
            [
              -120.616345,
              35.6474662
            ],
            [
              -120.616335,
              35.6474642
            ],
            [
              -120.6163224,
              35.6474615
            ],
            [
              -120.6163105,
              35.6474599
            ],
            [
              -120.6162981,
              35.6474581
            ],
            [
              -120.6162839,
              35.6474558
            ],
            [
              -120.6162715,
              35.6474534
            ],
            [
              -120.6162578,
              35.6474502
            ],
            [
              -120.6162459,
              35.6474462
            ],
            [
              -120.616239,
              35.6474441
            ],
            [
              -120.6162295,
              35.6474443
            ],
            [
              -120.6162204,
              35.6474459
            ],
            [
              -120.6162098,
              35.6474497
            ],
            [
              -120.6162054,
              35.6474545
            ],
            [
              -120.616201,
              35.6474617
            ],
            [
              -120.616199,
              35.6474665
            ],
            [
              -120.6161974,
              35.6474741
            ],
            [
              -120.6161996,
              35.64748
            ],
            [
              -120.6162025,
              35.6474852
            ],
            [
              -120.6162061,
              35.6474899
            ],
            [
              -120.6162096,
              35.6474944
            ],
            [
              -120.6162147,
              35.6474978
            ]
          ]
        ]
      },
      "id": "way/1364573686"
    },
    {
      "type": "Feature",
      "properties": {
        "@id": "way/1364573687",
        "golf": "bunker",
        "natural": "sand"
      },
      "geometry": {
        "type": "Polygon",
        "coordinates": [
          [
            [
              -120.618464,
              35.648184
            ],
            [
              -120.6184691,
              35.6481884
            ],
            [
              -120.6184749,
              35.6481914
            ],
            [
              -120.6184842,
              35.6481948
            ],
            [
              -120.6184936,
              35.6481955
            ],
            [
              -120.6185015,
              35.6481955
            ],
            [
              -120.6185098,
              35.6481957
            ],
            [
              -120.6185199,
              35.6481961
            ],
            [
              -120.6185298,
              35.6481968
            ],
            [
              -120.6185372,
              35.6481972
            ],
            [
              -120.6185478,
              35.6481948
            ],
            [
              -120.6185556,
              35.6481916
            ],
            [
              -120.6185614,
              35.6481877
            ],
            [
              -120.6185662,
              35.6481834
            ],
            [
              -120.6185689,
              35.648173
            ],
            [
              -120.6185683,
              35.6481654
            ],
            [
              -120.6185657,
              35.6481583
            ],
            [
              -120.6185566,
              35.6481514
            ],
            [
              -120.6185473,
              35.648146
            ],
            [
              -120.6185351,
              35.6481436
            ],
            [
              -120.618522,
              35.6481436
            ],
            [
              -120.6185087,
              35.6481451
            ],
            [
              -120.6184991,
              35.648147
            ],
            [
              -120.6184888,
              35.6481481
            ],
            [
              -120.6184781,
              35.6481499
            ],
            [
              -120.6184688,
              35.6481535
            ],
            [
              -120.6184622,
              35.6481594
            ],
            [
              -120.6184579,
              35.6481635
            ],
            [
              -120.6184566,
              35.6481695
            ],
            [
              -120.6184574,
              35.6481749
            ],
            [
              -120.61846,
              35.6481799
            ],
            [
              -120.618464,
              35.648184
            ]
          ]
        ]
      },
      "id": "way/1364573687"
    },
    {
      "type": "Feature",
      "properties": {
        "@id": "way/1364573688",
        "golf": "bunker",
        "natural": "sand"
      },
      "geometry": {
        "type": "Polygon",
        "coordinates": [
          [
            [
              -120.6189234,
              35.648337
            ],
            [
              -120.6189188,
              35.6483439
            ],
            [
              -120.6189151,
              35.6483511
            ],
            [
              -120.6189153,
              35.648362
            ],
            [
              -120.6189165,
              35.648368
            ],
            [
              -120.6189203,
              35.6483752
            ],
            [
              -120.6189222,
              35.6483805
            ],
            [
              -120.6189249,
              35.6483877
            ],
            [
              -120.6189253,
              35.6483952
            ],
            [
              -120.6189257,
              35.6484018
            ],
            [
              -120.6189261,
              35.6484099
            ],
            [
              -120.618928,
              35.6484171
            ],
            [
              -120.6189299,
              35.6484271
            ],
            [
              -120.6189319,
              35.648434
            ],
            [
              -120.6189357,
              35.6484424
            ],
            [
              -120.6189407,
              35.648449
            ],
            [
              -120.6189469,
              35.6484562
            ],
            [
              -120.6189573,
              35.6484659
            ],
            [
              -120.6189696,
              35.6484753
            ],
            [
              -120.6189804,
              35.6484838
            ],
            [
              -120.6189916,
              35.6484916
            ],
            [
              -120.6190066,
              35.6484994
            ],
            [
              -120.6190166,
              35.6485038
            ],
            [
              -120.6190258,
              35.6485054
            ],
            [
              -120.6190359,
              35.6485054
            ],
            [
              -120.6190455,
              35.6485022
            ],
            [
              -120.6190516,
              35.6484975
            ],
            [
              -120.6190551,
              35.6484916
            ],
            [
              -120.619059,
              35.6484838
            ],
            [
              -120.6190574,
              35.6484766
            ],
            [
              -120.6190513,
              35.6484678
            ],
            [
              -120.6190447,
              35.6484581
            ],
            [
              -120.6190386,
              35.6484518
            ],
            [
              -120.6190297,
              35.6484459
            ],
            [
              -120.619022,
              35.6484406
            ],
            [
              -120.6190158,
              35.6484365
            ],
            [
              -120.6190127,
              35.6484274
            ],
            [
              -120.6190143,
              35.6484184
            ],
            [
              -120.6190166,
              35.6484052
            ],
            [
              -120.6190197,
              35.6483946
            ],
            [
              -120.6190197,
              35.6483795
            ],
            [
              -120.6190178,
              35.6483655
            ],
            [
              -120.6190147,
              35.6483539
            ],
            [
              -120.6190077,
              35.6483407
            ],
            [
              -120.6189954,
              35.648331
            ],
            [
              -120.6189835,
              35.6483242
            ],
            [
              -120.6189661,
              35.6483185
            ],
            [
              -120.6189523,
              35.6483166
            ],
            [
              -120.6189396,
              35.6483198
            ],
            [
              -120.6189311,
              35.6483267
            ],
            [
              -120.6189234,
              35.648337
            ]
          ]
        ]
      },
      "id": "way/1364573688"
    },
    {
      "type": "Feature",
      "properties": {
        "@id": "way/1364573689",
        "golf": "bunker",
        "natural": "sand"
      },
      "geometry": {
        "type": "Polygon",
        "coordinates": [
          [
            [
              -120.6193205,
              35.6483705
            ],
            [
              -120.619322,
              35.6483761
            ],
            [
              -120.6193243,
              35.6483811
            ],
            [
              -120.6193274,
              35.6483849
            ],
            [
              -120.6193313,
              35.648388
            ],
            [
              -120.6193382,
              35.6483914
            ],
            [
              -120.6193467,
              35.6483936
            ],
            [
              -120.6193551,
              35.6483952
            ],
            [
              -120.6193648,
              35.6483952
            ],
            [
              -120.6193752,
              35.6483986
            ],
            [
              -120.6193817,
              35.6484005
            ],
            [
              -120.6194002,
              35.6484036
            ],
            [
              -120.6194114,
              35.6484024
            ],
            [
              -120.6194202,
              35.6484005
            ],
            [
              -120.6194302,
              35.6483974
            ],
            [
              -120.6194368,
              35.6483939
            ],
            [
              -120.6194453,
              35.6483867
            ],
            [
              -120.6194472,
              35.6483783
            ],
            [
              -120.6194441,
              35.6483686
            ],
            [
              -120.6194352,
              35.6483633
            ],
            [
              -120.6194206,
              35.648362
            ],
            [
              -120.619411,
              35.6483605
            ],
            [
              -120.6193998,
              35.6483554
            ],
            [
              -120.6193925,
              35.6483508
            ],
            [
              -120.6193805,
              35.6483473
            ],
            [
              -120.6193694,
              35.6483461
            ],
            [
              -120.6193586,
              35.6483454
            ],
            [
              -120.6193443,
              35.6483464
            ],
            [
              -120.6193343,
              35.6483498
            ],
            [
              -120.6193278,
              35.648352
            ],
            [
              -120.619322,
              35.6483558
            ],
            [
              -120.6193197,
              35.648363
            ],
            [
              -120.6193205,
              35.6483705
            ]
          ]
        ]
      },
      "id": "way/1364573689"
    },
    {
      "type": "Feature",
      "properties": {
        "@id": "way/1364573690",
        "golf": "bunker",
        "natural": "sand"
      },
      "geometry": {
        "type": "Polygon",
        "coordinates": [
          [
            [
              -120.6212876,
              35.6477328
            ],
            [
              -120.6212961,
              35.6477364
            ],
            [
              -120.6213045,
              35.647739
            ],
            [
              -120.6213138,
              35.6477403
            ],
            [
              -120.6213243,
              35.647741
            ],
            [
              -120.6213356,
              35.647741
            ],
            [
              -120.6213432,
              35.647741
            ],
            [
              -120.6213513,
              35.6477403
            ],
            [
              -120.6213646,
              35.6477367
            ],
            [
              -120.6213743,
              35.6477334
            ],
            [
              -120.6213852,
              35.6477305
            ],
            [
              -120.6213945,
              35.6477292
            ],
            [
              -120.6214126,
              35.6477305
            ],
            [
              -120.6214259,
              35.6477321
            ],
            [
              -120.621438,
              35.6477325
            ],
            [
              -120.6214481,
              35.6477325
            ],
            [
              -120.6214594,
              35.6477295
            ],
            [
              -120.6214727,
              35.6477262
            ],
            [
              -120.6214897,
              35.647719
            ],
            [
              -120.6215054,
              35.6477095
            ],
            [
              -120.6215159,
              35.647704
            ],
            [
              -120.6215227,
              35.6476977
            ],
            [
              -120.6215243,
              35.6476912
            ],
            [
              -120.6215219,
              35.6476813
            ],
            [
              -120.6215195,
              35.6476715
            ],
            [
              -120.6215151,
              35.64766
            ],
            [
              -120.6215102,
              35.6476538
            ],
            [
              -120.6215018,
              35.6476489
            ],
            [
              -120.6214953,
              35.6476456
            ],
            [
              -120.6214864,
              35.6476443
            ],
            [
              -120.6214784,
              35.6476427
            ],
            [
              -120.6214719,
              35.6476446
            ],
            [
              -120.6214659,
              35.6476492
            ],
            [
              -120.6214566,
              35.6476574
            ],
            [
              -120.6214477,
              35.6476617
            ],
            [
              -120.621438,
              35.6476656
            ],
            [
              -120.6214263,
              35.6476672
            ],
            [
              -120.6214167,
              35.6476669
            ],
            [
              -120.6214062,
              35.6476656
            ],
            [
              -120.6213981,
              35.6476646
            ],
            [
              -120.6213876,
              35.6476646
            ],
            [
              -120.6213787,
              35.6476672
            ],
            [
              -120.6213707,
              35.6476695
            ],
            [
              -120.6213622,
              35.647679
            ],
            [
              -120.6213557,
              35.6476843
            ],
            [
              -120.6213489,
              35.6476869
            ],
            [
              -120.6213412,
              35.6476869
            ],
            [
              -120.621332,
              35.6476866
            ],
            [
              -120.6213239,
              35.6476836
            ],
            [
              -120.6213118,
              35.6476774
            ],
            [
              -120.6213033,
              35.6476735
            ],
            [
              -120.6212928,
              35.6476722
            ],
            [
              -120.6212819,
              35.6476741
            ],
            [
              -120.6212755,
              35.6476777
            ],
            [
              -120.621269,
              35.647683
            ],
            [
              -120.621265,
              35.6476869
            ],
            [
              -120.6212626,
              35.6476915
            ],
            [
              -120.6212626,
              35.647699
            ],
            [
              -120.6212634,
              35.6477059
            ],
            [
              -120.6212654,
              35.6477135
            ],
            [
              -120.6212702,
              35.647719
            ],
            [
              -120.6212767,
              35.6477266
            ],
            [
              -120.6212876,
              35.6477328
            ]
          ]
        ]
      },
      "id": "way/1364573690"
    },
    {
      "type": "Feature",
      "properties": {
        "@id": "way/1364573691",
        "golf": "bunker",
        "natural": "sand"
      },
      "geometry": {
        "type": "Polygon",
        "coordinates": [
          [
            [
              -120.6217593,
              35.6475216
            ],
            [
              -120.6217734,
              35.6475185
            ],
            [
              -120.6217855,
              35.6475126
            ],
            [
              -120.6217938,
              35.6475059
            ],
            [
              -120.6218015,
              35.6474972
            ],
            [
              -120.6218049,
              35.6474881
            ],
            [
              -120.6218074,
              35.6474794
            ],
            [
              -120.6218069,
              35.6474704
            ],
            [
              -120.6218088,
              35.6474617
            ],
            [
              -120.6218156,
              35.6474514
            ],
            [
              -120.6218243,
              35.6474436
            ],
            [
              -120.6218379,
              35.6474396
            ],
            [
              -120.6218476,
              35.6474376
            ],
            [
              -120.6218627,
              35.6474365
            ],
            [
              -120.6218729,
              35.6474305
            ],
            [
              -120.6218831,
              35.6474227
            ],
            [
              -120.6218932,
              35.6474148
            ],
            [
              -120.6219044,
              35.6474073
            ],
            [
              -120.6219127,
              35.647399
            ],
            [
              -120.6219199,
              35.6473923
            ],
            [
              -120.6219282,
              35.6473824
            ],
            [
              -120.6219311,
              35.6473726
            ],
            [
              -120.6219321,
              35.6473635
            ],
            [
              -120.6219316,
              35.6473521
            ],
            [
              -120.6219306,
              35.6473398
            ],
            [
              -120.6219301,
              35.6473292
            ],
            [
              -120.6219287,
              35.6473217
            ],
            [
              -120.6219316,
              35.6473154
            ],
            [
              -120.6219384,
              35.6473075
            ],
            [
              -120.6219495,
              35.6473008
            ],
            [
              -120.6219597,
              35.6472925
            ],
            [
              -120.6219641,
              35.6472839
            ],
            [
              -120.621967,
              35.647276
            ],
            [
              -120.6219636,
              35.6472661
            ],
            [
              -120.6219554,
              35.6472582
            ],
            [
              -120.6219466,
              35.6472539
            ],
            [
              -120.6219379,
              35.6472531
            ],
            [
              -120.6219277,
              35.6472531
            ],
            [
              -120.6219151,
              35.6472539
            ],
            [
              -120.6219064,
              35.6472555
            ],
            [
              -120.6218932,
              35.647263
            ],
            [
              -120.6218661,
              35.6472831
            ],
            [
              -120.621852,
              35.6472965
            ],
            [
              -120.6218433,
              35.6473004
            ],
            [
              -120.6218287,
              35.6473048
            ],
            [
              -120.6218132,
              35.6473103
            ],
            [
              -120.6217986,
              35.6473186
            ],
            [
              -120.621785,
              35.6473268
            ],
            [
              -120.6217744,
              35.6473355
            ],
            [
              -120.6217656,
              35.6473446
            ],
            [
              -120.6217593,
              35.6473572
            ],
            [
              -120.6217545,
              35.6473686
            ],
            [
              -120.6217501,
              35.6473793
            ],
            [
              -120.6217467,
              35.6473895
            ],
            [
              -120.6217428,
              35.6473994
            ],
            [
              -120.6217351,
              35.6474077
            ],
            [
              -120.6217263,
              35.647416
            ],
            [
              -120.6217186,
              35.6474246
            ],
            [
              -120.6217074,
              35.6474333
            ],
            [
              -120.6217006,
              35.6474447
            ],
            [
              -120.6216943,
              35.6474577
            ],
            [
              -120.6216914,
              35.6474688
            ],
            [
              -120.6216914,
              35.6474783
            ],
            [
              -120.6216953,
              35.6474881
            ],
            [
              -120.6217026,
              35.6474984
            ],
            [
              -120.6217113,
              35.6475062
            ],
            [
              -120.621722,
              35.6475126
            ],
            [
              -120.6217322,
              35.6475177
            ],
            [
              -120.6217438,
              35.6475204
            ],
            [
              -120.6217593,
              35.6475216
            ]
          ]
        ]
      },
      "id": "way/1364573691"
    },
    {
      "type": "Feature",
      "properties": {
        "@id": "way/1364573692",
        "golf": "bunker",
        "natural": "sand"
      },
      "geometry": {
        "type": "Polygon",
        "coordinates": [
          [
            [
              -120.621386,
              35.6470524
            ],
            [
              -120.6213934,
              35.647054
            ],
            [
              -120.6214041,
              35.6470535
            ],
            [
              -120.6214128,
              35.6470516
            ],
            [
              -120.6214199,
              35.6470472
            ],
            [
              -120.6214336,
              35.6470404
            ],
            [
              -120.6214427,
              35.6470347
            ],
            [
              -120.6214511,
              35.6470301
            ],
            [
              -120.6214598,
              35.6470254
            ],
            [
              -120.6214708,
              35.6470175
            ],
            [
              -120.6214802,
              35.6470096
            ],
            [
              -120.6214896,
              35.6469998
            ],
            [
              -120.6214943,
              35.6469903
            ],
            [
              -120.6214963,
              35.6469837
            ],
            [
              -120.621498,
              35.6469737
            ],
            [
              -120.6214983,
              35.6469663
            ],
            [
              -120.621495,
              35.6469587
            ],
            [
              -120.6214893,
              35.6469521
            ],
            [
              -120.6214832,
              35.646948
            ],
            [
              -120.6214755,
              35.6469459
            ],
            [
              -120.6214668,
              35.6469448
            ],
            [
              -120.6214571,
              35.6469467
            ],
            [
              -120.621447,
              35.6469516
            ],
            [
              -120.6214365,
              35.6469596
            ],
            [
              -120.6214279,
              35.6469668
            ],
            [
              -120.6214205,
              35.646975
            ],
            [
              -120.6214138,
              35.6469829
            ],
            [
              -120.6214055,
              35.6469908
            ],
            [
              -120.6213937,
              35.6469971
            ],
            [
              -120.6213837,
              35.6470006
            ],
            [
              -120.6213753,
              35.6470069
            ],
            [
              -120.6213672,
              35.6470132
            ],
            [
              -120.6213629,
              35.6470216
            ],
            [
              -120.6213632,
              35.6470309
            ],
            [
              -120.6213662,
              35.6470396
            ],
            [
              -120.6213689,
              35.6470445
            ],
            [
              -120.621377,
              35.6470497
            ],
            [
              -120.621386,
              35.6470524
            ]
          ]
        ]
      },
      "id": "way/1364573692"
    },
    {
      "type": "Feature",
      "properties": {
        "@id": "way/1364573693",
        "golf": "bunker",
        "natural": "sand"
      },
      "geometry": {
        "type": "Polygon",
        "coordinates": [
          [
            [
              -120.6223533,
              35.6465874
            ],
            [
              -120.6223626,
              35.6465881
            ],
            [
              -120.6223738,
              35.6465867
            ],
            [
              -120.6223815,
              35.6465848
            ],
            [
              -120.6223896,
              35.6465812
            ],
            [
              -120.6223944,
              35.6465785
            ],
            [
              -120.6224029,
              35.6465746
            ],
            [
              -120.6224114,
              35.6465713
            ],
            [
              -120.6224186,
              35.6465687
            ],
            [
              -120.6224271,
              35.6465664
            ],
            [
              -120.6224364,
              35.6465635
            ],
            [
              -120.622446,
              35.6465612
            ],
            [
              -120.6224541,
              35.6465602
            ],
            [
              -120.622465,
              35.6465595
            ],
            [
              -120.6224751,
              35.6465602
            ],
            [
              -120.6224856,
              35.6465605
            ],
            [
              -120.6224944,
              35.6465618
            ],
            [
              -120.6225041,
              35.6465635
            ],
            [
              -120.622515,
              35.6465658
            ],
            [
              -120.6225267,
              35.6465674
            ],
            [
              -120.6225364,
              35.6465681
            ],
            [
              -120.6225469,
              35.6465681
            ],
            [
              -120.6225598,
              35.6465681
            ],
            [
              -120.6225711,
              35.6465674
            ],
            [
              -120.6225856,
              35.6465645
            ],
            [
              -120.6225933,
              35.6465615
            ],
            [
              -120.6226025,
              35.6465563
            ],
            [
              -120.6226082,
              35.646551
            ],
            [
              -120.6226114,
              35.6465451
            ],
            [
              -120.622611,
              35.6465336
            ],
            [
              -120.6226094,
              35.6465232
            ],
            [
              -120.6226066,
              35.6465146
            ],
            [
              -120.6226038,
              35.6465084
            ],
            [
              -120.6225981,
              35.6465018
            ],
            [
              -120.6225937,
              35.6464966
            ],
            [
              -120.6225852,
              35.6464901
            ],
            [
              -120.6225763,
              35.6464848
            ],
            [
              -120.6225687,
              35.6464809
            ],
            [
              -120.6225578,
              35.6464773
            ],
            [
              -120.6225453,
              35.6464733
            ],
            [
              -120.6225356,
              35.646471
            ],
            [
              -120.6225243,
              35.6464681
            ],
            [
              -120.6225146,
              35.6464668
            ],
            [
              -120.6225049,
              35.6464655
            ],
            [
              -120.6224928,
              35.6464655
            ],
            [
              -120.6224803,
              35.6464661
            ],
            [
              -120.6224686,
              35.6464684
            ],
            [
              -120.6224557,
              35.646472
            ],
            [
              -120.6224452,
              35.6464746
            ],
            [
              -120.6224331,
              35.6464773
            ],
            [
              -120.6224231,
              35.6464799
            ],
            [
              -120.6224118,
              35.6464838
            ],
            [
              -120.6223993,
              35.6464884
            ],
            [
              -120.6223896,
              35.646492
            ],
            [
              -120.6223811,
              35.6464953
            ],
            [
              -120.622369,
              35.6464999
            ],
            [
              -120.6223557,
              35.6465051
            ],
            [
              -120.6223456,
              35.6465094
            ],
            [
              -120.6223359,
              35.646515
            ],
            [
              -120.6223303,
              35.6465225
            ],
            [
              -120.6223254,
              35.6465291
            ],
            [
              -120.6223222,
              35.6465353
            ],
            [
              -120.6223186,
              35.6465422
            ],
            [
              -120.6223178,
              35.6465487
            ],
            [
              -120.6223186,
              35.6465572
            ],
            [
              -120.6223214,
              35.6465648
            ],
            [
              -120.6223254,
              35.646571
            ],
            [
              -120.6223303,
              35.6465772
            ],
            [
              -120.6223371,
              35.6465818
            ],
            [
              -120.6223452,
              35.6465861
            ],
            [
              -120.6223533,
              35.6465874
            ]
          ]
        ]
      },
      "id": "way/1364573693"
    },
    {
      "type": "Feature",
      "properties": {
        "@id": "way/1364573694",
        "golf": "bunker",
        "natural": "sand"
      },
      "geometry": {
        "type": "Polygon",
        "coordinates": [
          [
            [
              -120.6260217,
              35.6479036
            ],
            [
              -120.6260318,
              35.6478988
            ],
            [
              -120.6260403,
              35.6478926
            ],
            [
              -120.626047,
              35.6478837
            ],
            [
              -120.6260572,
              35.6478734
            ],
            [
              -120.6260673,
              35.6478679
            ],
            [
              -120.6260774,
              35.6478638
            ],
            [
              -120.626085,
              35.6478569
            ],
            [
              -120.6260909,
              35.6478445
            ],
            [
              -120.6260842,
              35.6478335
            ],
            [
              -120.6260724,
              35.6478239
            ],
            [
              -120.6260588,
              35.6478157
            ],
            [
              -120.6260462,
              35.6478095
            ],
            [
              -120.6260343,
              35.6478006
            ],
            [
              -120.6260242,
              35.6477917
            ],
            [
              -120.6260166,
              35.6477807
            ],
            [
              -120.6260115,
              35.6477738
            ],
            [
              -120.6260005,
              35.6477669
            ],
            [
              -120.6259879,
              35.6477669
            ],
            [
              -120.6259684,
              35.6477745
            ],
            [
              -120.6259625,
              35.6477855
            ],
            [
              -120.6259617,
              35.6477972
            ],
            [
              -120.6259617,
              35.6478075
            ],
            [
              -120.6259668,
              35.6478178
            ],
            [
              -120.6259718,
              35.6478274
            ],
            [
              -120.6259786,
              35.6478452
            ],
            [
              -120.6259777,
              35.6478562
            ],
            [
              -120.6259769,
              35.6478665
            ],
            [
              -120.6259769,
              35.647874
            ],
            [
              -120.6259786,
              35.647883
            ],
            [
              -120.6259862,
              35.6478919
            ],
            [
              -120.6259938,
              35.6478988
            ],
            [
              -120.6260031,
              35.6479036
            ],
            [
              -120.6260124,
              35.6479049
            ],
            [
              -120.6260217,
              35.6479036
            ]
          ]
        ]
      },
      "id": "way/1364573694"
    },
    {
      "type": "Feature",
      "properties": {
        "@id": "way/1364573695",
        "golf": "bunker",
        "natural": "sand"
      },
      "geometry": {
        "type": "Polygon",
        "coordinates": [
          [
            [
              -120.6229467,
              35.6483271
            ],
            [
              -120.6229548,
              35.6483298
            ],
            [
              -120.6229663,
              35.6483309
            ],
            [
              -120.6229741,
              35.6483303
            ],
            [
              -120.6229813,
              35.6483303
            ],
            [
              -120.6229899,
              35.6483275
            ],
            [
              -120.622995,
              35.6483244
            ],
            [
              -120.6230016,
              35.6483205
            ],
            [
              -120.6230072,
              35.6483153
            ],
            [
              -120.6230142,
              35.6483092
            ],
            [
              -120.6230223,
              35.6483051
            ],
            [
              -120.6230284,
              35.6483015
            ],
            [
              -120.6230356,
              35.6482992
            ],
            [
              -120.623044,
              35.6482981
            ],
            [
              -120.6230538,
              35.6482961
            ],
            [
              -120.623061,
              35.6482929
            ],
            [
              -120.623066,
              35.6482877
            ],
            [
              -120.623071,
              35.6482823
            ],
            [
              -120.6230763,
              35.6482773
            ],
            [
              -120.62308,
              35.6482739
            ],
            [
              -120.6230841,
              35.6482653
            ],
            [
              -120.6230839,
              35.6482567
            ],
            [
              -120.6230805,
              35.6482469
            ],
            [
              -120.6230749,
              35.6482388
            ],
            [
              -120.6230666,
              35.6482308
            ],
            [
              -120.6230577,
              35.6482263
            ],
            [
              -120.6230451,
              35.6482222
            ],
            [
              -120.6230326,
              35.6482207
            ],
            [
              -120.623022,
              35.6482216
            ],
            [
              -120.6230133,
              35.6482225
            ],
            [
              -120.6230028,
              35.6482254
            ],
            [
              -120.6229922,
              35.6482293
            ],
            [
              -120.6229799,
              35.6482354
            ],
            [
              -120.6229676,
              35.6482417
            ],
            [
              -120.6229506,
              35.6482515
            ],
            [
              -120.6229367,
              35.6482598
            ],
            [
              -120.6229267,
              35.6482691
            ],
            [
              -120.6229197,
              35.6482802
            ],
            [
              -120.6229166,
              35.6482906
            ],
            [
              -120.6229178,
              35.6483024
            ],
            [
              -120.6229208,
              35.6483099
            ],
            [
              -120.6229272,
              35.6483162
            ],
            [
              -120.6229345,
              35.6483219
            ],
            [
              -120.6229423,
              35.6483255
            ],
            [
              -120.6229467,
              35.6483271
            ]
          ]
        ]
      },
      "id": "way/1364573695"
    },
    {
      "type": "Feature",
      "properties": {
        "@id": "way/1364573696",
        "golf": "bunker",
        "natural": "sand"
      },
      "geometry": {
        "type": "Polygon",
        "coordinates": [
          [
            [
              -120.6230916,
              35.6472836
            ],
            [
              -120.6230932,
              35.6472761
            ],
            [
              -120.6230916,
              35.6472669
            ],
            [
              -120.6230864,
              35.64726
            ],
            [
              -120.6230791,
              35.6472545
            ],
            [
              -120.6230718,
              35.6472479
            ],
            [
              -120.6230658,
              35.6472414
            ],
            [
              -120.6230593,
              35.6472358
            ],
            [
              -120.6230549,
              35.6472305
            ],
            [
              -120.6230521,
              35.6472201
            ],
            [
              -120.6230505,
              35.6472119
            ],
            [
              -120.6230501,
              35.647205
            ],
            [
              -120.6230464,
              35.6471968
            ],
            [
              -120.6230404,
              35.6471906
            ],
            [
              -120.6230295,
              35.6471847
            ],
            [
              -120.6230206,
              35.647181
            ],
            [
              -120.6230134,
              35.6471784
            ],
            [
              -120.6230041,
              35.6471781
            ],
            [
              -120.6229936,
              35.6471801
            ],
            [
              -120.6229815,
              35.647184
            ],
            [
              -120.6229706,
              35.6471876
            ],
            [
              -120.6229609,
              35.6471906
            ],
            [
              -120.6229512,
              35.6471922
            ],
            [
              -120.6229375,
              35.6471928
            ],
            [
              -120.6229278,
              35.6471935
            ],
            [
              -120.6229194,
              35.6471955
            ],
            [
              -120.6229129,
              35.647201
            ],
            [
              -120.6229089,
              35.6472079
            ],
            [
              -120.6229081,
              35.6472161
            ],
            [
              -120.6229113,
              35.6472237
            ],
            [
              -120.6229149,
              35.6472319
            ],
            [
              -120.6229182,
              35.6472378
            ],
            [
              -120.6229222,
              35.6472427
            ],
            [
              -120.6229283,
              35.6472482
            ],
            [
              -120.6229347,
              35.6472545
            ],
            [
              -120.6229383,
              35.6472604
            ],
            [
              -120.6229448,
              35.6472669
            ],
            [
              -120.6229476,
              35.6472722
            ],
            [
              -120.6229512,
              35.6472813
            ],
            [
              -120.6229529,
              35.6472879
            ],
            [
              -120.6229553,
              35.6472928
            ],
            [
              -120.6229621,
              35.6473004
            ],
            [
              -120.6229702,
              35.6473066
            ],
            [
              -120.6229783,
              35.6473125
            ],
            [
              -120.6229879,
              35.6473161
            ],
            [
              -120.6229968,
              35.6473181
            ],
            [
              -120.6230057,
              35.6473184
            ],
            [
              -120.6230162,
              35.6473161
            ],
            [
              -120.6230255,
              35.6473135
            ],
            [
              -120.6230351,
              35.6473112
            ],
            [
              -120.623044,
              35.6473076
            ],
            [
              -120.6230553,
              35.6473069
            ],
            [
              -120.6230634,
              35.6473066
            ],
            [
              -120.6230718,
              35.647304
            ],
            [
              -120.6230775,
              35.6473004
            ],
            [
              -120.6230819,
              35.6472971
            ],
            [
              -120.6230868,
              35.6472931
            ],
            [
              -120.6230916,
              35.6472836
            ]
          ]
        ]
      },
      "id": "way/1364573696"
    },
    {
      "type": "Feature",
      "properties": {
        "@id": "way/1364573697",
        "golf": "bunker",
        "natural": "sand",
        "@relations": [
          {
            "role": "inner",
            "rel": 18999717,
            "reltags": {
              "golf": "fairway",
              "type": "multipolygon"
            }
          }
        ]
      },
      "geometry": {
        "type": "Polygon",
        "coordinates": [
          [
            [
              -120.6235632,
              35.6464144
            ],
            [
              -120.6235725,
              35.6464087
            ],
            [
              -120.6235772,
              35.6464016
            ],
            [
              -120.6235825,
              35.6463911
            ],
            [
              -120.623586,
              35.6463826
            ],
            [
              -120.6235865,
              35.6463721
            ],
            [
              -120.6235889,
              35.6463617
            ],
            [
              -120.6235918,
              35.6463498
            ],
            [
              -120.6235941,
              35.6463385
            ],
            [
              -120.6235965,
              35.6463247
            ],
            [
              -120.6235959,
              35.6463152
            ],
            [
              -120.6235959,
              35.6463024
            ],
            [
              -120.6235953,
              35.646291
            ],
            [
              -120.623593,
              35.6462853
            ],
            [
              -120.6235906,
              35.6462739
            ],
            [
              -120.6235825,
              35.6462678
            ],
            [
              -120.6235737,
              35.6462616
            ],
            [
              -120.6235591,
              35.6462616
            ],
            [
              -120.6235486,
              35.6462616
            ],
            [
              -120.6235375,
              35.6462649
            ],
            [
              -120.6235305,
              35.6462687
            ],
            [
              -120.6235235,
              35.6462754
            ],
            [
              -120.6235177,
              35.6462825
            ],
            [
              -120.6235142,
              35.6462896
            ],
            [
              -120.6235124,
              35.6462981
            ],
            [
              -120.6235124,
              35.6463062
            ],
            [
              -120.6235124,
              35.6463143
            ],
            [
              -120.623513,
              35.6463247
            ],
            [
              -120.6235112,
              35.6463347
            ],
            [
              -120.6235077,
              35.6463442
            ],
            [
              -120.6235025,
              35.6463536
            ],
            [
              -120.6234978,
              35.6463612
            ],
            [
              -120.6234943,
              35.6463707
            ],
            [
              -120.6234949,
              35.6463793
            ],
            [
              -120.6234978,
              35.6463878
            ],
            [
              -120.6235037,
              35.6463982
            ],
            [
              -120.6235089,
              35.6464039
            ],
            [
              -120.6235182,
              35.6464106
            ],
            [
              -120.6235264,
              35.6464144
            ],
            [
              -120.6235358,
              35.6464158
            ],
            [
              -120.6235457,
              35.6464163
            ],
            [
              -120.6235521,
              35.6464163
            ],
            [
              -120.6235632,
              35.6464144
            ]
          ]
        ]
      },
      "id": "way/1364573697"
    },
    {
      "type": "Feature",
      "properties": {
        "@id": "way/1364573698",
        "golf": "bunker",
        "natural": "sand"
      },
      "geometry": {
        "type": "Polygon",
        "coordinates": [
          [
            [
              -120.6231105,
              35.646226
            ],
            [
              -120.6231206,
              35.646223
            ],
            [
              -120.6231296,
              35.6462181
            ],
            [
              -120.6231363,
              35.6462146
            ],
            [
              -120.6231427,
              35.6462088
            ],
            [
              -120.6231491,
              35.6462018
            ],
            [
              -120.6231548,
              35.6461939
            ],
            [
              -120.6231588,
              35.6461879
            ],
            [
              -120.6231618,
              35.6461808
            ],
            [
              -120.6231635,
              35.6461748
            ],
            [
              -120.6231638,
              35.6461674
            ],
            [
              -120.6231628,
              35.6461603
            ],
            [
              -120.6231581,
              35.6461527
            ],
            [
              -120.6231518,
              35.64615
            ],
            [
              -120.6231454,
              35.6461475
            ],
            [
              -120.623136,
              35.6461464
            ],
            [
              -120.6231263,
              35.6461478
            ],
            [
              -120.6231169,
              35.6461505
            ],
            [
              -120.6231072,
              35.6461549
            ],
            [
              -120.6230974,
              35.6461601
            ],
            [
              -120.6230907,
              35.6461647
            ],
            [
              -120.623085,
              35.6461693
            ],
            [
              -120.6230797,
              35.6461745
            ],
            [
              -120.623076,
              35.6461791
            ],
            [
              -120.6230736,
              35.646186
            ],
            [
              -120.6230733,
              35.6461911
            ],
            [
              -120.6230733,
              35.6461963
            ],
            [
              -120.6230753,
              35.6462018
            ],
            [
              -120.6230773,
              35.646208
            ],
            [
              -120.623081,
              35.646214
            ],
            [
              -120.623086,
              35.6462189
            ],
            [
              -120.6230897,
              35.6462219
            ],
            [
              -120.6230978,
              35.6462249
            ],
            [
              -120.6231035,
              35.6462263
            ],
            [
              -120.6231105,
              35.646226
            ]
          ]
        ]
      },
      "id": "way/1364573698"
    },
    {
      "type": "Feature",
      "properties": {
        "@id": "way/1364573699",
        "golf": "bunker",
        "natural": "sand"
      },
      "geometry": {
        "type": "Polygon",
        "coordinates": [
          [
            [
              -120.6206565,
              35.6470704
            ],
            [
              -120.6206549,
              35.6470475
            ],
            [
              -120.6206496,
              35.6470327
            ],
            [
              -120.6206404,
              35.6470213
            ],
            [
              -120.6206315,
              35.6470131
            ],
            [
              -120.6206234,
              35.6470065
            ],
            [
              -120.6206077,
              35.6469963
            ],
            [
              -120.6205972,
              35.6469898
            ],
            [
              -120.6205899,
              35.6469839
            ],
            [
              -120.620579,
              35.646975
            ],
            [
              -120.6205718,
              35.6469695
            ],
            [
              -120.6205649,
              35.6469603
            ],
            [
              -120.620554,
              35.6469534
            ],
            [
              -120.6205444,
              35.6469488
            ],
            [
              -120.6205327,
              35.6469449
            ],
            [
              -120.620521,
              35.6469442
            ],
            [
              -120.6205073,
              35.6469472
            ],
            [
              -120.6204984,
              35.6469518
            ],
            [
              -120.6204907,
              35.6469573
            ],
            [
              -120.6204859,
              35.6469662
            ],
            [
              -120.6204847,
              35.6469754
            ],
            [
              -120.6204843,
              35.6469839
            ],
            [
              -120.6204863,
              35.6469931
            ],
            [
              -120.6204923,
              35.6470081
            ],
            [
              -120.6204943,
              35.6470154
            ],
            [
              -120.620496,
              35.6470209
            ],
            [
              -120.6204984,
              35.6470275
            ],
            [
              -120.6205036,
              35.6470357
            ],
            [
              -120.6205133,
              35.6470442
            ],
            [
              -120.6205355,
              35.647059
            ],
            [
              -120.6205464,
              35.6470671
            ],
            [
              -120.6205552,
              35.647074
            ],
            [
              -120.6205645,
              35.6470829
            ],
            [
              -120.620575,
              35.6470911
            ],
            [
              -120.6205851,
              35.6470986
            ],
            [
              -120.620592,
              35.6470989
            ],
            [
              -120.6205996,
              35.6470943
            ],
            [
              -120.6206073,
              35.6470875
            ],
            [
              -120.6206125,
              35.6470845
            ],
            [
              -120.6206254,
              35.6470816
            ],
            [
              -120.6206375,
              35.6470793
            ],
            [
              -120.6206464,
              35.6470773
            ],
            [
              -120.6206565,
              35.6470704
            ]
          ]
        ]
      },
      "id": "way/1364573699"
    },
    {
      "type": "Feature",
      "properties": {
        "@id": "way/1364573700",
        "golf": "bunker",
        "natural": "sand"
      },
      "geometry": {
        "type": "Polygon",
        "coordinates": [
          [
            [
              -120.6181707,
              35.6454115
            ],
            [
              -120.6181612,
              35.6454057
            ],
            [
              -120.6181503,
              35.6454041
            ],
            [
              -120.6181415,
              35.6454039
            ],
            [
              -120.6181264,
              35.6454024
            ],
            [
              -120.6181124,
              35.6454001
            ],
            [
              -120.6180948,
              35.6453987
            ],
            [
              -120.6180744,
              35.6453958
            ],
            [
              -120.6180499,
              35.6453939
            ],
            [
              -120.6180361,
              35.6453925
            ],
            [
              -120.618027,
              35.6453943
            ],
            [
              -120.6180195,
              35.645398
            ],
            [
              -120.618014,
              35.6454023
            ],
            [
              -120.6180102,
              35.6454072
            ],
            [
              -120.6180079,
              35.6454172
            ],
            [
              -120.618009,
              35.6454281
            ],
            [
              -120.6180101,
              35.6454339
            ],
            [
              -120.6180152,
              35.6454411
            ],
            [
              -120.6180206,
              35.6454443
            ],
            [
              -120.6180283,
              35.6454475
            ],
            [
              -120.6180347,
              35.6454485
            ],
            [
              -120.6180423,
              35.6454494
            ],
            [
              -120.618049,
              35.6454512
            ],
            [
              -120.6180569,
              35.645453
            ],
            [
              -120.6180715,
              35.6454546
            ],
            [
              -120.6180843,
              35.6454556
            ],
            [
              -120.6181024,
              35.6454589
            ],
            [
              -120.6181112,
              35.6454622
            ],
            [
              -120.6181246,
              35.6454651
            ],
            [
              -120.6181334,
              35.6454674
            ],
            [
              -120.6181427,
              35.6454682
            ],
            [
              -120.6181491,
              35.645468
            ],
            [
              -120.6181567,
              35.6454665
            ],
            [
              -120.6181626,
              35.6454622
            ],
            [
              -120.6181731,
              35.6454546
            ],
            [
              -120.6181795,
              35.645448
            ],
            [
              -120.618183,
              35.6454413
            ],
            [
              -120.6181824,
              35.6454304
            ],
            [
              -120.6181789,
              35.6454209
            ],
            [
              -120.6181707,
              35.6454115
            ]
          ]
        ]
      },
      "id": "way/1364573700"
    },
    {
      "type": "Feature",
      "properties": {
        "@id": "way/1364623985",
        "golf": "bunker",
        "natural": "sand"
      },
      "geometry": {
        "type": "Polygon",
        "coordinates": [
          [
            [
              -120.6179812,
              35.6453671
            ],
            [
              -120.6179766,
              35.645359
            ],
            [
              -120.6179666,
              35.6453495
            ],
            [
              -120.6179544,
              35.6453391
            ],
            [
              -120.617945,
              35.6453291
            ],
            [
              -120.6179386,
              35.6453201
            ],
            [
              -120.6179334,
              35.6453111
            ],
            [
              -120.6179287,
              35.6453021
            ],
            [
              -120.617924,
              35.6452926
            ],
            [
              -120.6179176,
              35.645285
            ],
            [
              -120.6179083,
              35.6452764
            ],
            [
              -120.6178954,
              35.6452712
            ],
            [
              -120.617882,
              35.6452703
            ],
            [
              -120.6178744,
              35.6452703
            ],
            [
              -120.6178668,
              35.6452745
            ],
            [
              -120.6178598,
              35.6452802
            ],
            [
              -120.6178534,
              35.6452864
            ],
            [
              -120.6178493,
              35.645294
            ],
            [
              -120.617847,
              35.645303
            ],
            [
              -120.6178476,
              35.645312
            ],
            [
              -120.6178505,
              35.6453215
            ],
            [
              -120.617854,
              35.6453301
            ],
            [
              -120.6178592,
              35.6453391
            ],
            [
              -120.617861,
              35.6453457
            ],
            [
              -120.6178645,
              35.6453542
            ],
            [
              -120.6178674,
              35.6453633
            ],
            [
              -120.617868,
              35.6453723
            ],
            [
              -120.6178703,
              35.6453789
            ],
            [
              -120.6178732,
              35.6453841
            ],
            [
              -120.617882,
              35.6453917
            ],
            [
              -120.6178896,
              35.6453965
            ],
            [
              -120.6178983,
              35.6454007
            ],
            [
              -120.6179135,
              35.645406
            ],
            [
              -120.6179217,
              35.6454074
            ],
            [
              -120.6179328,
              35.6454093
            ],
            [
              -120.6179404,
              35.6454093
            ],
            [
              -120.6179509,
              35.6454078
            ],
            [
              -120.6179596,
              35.6454055
            ],
            [
              -120.6179678,
              35.6453998
            ],
            [
              -120.6179748,
              35.6453936
            ],
            [
              -120.6179789,
              35.645387
            ],
            [
              -120.6179824,
              35.6453799
            ],
            [
              -120.6179824,
              35.6453751
            ],
            [
              -120.6179812,
              35.6453671
            ]
          ]
        ]
      },
      "id": "way/1364623985"
    },
    {
      "type": "Feature",
      "properties": {
        "@id": "way/1364623986",
        "golf": "bunker",
        "natural": "sand"
      },
      "geometry": {
        "type": "Polygon",
        "coordinates": [
          [
            [
              -120.6179194,
              35.6452162
            ],
            [
              -120.6179234,
              35.6452096
            ],
            [
              -120.6179264,
              35.645201
            ],
            [
              -120.6179258,
              35.645193
            ],
            [
              -120.6179252,
              35.6451844
            ],
            [
              -120.6179246,
              35.6451787
            ],
            [
              -120.6179205,
              35.6451673
            ],
            [
              -120.617917,
              35.6451583
            ],
            [
              -120.6179153,
              35.6451517
            ],
            [
              -120.6179135,
              35.6451403
            ],
            [
              -120.6179112,
              35.6451275
            ],
            [
              -120.6179094,
              35.6451166
            ],
            [
              -120.6179071,
              35.6451033
            ],
            [
              -120.6178995,
              35.6450867
            ],
            [
              -120.6178908,
              35.6450791
            ],
            [
              -120.6178808,
              35.6450725
            ],
            [
              -120.6178703,
              35.6450677
            ],
            [
              -120.6178604,
              35.6450691
            ],
            [
              -120.6178371,
              35.6450786
            ],
            [
              -120.6178242,
              35.6450838
            ],
            [
              -120.6178137,
              35.6450867
            ],
            [
              -120.6178055,
              35.6450905
            ],
            [
              -120.6178009,
              35.6450957
            ],
            [
              -120.6177985,
              35.6451005
            ],
            [
              -120.6178026,
              35.6451071
            ],
            [
              -120.6178079,
              35.6451152
            ],
            [
              -120.6178149,
              35.6451227
            ],
            [
              -120.6178207,
              35.6451299
            ],
            [
              -120.6178236,
              35.6451379
            ],
            [
              -120.6178271,
              35.6451455
            ],
            [
              -120.6178312,
              35.6451569
            ],
            [
              -120.6178371,
              35.645165
            ],
            [
              -120.6178417,
              35.6451749
            ],
            [
              -120.6178435,
              35.6451873
            ],
            [
              -120.6178441,
              35.6451982
            ],
            [
              -120.6178452,
              35.6452048
            ],
            [
              -120.6178511,
              35.6452157
            ],
            [
              -120.6178598,
              35.6452224
            ],
            [
              -120.6178715,
              35.645229
            ],
            [
              -120.6178797,
              35.6452304
            ],
            [
              -120.6178873,
              35.6452314
            ],
            [
              -120.6178972,
              35.6452309
            ],
            [
              -120.6179036,
              35.645229
            ],
            [
              -120.6179118,
              35.6452233
            ],
            [
              -120.6179194,
              35.6452162
            ]
          ]
        ]
      },
      "id": "way/1364623986"
    },
    {
      "type": "Feature",
      "properties": {
        "@id": "way/1364623987",
        "golf": "bunker",
        "natural": "sand"
      },
      "geometry": {
        "type": "Polygon",
        "coordinates": [
          [
            [
              -120.6187597,
              35.6464477
            ],
            [
              -120.6187626,
              35.6464347
            ],
            [
              -120.6187621,
              35.6464253
            ],
            [
              -120.6187578,
              35.6464134
            ],
            [
              -120.618751,
              35.6464044
            ],
            [
              -120.6187408,
              35.6463961
            ],
            [
              -120.6187291,
              35.6463902
            ],
            [
              -120.6187175,
              35.6463858
            ],
            [
              -120.6187063,
              35.6463823
            ],
            [
              -120.6186923,
              35.6463791
            ],
            [
              -120.6186728,
              35.6463779
            ],
            [
              -120.6186588,
              35.6463787
            ],
            [
              -120.6186418,
              35.6463811
            ],
            [
              -120.6186277,
              35.6463846
            ],
            [
              -120.6186175,
              35.6463894
            ],
            [
              -120.6186083,
              35.6463965
            ],
            [
              -120.618603,
              35.6464059
            ],
            [
              -120.6186049,
              35.6464186
            ],
            [
              -120.61861,
              35.6464258
            ],
            [
              -120.618618,
              35.6464331
            ],
            [
              -120.6186287,
              35.6464371
            ],
            [
              -120.6186418,
              35.6464391
            ],
            [
              -120.618651,
              35.6464379
            ],
            [
              -120.6186627,
              35.6464341
            ],
            [
              -120.6186743,
              35.6464327
            ],
            [
              -120.6186821,
              35.6464359
            ],
            [
              -120.6186893,
              35.6464402
            ],
            [
              -120.618699,
              35.6464477
            ],
            [
              -120.6187029,
              35.6464536
            ],
            [
              -120.6187102,
              35.6464588
            ],
            [
              -120.6187233,
              35.6464623
            ],
            [
              -120.6187345,
              35.6464623
            ],
            [
              -120.6187456,
              35.6464596
            ],
            [
              -120.6187529,
              35.6464556
            ],
            [
              -120.6187597,
              35.6464477
            ]
          ]
        ]
      },
      "id": "way/1364623987"
    },
    {
      "type": "Feature",
      "properties": {
        "@id": "way/1364623988",
        "golf": "bunker",
        "natural": "sand"
      },
      "geometry": {
        "type": "Polygon",
        "coordinates": [
          [
            [
              -120.6187903,
              35.646719
            ],
            [
              -120.6187961,
              35.6467115
            ],
            [
              -120.618799,
              35.6467025
            ],
            [
              -120.6187995,
              35.6466914
            ],
            [
              -120.6187966,
              35.6466827
            ],
            [
              -120.6187951,
              35.6466717
            ],
            [
              -120.6187898,
              35.6466626
            ],
            [
              -120.618782,
              35.6466536
            ],
            [
              -120.6187728,
              35.6466433
            ],
            [
              -120.6187646,
              35.6466346
            ],
            [
              -120.6187553,
              35.6466283
            ],
            [
              -120.6187466,
              35.646624
            ],
            [
              -120.6187354,
              35.6466204
            ],
            [
              -120.6187219,
              35.6466189
            ],
            [
              -120.6187063,
              35.6466189
            ],
            [
              -120.6186942,
              35.6466193
            ],
            [
              -120.618685,
              35.6466232
            ],
            [
              -120.6186767,
              35.6466303
            ],
            [
              -120.6186743,
              35.6466386
            ],
            [
              -120.6186753,
              35.6466492
            ],
            [
              -120.6186777,
              35.6466575
            ],
            [
              -120.6186859,
              35.6466654
            ],
            [
              -120.6186913,
              35.6466685
            ],
            [
              -120.618699,
              35.6466717
            ],
            [
              -120.6187185,
              35.6466756
            ],
            [
              -120.6187277,
              35.6466796
            ],
            [
              -120.618733,
              35.6466871
            ],
            [
              -120.618734,
              35.6466934
            ],
            [
              -120.618734,
              35.6467017
            ],
            [
              -120.618734,
              35.6467092
            ],
            [
              -120.6187354,
              35.6467167
            ],
            [
              -120.6187398,
              35.646723
            ],
            [
              -120.6187466,
              35.6467273
            ],
            [
              -120.6187548,
              35.6467289
            ],
            [
              -120.6187675,
              35.6467281
            ],
            [
              -120.6187777,
              35.6467265
            ],
            [
              -120.6187844,
              35.6467234
            ],
            [
              -120.6187903,
              35.646719
            ]
          ]
        ]
      },
      "id": "way/1364623988"
    },
    {
      "type": "Feature",
      "properties": {
        "@id": "way/1364623989",
        "golf": "bunker",
        "natural": "sand"
      },
      "geometry": {
        "type": "Polygon",
        "coordinates": [
          [
            [
              -120.6192042,
              35.6469801
            ],
            [
              -120.6192008,
              35.6469686
            ],
            [
              -120.619194,
              35.6469572
            ],
            [
              -120.6191833,
              35.6469422
            ],
            [
              -120.6191688,
              35.6469268
            ],
            [
              -120.6191508,
              35.6469059
            ],
            [
              -120.6191372,
              35.6468929
            ],
            [
              -120.6191261,
              35.6468831
            ],
            [
              -120.6191149,
              35.646874
            ],
            [
              -120.6191066,
              35.6468681
            ],
            [
              -120.6190926,
              35.6468665
            ],
            [
              -120.6190814,
              35.6468677
            ],
            [
              -120.6190727,
              35.6468716
            ],
            [
              -120.619063,
              35.6468775
            ],
            [
              -120.6190552,
              35.6468878
            ],
            [
              -120.6190523,
              35.6468992
            ],
            [
              -120.6190542,
              35.6469099
            ],
            [
              -120.6190576,
              35.6469205
            ],
            [
              -120.6190625,
              35.6469292
            ],
            [
              -120.6190707,
              35.6469363
            ],
            [
              -120.6190785,
              35.6469418
            ],
            [
              -120.6190858,
              35.6469473
            ],
            [
              -120.6190897,
              35.6469548
            ],
            [
              -120.6190931,
              35.6469663
            ],
            [
              -120.6190994,
              35.6469777
            ],
            [
              -120.6191062,
              35.6469879
            ],
            [
              -120.6191134,
              35.6469986
            ],
            [
              -120.619127,
              35.6470092
            ],
            [
              -120.6191387,
              35.6470144
            ],
            [
              -120.6191508,
              35.6470183
            ],
            [
              -120.6191639,
              35.6470203
            ],
            [
              -120.6191785,
              35.6470187
            ],
            [
              -120.6191886,
              35.6470136
            ],
            [
              -120.6191964,
              35.6470069
            ],
            [
              -120.6192022,
              35.646995
            ],
            [
              -120.6192042,
              35.6469801
            ]
          ]
        ]
      },
      "id": "way/1364623989"
    },
    {
      "type": "Feature",
      "properties": {
        "@id": "way/1364623990",
        "golf": "bunker",
        "natural": "sand"
      },
      "geometry": {
        "type": "Polygon",
        "coordinates": [
          [
            [
              -120.6197725,
              35.6467845
            ],
            [
              -120.6197681,
              35.6467714
            ],
            [
              -120.6197604,
              35.6467622
            ],
            [
              -120.6197495,
              35.6467557
            ],
            [
              -120.6197414,
              35.6467514
            ],
            [
              -120.6197326,
              35.6467462
            ],
            [
              -120.6197253,
              35.6467409
            ],
            [
              -120.6197196,
              35.6467357
            ],
            [
              -120.6197152,
              35.6467281
            ],
            [
              -120.6197071,
              35.6467173
            ],
            [
              -120.6197019,
              35.6467068
            ],
            [
              -120.6196971,
              35.6466983
            ],
            [
              -120.6196906,
              35.6466888
            ],
            [
              -120.6196789,
              35.6466819
            ],
            [
              -120.619668,
              35.6466796
            ],
            [
              -120.6196604,
              35.6466803
            ],
            [
              -120.6196483,
              35.6466836
            ],
            [
              -120.6196394,
              35.6466885
            ],
            [
              -120.6196321,
              35.646699
            ],
            [
              -120.6196253,
              35.6467144
            ],
            [
              -120.6196168,
              35.6467337
            ],
            [
              -120.6196103,
              35.6467478
            ],
            [
              -120.6196075,
              35.6467606
            ],
            [
              -120.6196063,
              35.6467707
            ],
            [
              -120.6196063,
              35.646777
            ],
            [
              -120.6196079,
              35.6467816
            ],
            [
              -120.6196107,
              35.6467845
            ],
            [
              -120.619616,
              35.6467865
            ],
            [
              -120.619622,
              35.6467878
            ],
            [
              -120.6196301,
              35.6467888
            ],
            [
              -120.6196386,
              35.6467901
            ],
            [
              -120.619647,
              35.6467907
            ],
            [
              -120.6196563,
              35.6467934
            ],
            [
              -120.619668,
              35.6467989
            ],
            [
              -120.6196769,
              35.6468042
            ],
            [
              -120.6196886,
              35.6468114
            ],
            [
              -120.6196979,
              35.646817
            ],
            [
              -120.6197071,
              35.6468219
            ],
            [
              -120.6197156,
              35.6468251
            ],
            [
              -120.6197281,
              35.6468261
            ],
            [
              -120.619735,
              35.6468258
            ],
            [
              -120.6197479,
              35.6468196
            ],
            [
              -120.6197551,
              35.646813
            ],
            [
              -120.6197616,
              35.6468061
            ],
            [
              -120.6197689,
              35.6467966
            ],
            [
              -120.6197725,
              35.6467845
            ]
          ]
        ]
      },
      "id": "way/1364623990"
    },
    {
      "type": "Feature",
      "properties": {
        "@id": "way/1364623991",
        "golf": "bunker",
        "natural": "sand"
      },
      "geometry": {
        "type": "Polygon",
        "coordinates": [
          [
            [
              -120.620361,
              35.6475541
            ],
            [
              -120.6203638,
              35.6475334
            ],
            [
              -120.6203606,
              35.6475219
            ],
            [
              -120.6203537,
              35.6475085
            ],
            [
              -120.6203441,
              35.6474908
            ],
            [
              -120.6203368,
              35.6474783
            ],
            [
              -120.6203324,
              35.6474734
            ],
            [
              -120.6203267,
              35.6474698
            ],
            [
              -120.6203078,
              35.6474633
            ],
            [
              -120.6202948,
              35.6474606
            ],
            [
              -120.6202775,
              35.6474574
            ],
            [
              -120.6202626,
              35.6474561
            ],
            [
              -120.6202464,
              35.6474574
            ],
            [
              -120.6202364,
              35.647461
            ],
            [
              -120.6202275,
              35.6474649
            ],
            [
              -120.6202206,
              35.6474724
            ],
            [
              -120.6202166,
              35.6474803
            ],
            [
              -120.6202154,
              35.6474872
            ],
            [
              -120.6202146,
              35.6474951
            ],
            [
              -120.6202178,
              35.6475046
            ],
            [
              -120.6202226,
              35.6475144
            ],
            [
              -120.6202291,
              35.6475206
            ],
            [
              -120.6202384,
              35.6475278
            ],
            [
              -120.6202477,
              35.6475337
            ],
            [
              -120.6202577,
              35.647538
            ],
            [
              -120.6202654,
              35.6475396
            ],
            [
              -120.6202735,
              35.6475423
            ],
            [
              -120.6202819,
              35.6475482
            ],
            [
              -120.6202904,
              35.6475554
            ],
            [
              -120.6202989,
              35.6475616
            ],
            [
              -120.6203094,
              35.6475688
            ],
            [
              -120.6203178,
              35.6475731
            ],
            [
              -120.6203275,
              35.647575
            ],
            [
              -120.6203348,
              35.6475744
            ],
            [
              -120.6203441,
              35.6475721
            ],
            [
              -120.6203509,
              35.6475691
            ],
            [
              -120.6203574,
              35.6475619
            ],
            [
              -120.620361,
              35.6475541
            ]
          ]
        ]
      },
      "id": "way/1364623991"
    },
    {
      "type": "Feature",
      "properties": {
        "@id": "way/1364623992",
        "golf": "bunker",
        "natural": "sand"
      },
      "geometry": {
        "type": "Polygon",
        "coordinates": [
          [
            [
              -120.6201359,
              35.6478012
            ],
            [
              -120.6201396,
              35.6477894
            ],
            [
              -120.6201428,
              35.6477737
            ],
            [
              -120.6201456,
              35.6477563
            ],
            [
              -120.620148,
              35.6477396
            ],
            [
              -120.6201488,
              35.6477196
            ],
            [
              -120.6201492,
              35.6477045
            ],
            [
              -120.6201488,
              35.6476898
            ],
            [
              -120.6201448,
              35.647676
            ],
            [
              -120.6201379,
              35.6476642
            ],
            [
              -120.6201311,
              35.6476547
            ],
            [
              -120.6201238,
              35.6476455
            ],
            [
              -120.6201113,
              35.6476383
            ],
            [
              -120.6201049,
              35.6476353
            ],
            [
              -120.6200964,
              35.6476327
            ],
            [
              -120.6200867,
              35.6476317
            ],
            [
              -120.6200774,
              35.6476311
            ],
            [
              -120.620069,
              35.6476324
            ],
            [
              -120.6200577,
              35.6476363
            ],
            [
              -120.62005,
              35.6476393
            ],
            [
              -120.6200432,
              35.6476439
            ],
            [
              -120.6200363,
              35.6476507
            ],
            [
              -120.6200298,
              35.6476593
            ],
            [
              -120.6200246,
              35.6476691
            ],
            [
              -120.6200218,
              35.6476802
            ],
            [
              -120.6200202,
              35.6476914
            ],
            [
              -120.6200177,
              35.6477022
            ],
            [
              -120.6200169,
              35.6477114
            ],
            [
              -120.6200177,
              35.6477202
            ],
            [
              -120.620019,
              35.6477281
            ],
            [
              -120.6200218,
              35.6477363
            ],
            [
              -120.6200266,
              35.6477435
            ],
            [
              -120.6200339,
              35.6477507
            ],
            [
              -120.6200424,
              35.6477586
            ],
            [
              -120.6200508,
              35.6477671
            ],
            [
              -120.6200553,
              35.6477724
            ],
            [
              -120.6200605,
              35.6477802
            ],
            [
              -120.620069,
              35.6477933
            ],
            [
              -120.6200758,
              35.6478041
            ],
            [
              -120.6200819,
              35.6478097
            ],
            [
              -120.6200912,
              35.647814
            ],
            [
              -120.6200984,
              35.6478163
            ],
            [
              -120.6201069,
              35.6478173
            ],
            [
              -120.6201162,
              35.6478169
            ],
            [
              -120.6201226,
              35.6478133
            ],
            [
              -120.6201291,
              35.64781
            ],
            [
              -120.6201359,
              35.6478012
            ]
          ]
        ]
      },
      "id": "way/1364623992"
    },
    {
      "type": "Feature",
      "properties": {
        "@id": "way/1364623993",
        "golf": "bunker",
        "natural": "sand"
      },
      "geometry": {
        "type": "Polygon",
        "coordinates": [
          [
            [
              -120.6206119,
              35.647776
            ],
            [
              -120.6206115,
              35.6477651
            ],
            [
              -120.6206086,
              35.647751
            ],
            [
              -120.6206038,
              35.6477402
            ],
            [
              -120.6205982,
              35.6477314
            ],
            [
              -120.6205917,
              35.6477206
            ],
            [
              -120.6205828,
              35.647712
            ],
            [
              -120.6205711,
              35.6477035
            ],
            [
              -120.6205607,
              35.6476943
            ],
            [
              -120.6205502,
              35.6476888
            ],
            [
              -120.6205389,
              35.6476819
            ],
            [
              -120.620526,
              35.6476766
            ],
            [
              -120.6205151,
              35.647675
            ],
            [
              -120.6205034,
              35.6476757
            ],
            [
              -120.6204941,
              35.6476789
            ],
            [
              -120.6204856,
              35.6476839
            ],
            [
              -120.6204812,
              35.6476901
            ],
            [
              -120.6204776,
              35.6476947
            ],
            [
              -120.6204768,
              35.6477012
            ],
            [
              -120.620478,
              35.6477075
            ],
            [
              -120.6204804,
              35.6477124
            ],
            [
              -120.6204864,
              35.6477176
            ],
            [
              -120.6204913,
              35.6477222
            ],
            [
              -120.6204985,
              35.6477265
            ],
            [
              -120.6205054,
              35.6477301
            ],
            [
              -120.6205102,
              35.6477363
            ],
            [
              -120.6205127,
              35.6477415
            ],
            [
              -120.6205159,
              35.6477497
            ],
            [
              -120.6205191,
              35.6477573
            ],
            [
              -120.6205211,
              35.6477655
            ],
            [
              -120.6205244,
              35.6477737
            ],
            [
              -120.6205292,
              35.6477805
            ],
            [
              -120.6205373,
              35.6477864
            ],
            [
              -120.6205433,
              35.6477907
            ],
            [
              -120.6205534,
              35.6477943
            ],
            [
              -120.6205627,
              35.6477969
            ],
            [
              -120.6205719,
              35.6477986
            ],
            [
              -120.620582,
              35.6477996
            ],
            [
              -120.6205905,
              35.6477992
            ],
            [
              -120.6205978,
              35.6477963
            ],
            [
              -120.620605,
              35.6477914
            ],
            [
              -120.6206095,
              35.6477841
            ],
            [
              -120.6206119,
              35.647776
            ]
          ]
        ]
      },
      "id": "way/1364623993"
    },
    {
      "type": "Feature",
      "properties": {
        "@id": "way/1364623994",
        "golf": "bunker",
        "natural": "sand"
      },
      "geometry": {
        "type": "Polygon",
        "coordinates": [
          [
            [
              -120.6204146,
              35.6479546
            ],
            [
              -120.6204239,
              35.647952
            ],
            [
              -120.6204344,
              35.6479477
            ],
            [
              -120.6204445,
              35.6479428
            ],
            [
              -120.6204534,
              35.6479366
            ],
            [
              -120.6204594,
              35.6479323
            ],
            [
              -120.6204671,
              35.6479277
            ],
            [
              -120.6204772,
              35.6479225
            ],
            [
              -120.6204832,
              35.6479185
            ],
            [
              -120.6204885,
              35.6479133
            ],
            [
              -120.6204913,
              35.6479048
            ],
            [
              -120.6204893,
              35.6478962
            ],
            [
              -120.6204832,
              35.6478867
            ],
            [
              -120.6204747,
              35.6478789
            ],
            [
              -120.6204647,
              35.6478736
            ],
            [
              -120.6204558,
              35.6478723
            ],
            [
              -120.6204457,
              35.647871
            ],
            [
              -120.6204348,
              35.6478723
            ],
            [
              -120.6204235,
              35.6478736
            ],
            [
              -120.6204126,
              35.6478772
            ],
            [
              -120.6204037,
              35.6478822
            ],
            [
              -120.6203941,
              35.6478887
            ],
            [
              -120.6203868,
              35.6478956
            ],
            [
              -120.620382,
              35.6479054
            ],
            [
              -120.6203791,
              35.6479146
            ],
            [
              -120.6203783,
              35.6479244
            ],
            [
              -120.6203787,
              35.6479313
            ],
            [
              -120.6203812,
              35.6479379
            ],
            [
              -120.6203856,
              35.6479454
            ],
            [
              -120.6203904,
              35.6479503
            ],
            [
              -120.6203953,
              35.6479556
            ],
            [
              -120.6203989,
              35.6479569
            ],
            [
              -120.6204042,
              35.6479572
            ],
            [
              -120.6204106,
              35.6479559
            ],
            [
              -120.6204146,
              35.6479546
            ]
          ]
        ]
      },
      "id": "way/1364623994"
    },
    {
      "type": "Feature",
      "properties": {
        "@id": "way/1316229001",
        "golf": "hole",
        "par": "5",
        "ref": "17"
      },
      "geometry": {
        "type": "LineString",
        "coordinates": [
          [
            -120.6227821,
            35.6461199
          ],
          [
            -120.6208224,
            35.6467813
          ],
          [
            -120.6199069,
            35.6463858
          ],
          [
            -120.6188907,
            35.6458131
          ],
          [
            -120.6182995,
            35.6454437
          ],
          [
            -120.6180622,
            35.6452498
          ]
        ]
      },
      "id": "way/1316229001"
    },
    {
      "type": "Feature",
      "properties": {
        "@id": "way/1316500997",
        "golf": "hole",
        "par": "4",
        "ref": "4"
      },
      "geometry": {
        "type": "LineString",
        "coordinates": [
          [
            -120.6150237,
            35.6512075
          ],
          [
            -120.6173086,
            35.6519282
          ],
          [
            -120.6187736,
            35.6524232
          ]
        ]
      },
      "id": "way/1316500997"
    },
    {
      "type": "Feature",
      "properties": {
        "@id": "way/1316500998",
        "golf": "hole",
        "par": "4",
        "ref": "5"
      },
      "geometry": {
        "type": "LineString",
        "coordinates": [
          [
            -120.6185526,
            35.6518029
          ],
          [
            -120.6167539,
            35.6502624
          ],
          [
            -120.6161871,
            35.6497814
          ]
        ]
      },
      "id": "way/1316500998"
    },
    {
      "type": "Feature",
      "properties": {
        "@id": "way/1316501016",
        "golf": "hole",
        "par": "4",
        "ref": "1"
      },
      "geometry": {
        "type": "LineString",
        "coordinates": [
          [
            -120.6197223,
            35.6480264
          ],
          [
            -120.6187591,
            35.6473816
          ],
          [
            -120.6179058,
            35.6468128
          ],
          [
            -120.6168177,
            35.6463268
          ],
          [
            -120.6166375,
            35.646252
          ],
          [
            -120.6163758,
            35.6461466
          ]
        ]
      },
      "id": "way/1316501016"
    },
    {
      "type": "Feature",
      "properties": {
        "@id": "way/1316501017",
        "golf": "hole",
        "par": "5",
        "ref": "6"
      },
      "geometry": {
        "type": "LineString",
        "coordinates": [
          [
            -120.6160268,
            35.6491083
          ],
          [
            -120.617218,
            35.6496507
          ],
          [
            -120.6185358,
            35.6503074
          ],
          [
            -120.6195696,
            35.6509358
          ],
          [
            -120.6201416,
            35.6509754
          ],
          [
            -120.6204968,
            35.6510345
          ]
        ]
      },
      "id": "way/1316501017"
    },
    {
      "type": "Feature",
      "properties": {
        "@id": "way/1316511683",
        "golf": "hole",
        "par": "5",
        "ref": "7"
      },
      "geometry": {
        "type": "LineString",
        "coordinates": [
          [
            -120.6209167,
            35.6509422
          ],
          [
            -120.619075,
            35.649071
          ],
          [
            -120.6174025,
            35.6484685
          ],
          [
            -120.6163392,
            35.6487153
          ]
        ]
      },
      "id": "way/1316511683"
    },
    {
      "type": "Feature",
      "properties": {
        "@id": "way/1316511685",
        "golf": "hole",
        "par": "3",
        "ref": "8"
      },
      "geometry": {
        "type": "LineString",
        "coordinates": [
          [
            -120.6157352,
            35.6491468
          ],
          [
            -120.616115,
            35.6477721
          ],
          [
            -120.6161717,
            35.6476638
          ]
        ]
      },
      "id": "way/1316511685"
    },
    {
      "type": "Feature",
      "properties": {
        "@id": "way/1316511686",
        "golf": "hole",
        "par": "4",
        "ref": "9"
      },
      "geometry": {
        "type": "LineString",
        "coordinates": [
          [
            -120.6163724,
            35.647036
          ],
          [
            -120.6183539,
            35.6479408
          ],
          [
            -120.6190666,
            35.6483394
          ],
          [
            -120.6191925,
            35.648424
          ]
        ]
      },
      "id": "way/1316511686"
    },
    {
      "type": "Feature",
      "properties": {
        "@id": "way/1316511687",
        "golf": "hole",
        "par": "4",
        "ref": "10"
      },
      "geometry": {
        "type": "LineString",
        "coordinates": [
          [
            -120.6207656,
            35.6486556
          ],
          [
            -120.6209689,
            35.6482654
          ],
          [
            -120.6216777,
            35.6470638
          ],
          [
            -120.6225925,
            35.6466596
          ]
        ]
      },
      "id": "way/1316511687"
    },
    {
      "type": "Feature",
      "properties": {
        "@id": "way/1316511688",
        "golf": "hole",
        "par": "4",
        "ref": "11"
      },
      "geometry": {
        "type": "LineString",
        "coordinates": [
          [
            -120.6230209,
            35.6456277
          ],
          [
            -120.6233975,
            35.6459042
          ],
          [
            -120.624964,
            35.6470107
          ],
          [
            -120.625843,
            35.6478937
          ]
        ]
      },
      "id": "way/1316511688"
    },
    {
      "type": "Feature",
      "properties": {
        "@id": "way/1316511689",
        "golf": "hole",
        "par": "4",
        "ref": "12"
      },
      "geometry": {
        "type": "LineString",
        "coordinates": [
          [
            -120.6260187,
            35.647152
          ],
          [
            -120.625298,
            35.6458902
          ],
          [
            -120.6236207,
            35.6455042
          ]
        ]
      },
      "id": "way/1316511689"
    },
    {
      "type": "Feature",
      "properties": {
        "@id": "way/1316511690",
        "golf": "hole",
        "par": "4",
        "ref": "13"
      },
      "geometry": {
        "type": "LineString",
        "coordinates": [
          [
            -120.6227812,
            35.6450964
          ],
          [
            -120.6250562,
            35.6452569
          ],
          [
            -120.6265947,
            35.6453523
          ],
          [
            -120.6268262,
            35.6453643
          ]
        ]
      },
      "id": "way/1316511690"
    },
    {
      "type": "Feature",
      "properties": {
        "@id": "way/1316511691",
        "golf": "hole",
        "par": "3",
        "ref": "14"
      },
      "geometry": {
        "type": "LineString",
        "coordinates": [
          [
            -120.6267196,
            35.6460494
          ],
          [
            -120.6269553,
            35.647567
          ]
        ]
      },
      "id": "way/1316511691"
    },
    {
      "type": "Feature",
      "properties": {
        "@id": "way/1316511693",
        "golf": "hole",
        "par": "3",
        "ref": "16"
      },
      "geometry": {
        "type": "LineString",
        "coordinates": [
          [
            -120.6243106,
            35.6473989
          ],
          [
            -120.6232697,
            35.6463003
          ]
        ]
      },
      "id": "way/1316511693"
    },
    {
      "type": "Feature",
      "properties": {
        "@id": "way/1316511694",
        "golf": "hole",
        "par": "4",
        "ref": "18"
      },
      "geometry": {
        "type": "LineString",
        "coordinates": [
          [
            -120.6174493,
            35.6454683
          ],
          [
            -120.6195736,
            35.6470396
          ],
          [
            -120.6203302,
            35.6477278
          ]
        ]
      },
      "id": "way/1316511694"
    },
    {
      "type": "Feature",
      "properties": {
        "@id": "way/1316727942",
        "golf": "hole",
        "par": "4",
        "ref": "2"
      },
      "geometry": {
        "type": "LineString",
        "coordinates": [
          [
            -120.6159666,
            35.6451808
          ],
          [
            -120.6158334,
            35.6471798
          ],
          [
            -120.6152106,
            35.6488184
          ]
        ]
      },
      "id": "way/1316727942"
    },
    {
      "type": "Feature",
      "properties": {
        "@id": "way/1316846692",
        "golf": "hole",
        "par": "5",
        "ref": "15"
      },
      "geometry": {
        "type": "LineString",
        "coordinates": [
          [
            -120.626972,
            35.6478861
          ],
          [
            -120.6265699,
            35.6480486
          ],
          [
            -120.6250062,
            35.6487446
          ],
          [
            -120.6235234,
            35.6481928
          ],
          [
            -120.6232104,
            35.6471351
          ]
        ]
      },
      "id": "way/1316846692"
    },
    {
      "type": "Feature",
      "properties": {
        "@id": "way/1364624718",
        "golf": "hole",
        "par": "4",
        "ref": "12"
      },
      "geometry": {
        "type": "LineString",
        "coordinates": [
          [
            -120.6263045,
            35.6477245
          ],
          [
            -120.6260187,
            35.647152
          ]
        ]
      },
      "id": "way/1364624718"
    }
  ]
}