{
  "type": "FeatureCollection",
  "name": "hunter_ranch_bunkers",
  "generator": "overpass-turbo",
  "copyright": "The data included in this document is from www.openstreetmap.org. The data is made available under ODbL.",
  "timestamp": "2026-06-02T07:44:45Z",
  "features": [
    {
      "type": "Feature",
      "properties": {
        "@id": "way/252195557",
        "golf": "bunker"
      },
      "geometry": {
        "type": "Polygon",
        "coordinates": [
          [
            [
              -120.6244563,
              35.6449538
            ],
            [
              -120.6244295,
              35.6449776
            ],
            [
              -120.6244193,
              35.6450129
            ],
            [
              -120.6244499,
              35.6450461
            ],
            [
              -120.6244971,
              35.6450533
            ],
            [
              -120.6245455,
              35.645035
            ],
            [
              -120.6245613,
              35.6450032
            ],
            [
              -120.6245714,
              35.6449673
            ],
            [
              -120.6245686,
              35.6449351
            ],
            [
              -120.6245137,
              35.6449082
            ],
            [
              -120.6244816,
              35.6449246
            ],
            [
              -120.6244563,
              35.6449538
            ]
          ]
        ]
      }
    },
    {
      "type": "Feature",
      "properties": {
        "@id": "way/252195568",
        "golf": "bunker"
      },
      "geometry": {
        "type": "Polygon",
        "coordinates": [
          [
            [
              -120.6164895,
              35.6486071
            ],
            [
              -120.6165368,
              35.6486071
            ],
            [
              -120.6165648,
              35.6485946
            ],
            [
              -120.6165648,
              35.6485614
            ],
            [
              -120.6165419,
              35.6485386
            ],
            [
              -120.6164844,
              35.6485303
            ],
            [
              -120.6164411,
              35.648521
            ],
            [
              -120.6163951,
              35.6485376
            ],
            [
              -120.6163709,
              35.6485676
            ],
            [
              -120.6163824,
              35.6485988
            ],
            [
              -120.6164219,
              35.648605
            ],
            [
              -120.6164576,
              35.648605
            ],
            [
              -120.6164895,
              35.6486071
            ]
          ]
        ]
      }
    },
    {
      "type": "Feature",
      "properties": {
        "@id": "way/252195577",
        "golf": "bunker"
      },
      "geometry": {
        "type": "Polygon",
        "coordinates": [
          [
            [
              -120.6195088,
              35.6507023
            ],
            [
              -120.6195323,
              35.6506979
            ],
            [
              -120.6195404,
              35.6506781
            ],
            [
              -120.6195323,
              35.6506598
            ],
            [
              -120.6195025,
              35.650637
            ],
            [
              -120.6194592,
              35.6506334
            ],
            [
              -120.6194285,
              35.6506216
            ],
            [
              -120.6193924,
              35.6506187
            ],
            [
              -120.6193654,
              35.6506334
            ],
            [
              -120.6193636,
              35.6506605
            ],
            [
              -120.6193906,
              35.6506847
            ],
            [
              -120.6194276,
              35.6506972
            ],
            [
              -120.6194718,
              35.6507016
            ],
            [
              -120.6195088,
              35.6507023
            ]
          ]
        ]
      }
    },
    {
      "type": "Feature",
      "properties": {
        "@id": "way/252195585",
        "golf": "bunker"
      },
      "geometry": {
        "type": "Polygon",
        "coordinates": [
          [
            [
              -120.6247175,
              35.644976
            ],
            [
              -120.6247107,
              35.6450005
            ],
            [
              -120.6247019,
              35.6450208
            ],
            [
              -120.6247252,
              35.6450492
            ],
            [
              -120.624771,
              35.645047
            ],
            [
              -120.624804,
              35.6450469
            ],
            [
              -120.624825,
              35.6450295
            ],
            [
              -120.6248513,
              35.644995
            ],
            [
              -120.6248775,
              35.6449746
            ],
            [
              -120.6248805,
              35.6449487
            ],
            [
              -120.6248485,
              35.6449331
            ],
            [
              -120.6247916,
              35.6449409
            ],
            [
              -120.6247221,
              35.6449193
            ],
            [
              -120.6247083,
              35.6449363
            ],
            [
              -120.6247175,
              35.644976
            ]
          ]
        ]
      }
    },
    {
      "type": "Feature",
      "properties": {
        "@id": "way/252195597",
        "golf": "bunker"
      },
      "geometry": {
        "type": "Polygon",
        "coordinates": [
          [
            [
              -120.6171698,
              35.6482749
            ],
            [
              -120.6171968,
              35.6482983
            ],
            [
              -120.6172456,
              35.6483013
            ],
            [
              -120.6172943,
              35.648313
            ],
            [
              -120.6173412,
              35.6483321
            ],
            [
              -120.6173755,
              35.6483189
            ],
            [
              -120.6173899,
              35.6482822
            ],
            [
              -120.6173556,
              35.6482426
            ],
            [
              -120.6173376,
              35.6482045
            ],
            [
              -120.6173033,
              35.6482015
            ],
            [
              -120.6172672,
              35.6482177
            ],
            [
              -120.6172293,
              35.6482191
            ],
            [
              -120.6171824,
              35.6482206
            ],
            [
              -120.6171571,
              35.6482499
            ],
            [
              -120.6171698,
              35.6482749
            ]
          ]
        ]
      }
    },
    {
      "type": "Feature",
      "properties": {
        "@id": "way/252195598",
        "golf": "bunker"
      },
      "geometry": {
        "type": "Polygon",
        "coordinates": [
          [
            [
              -120.6250199,
              35.6450046
            ],
            [
              -120.6250109,
              35.6450409
            ],
            [
              -120.6250483,
              35.6450612
            ],
            [
              -120.6251083,
              35.6450588
            ],
            [
              -120.6251516,
              35.6450649
            ],
            [
              -120.6252111,
              35.6450819
            ],
            [
              -120.6252327,
              35.645061
            ],
            [
              -120.6252116,
              35.6450174
            ],
            [
              -120.6252001,
              35.6449842
            ],
            [
              -120.6251821,
              35.6449709
            ],
            [
              -120.6251235,
              35.6449532
            ],
            [
              -120.625092,
              35.6449501
            ],
            [
              -120.6250532,
              35.6449609
            ],
            [
              -120.6250344,
              35.6449778
            ],
            [
              -120.6250199,
              35.6450046
            ]
          ]
        ]
      }
    },
    {
      "type": "Feature",
      "properties": {
        "@id": "way/252195631",
        "golf": "bunker"
      },
      "geometry": {
        "type": "Polygon",
        "coordinates": [
          [
            [
              -120.6238038,
              35.6454317
            ],
            [
              -120.6238307,
              35.6454477
            ],
            [
              -120.6238433,
              35.6454602
            ],
            [
              -120.623874,
              35.6454594
            ],
            [
              -120.6238992,
              35.645444
            ],
            [
              -120.6239026,
              35.6454167
            ],
            [
              -120.6238929,
              35.6454001
            ],
            [
              -120.6238586,
              35.6453612
            ],
            [
              -120.6238063,
              35.6453473
            ],
            [
              -120.6237413,
              35.6453223
            ],
            [
              -120.6236971,
              35.6453121
            ],
            [
              -120.6236592,
              35.6453194
            ],
            [
              -120.6236421,
              35.6453473
            ],
            [
              -120.6236601,
              35.6453773
            ],
            [
              -120.6236944,
              35.6453905
            ],
            [
              -120.6237305,
              35.645392
            ],
            [
              -120.6237485,
              35.6454001
            ],
            [
              -120.6237702,
              35.6454132
            ],
            [
              -120.6237832,
              35.6454217
            ],
            [
              -120.6238038,
              35.6454317
            ]
          ]
        ]
      }
    },
    {
      "type": "Feature",
      "properties": {
        "@id": "way/252195673",
        "golf": "bunker"
      },
      "geometry": {
        "type": "Polygon",
        "coordinates": [
          [
            [
              -120.6182922,
              35.6488073
            ],
            [
              -120.6182999,
              35.6488264
            ],
            [
              -120.6182979,
              35.6488451
            ],
            [
              -120.618312,
              35.6488653
            ],
            [
              -120.6183292,
              35.6488669
            ],
            [
              -120.6183528,
              35.6488591
            ],
            [
              -120.61837,
              35.6488467
            ],
            [
              -120.6183873,
              35.6488425
            ],
            [
              -120.6184204,
              35.648841
            ],
            [
              -120.6184396,
              35.648841
            ],
            [
              -120.618467,
              35.6488363
            ],
            [
              -120.618474,
              35.6488213
            ],
            [
              -120.6184696,
              35.648799
            ],
            [
              -120.6184504,
              35.6487777
            ],
            [
              -120.6184262,
              35.648771
            ],
            [
              -120.6183968,
              35.6487694
            ],
            [
              -120.6183624,
              35.6487575
            ],
            [
              -120.6183273,
              35.6487502
            ],
            [
              -120.6182928,
              35.6487596
            ],
            [
              -120.6182839,
              35.6487787
            ],
            [
              -120.6182922,
              35.6488073
            ]
          ]
        ]
      }
    },
    {
      "type": "Feature",
      "properties": {
        "@id": "way/252195718",
        "golf": "bunker"
      },
      "geometry": {
        "type": "Polygon",
        "coordinates": [
          [
            [
              -120.6268724,
              35.6477176
            ],
            [
              -120.6268354,
              35.6477394
            ],
            [
              -120.6268338,
              35.6477586
            ],
            [
              -120.6268379,
              35.6477768
            ],
            [
              -120.6268654,
              35.647795
            ],
            [
              -120.6269068,
              35.6477871
            ],
            [
              -120.6269199,
              35.6477751
            ],
            [
              -120.626926,
              35.6477529
            ],
            [
              -120.6269107,
              35.6477259
            ],
            [
              -120.6268724,
              35.6477176
            ]
          ]
        ]
      }
    },
    {
      "type": "Feature",
      "properties": {
        "@id": "way/252195735",
        "golf": "bunker"
      },
      "geometry": {
        "type": "Polygon",
        "coordinates": [
          [
            [
              -120.6267926,
              35.6475528
            ],
            [
              -120.6268219,
              35.6475378
            ],
            [
              -120.6268372,
              35.6475025
            ],
            [
              -120.6268375,
              35.6474717
            ],
            [
              -120.6268228,
              35.6474578
            ],
            [
              -120.6268082,
              35.6474541
            ],
            [
              -120.6267845,
              35.6474568
            ],
            [
              -120.6267661,
              35.6474696
            ],
            [
              -120.6267463,
              35.6475149
            ],
            [
              -120.6267482,
              35.6475359
            ],
            [
              -120.6267572,
              35.6475484
            ],
            [
              -120.6267749,
              35.6475542
            ],
            [
              -120.6267926,
              35.6475528
            ]
          ]
        ]
      }
    },
    {
      "type": "Feature",
      "properties": {
        "@id": "way/252195741",
        "golf": "bunker"
      },
      "geometry": {
        "type": "Polygon",
        "coordinates": [
          [
            [
              -120.6269729,
              35.6477213
            ],
            [
              -120.6269607,
              35.6477455
            ],
            [
              -120.62697,
              35.6477737
            ],
            [
              -120.6270367,
              35.6477701
            ],
            [
              -120.6270866,
              35.6477409
            ],
            [
              -120.6270901,
              35.6477149
            ],
            [
              -120.6270687,
              35.6476941
            ],
            [
              -120.6270429,
              35.6476976
            ],
            [
              -120.6269968,
              35.6477052
            ],
            [
              -120.6269729,
              35.6477213
            ]
          ]
        ]
      }
    },
    {
      "type": "Feature",
      "properties": {
        "@id": "way/1316500999",
        "golf": "bunker"
      },
      "geometry": {
        "type": "Polygon",
        "coordinates": [
          [
            [
              -120.618585,
              35.6468092
            ],
            [
              -120.6185935,
              35.6468101
            ],
            [
              -120.6185989,
              35.6468101
            ],
            [
              -120.6186029,
              35.6468108
            ],
            [
              -120.618611,
              35.6468138
            ],
            [
              -120.6186209,
              35.6468148
            ],
            [
              -120.6186362,
              35.646813
            ],
            [
              -120.6186521,
              35.6468083
            ],
            [
              -120.6186647,
              35.6468011
            ],
            [
              -120.6186723,
              35.6467916
            ],
            [
              -120.6186782,
              35.64678
            ],
            [
              -120.6186788,
              35.6467739
            ],
            [
              -120.6186767,
              35.6467684
            ],
            [
              -120.6186706,
              35.6467629
            ],
            [
              -120.6186618,
              35.6467595
            ],
            [
              -120.6186468,
              35.646756
            ],
            [
              -120.6186308,
              35.6467562
            ],
            [
              -120.618621,
              35.6467581
            ],
            [
              -120.6186069,
              35.6467591
            ],
            [
              -120.6185932,
              35.6467579
            ],
            [
              -120.6185808,
              35.646757
            ],
            [
              -120.6185684,
              35.6467548
            ],
            [
              -120.6185563,
              35.6467555
            ],
            [
              -120.618547,
              35.6467606
            ],
            [
              -120.6185397,
              35.6467666
            ],
            [
              -120.6185353,
              35.6467768
            ],
            [
              -120.6185389,
              35.646788
            ],
            [
              -120.6185467,
              35.6467959
            ],
            [
              -120.6185542,
              35.646801
            ],
            [
              -120.6185674,
              35.646806
            ],
            [
              -120.6185761,
              35.6468082
            ],
            [
              -120.618585,
              35.6468092
            ]
          ]
        ]
      }
    },
    {
      "type": "Feature",
      "properties": {
        "@id": "way/1316501002",
        "golf": "bunker"
      },
      "geometry": {
        "type": "Polygon",
        "coordinates": [
          [
            [
              -120.6182058,
              35.646583
            ],
            [
              -120.6182146,
              35.6465937
            ],
            [
              -120.6182291,
              35.646601
            ],
            [
              -120.6182448,
              35.6466089
            ],
            [
              -120.6182614,
              35.6466163
            ],
            [
              -120.6182778,
              35.6466228
            ],
            [
              -120.6182943,
              35.6466283
            ],
            [
              -120.61831,
              35.6466318
            ],
            [
              -120.6183284,
              35.6466343
            ],
            [
              -120.6183464,
              35.646634
            ],
            [
              -120.6183602,
              35.6466294
            ],
            [
              -120.6183698,
              35.6466227
            ],
            [
              -120.6183729,
              35.6466149
            ],
            [
              -120.618371,
              35.646604
            ],
            [
              -120.6183635,
              35.6465952
            ],
            [
              -120.6183536,
              35.6465902
            ],
            [
              -120.6183448,
              35.6465871
            ],
            [
              -120.6183358,
              35.6465844
            ],
            [
              -120.6183249,
              35.6465786
            ],
            [
              -120.6183173,
              35.6465725
            ],
            [
              -120.6183094,
              35.6465655
            ],
            [
              -120.6182982,
              35.6465547
            ],
            [
              -120.6182904,
              35.6465465
            ],
            [
              -120.6182823,
              35.6465392
            ],
            [
              -120.6182702,
              35.6465345
            ],
            [
              -120.6182569,
              35.6465325
            ],
            [
              -120.6182458,
              35.6465323
            ],
            [
              -120.6182347,
              35.6465332
            ],
            [
              -120.6182246,
              35.6465381
            ],
            [
              -120.6182119,
              35.6465462
            ],
            [
              -120.6182058,
              35.6465571
            ],
            [
              -120.6182038,
              35.6465637
            ],
            [
              -120.6182038,
              35.646574
            ],
            [
              -120.6182058,
              35.646583
            ]
          ]
        ]
      }
    },
    {
      "type": "Feature",
      "properties": {
        "@id": "way/1316501004",
        "golf": "bunker"
      },
      "geometry": {
        "type": "Polygon",
        "coordinates": [
          [
            [
              -120.6167889,
              35.6462803
            ],
            [
              -120.6167989,
              35.6462857
            ],
            [
              -120.6168103,
              35.6462949
            ],
            [
              -120.616818,
              35.6462998
            ],
            [
              -120.6168276,
              35.6463028
            ],
            [
              -120.6168374,
              35.6463037
            ],
            [
              -120.6168466,
              35.6463038
            ],
            [
              -120.6168551,
              35.6463031
            ],
            [
              -120.6168619,
              35.6462997
            ],
            [
              -120.6168663,
              35.6462958
            ],
            [
              -120.6168664,
              35.6462879
            ],
            [
              -120.6168648,
              35.6462789
            ],
            [
              -120.61686,
              35.6462696
            ],
            [
              -120.6168514,
              35.6462615
            ],
            [
              -120.6168382,
              35.6462521
            ],
            [
              -120.6168249,
              35.6462464
            ],
            [
              -120.6168195,
              35.646243
            ],
            [
              -120.6168114,
              35.6462376
            ],
            [
              -120.616804,
              35.6462361
            ],
            [
              -120.6167944,
              35.6462369
            ],
            [
              -120.6167864,
              35.6462386
            ],
            [
              -120.6167816,
              35.64624
            ],
            [
              -120.6167776,
              35.6462416
            ],
            [
              -120.6167742,
              35.6462443
            ],
            [
              -120.6167722,
              35.6462485
            ],
            [
              -120.6167711,
              35.6462526
            ],
            [
              -120.6167705,
              35.6462598
            ],
            [
              -120.6167725,
              35.6462658
            ],
            [
              -120.6167761,
              35.646271
            ],
            [
              -120.6167822,
              35.6462764
            ],
            [
              -120.6167889,
              35.6462803
            ]
          ]
        ]
      }
    },
    {
      "type": "Feature",
      "properties": {
        "@id": "way/1316501006",
        "golf": "bunker"
      },
      "geometry": {
        "type": "Polygon",
        "coordinates": [
          [
            [
              -120.6155466,
              35.6471839
            ],
            [
              -120.6155542,
              35.6471907
            ],
            [
              -120.6155622,
              35.6471927
            ],
            [
              -120.6155712,
              35.6471928
            ],
            [
              -120.6155792,
              35.6471898
            ],
            [
              -120.6155857,
              35.6471843
            ],
            [
              -120.6155931,
              35.6471786
            ],
            [
              -120.6156033,
              35.6471722
            ],
            [
              -120.6156131,
              35.6471629
            ],
            [
              -120.6156229,
              35.6471487
            ],
            [
              -120.6156269,
              35.6471406
            ],
            [
              -120.6156279,
              35.6471324
            ],
            [
              -120.615625,
              35.6471238
            ],
            [
              -120.6156216,
              35.6471108
            ],
            [
              -120.6156201,
              35.6470898
            ],
            [
              -120.615619,
              35.6470747
            ],
            [
              -120.6156163,
              35.6470648
            ],
            [
              -120.6156129,
              35.6470565
            ],
            [
              -120.6156087,
              35.6470508
            ],
            [
              -120.6156017,
              35.6470466
            ],
            [
              -120.6155936,
              35.6470449
            ],
            [
              -120.6155849,
              35.6470452
            ],
            [
              -120.6155749,
              35.6470479
            ],
            [
              -120.6155599,
              35.6470533
            ],
            [
              -120.6155512,
              35.6470596
            ],
            [
              -120.6155443,
              35.6470667
            ],
            [
              -120.6155346,
              35.6470762
            ],
            [
              -120.6155311,
              35.6470828
            ],
            [
              -120.6155283,
              35.6470889
            ],
            [
              -120.6155293,
              35.6470945
            ],
            [
              -120.6155347,
              35.6471033
            ],
            [
              -120.6155373,
              35.6471088
            ],
            [
              -120.6155385,
              35.647115
            ],
            [
              -120.6155387,
              35.6471229
            ],
            [
              -120.6155363,
              35.6471371
            ],
            [
              -120.6155375,
              35.6471524
            ],
            [
              -120.6155389,
              35.6471663
            ],
            [
              -120.6155466,
              35.6471839
            ]
          ]
        ]
      }
    },
    {
      "type": "Feature",
      "properties": {
        "@id": "way/1316501007",
        "golf": "bunker"
      },
      "geometry": {
        "type": "Polygon",
        "coordinates": [
          [
            [
              -120.615573,
              35.6483384
            ],
            [
              -120.6155874,
              35.6483437
            ],
            [
              -120.6156016,
              35.6483443
            ],
            [
              -120.6156233,
              35.6483386
            ],
            [
              -120.6156464,
              35.6483301
            ],
            [
              -120.6156672,
              35.6483183
            ],
            [
              -120.6156832,
              35.6483083
            ],
            [
              -120.6156972,
              35.6482965
            ],
            [
              -120.6157083,
              35.6482858
            ],
            [
              -120.6157175,
              35.6482693
            ],
            [
              -120.6157205,
              35.6482599
            ],
            [
              -120.6157226,
              35.6482498
            ],
            [
              -120.6157222,
              35.648242
            ],
            [
              -120.6157178,
              35.6482352
            ],
            [
              -120.6157119,
              35.6482271
            ],
            [
              -120.6157066,
              35.6482224
            ],
            [
              -120.615699,
              35.648219
            ],
            [
              -120.6156927,
              35.6482187
            ],
            [
              -120.6156817,
              35.6482186
            ],
            [
              -120.615671,
              35.6482201
            ],
            [
              -120.6156605,
              35.6482257
            ],
            [
              -120.6156509,
              35.6482317
            ],
            [
              -120.6156371,
              35.648241
            ],
            [
              -120.6156221,
              35.6482504
            ],
            [
              -120.6156039,
              35.6482617
            ],
            [
              -120.6155855,
              35.6482714
            ],
            [
              -120.615573,
              35.6482805
            ],
            [
              -120.6155664,
              35.6482868
            ],
            [
              -120.6155604,
              35.6482959
            ],
            [
              -120.6155551,
              35.6483073
            ],
            [
              -120.6155556,
              35.6483183
            ],
            [
              -120.6155642,
              35.648329
            ],
            [
              -120.615573,
              35.6483384
            ]
          ]
        ]
      }
    },
    {
      "type": "Feature",
      "properties": {
        "@id": "way/1316501008",
        "golf": "bunker"
      },
      "geometry": {
        "type": "Polygon",
        "coordinates": [
          [
            [
              -120.6154615,
              35.6487155
            ],
            [
              -120.6154549,
              35.6487022
            ],
            [
              -120.6154424,
              35.6486904
            ],
            [
              -120.6154233,
              35.6486851
            ],
            [
              -120.6154049,
              35.6486925
            ],
            [
              -120.6153957,
              35.648699
            ],
            [
              -120.6153911,
              35.6487096
            ],
            [
              -120.6153871,
              35.6487214
            ],
            [
              -120.6153847,
              35.648734
            ],
            [
              -120.6153828,
              35.6487553
            ],
            [
              -120.6153852,
              35.6487733
            ],
            [
              -120.615385,
              35.6487852
            ],
            [
              -120.6153839,
              35.6488002
            ],
            [
              -120.6153852,
              35.6488107
            ],
            [
              -120.6153871,
              35.6488235
            ],
            [
              -120.6153904,
              35.6488369
            ],
            [
              -120.6153977,
              35.6488529
            ],
            [
              -120.6154069,
              35.6488641
            ],
            [
              -120.6154174,
              35.6488705
            ],
            [
              -120.6154319,
              35.6488716
            ],
            [
              -120.6154424,
              35.6488663
            ],
            [
              -120.6154463,
              35.648863
            ],
            [
              -120.6154529,
              35.6488486
            ],
            [
              -120.6154588,
              35.6488347
            ],
            [
              -120.6154621,
              35.6488208
            ],
            [
              -120.6154641,
              35.648808
            ],
            [
              -120.6154661,
              35.6487984
            ],
            [
              -120.6154695,
              35.6487842
            ],
            [
              -120.6154702,
              35.6487679
            ],
            [
              -120.6154683,
              35.6487561
            ],
            [
              -120.6154676,
              35.6487435
            ],
            [
              -120.6154654,
              35.6487286
            ],
            [
              -120.6154615,
              35.6487155
            ]
          ]
        ]
      }
    },
    {
      "type": "Feature",
      "properties": {
        "@id": "way/1316501009",
        "golf": "bunker"
      },
      "geometry": {
        "type": "Polygon",
        "coordinates": [
          [
            [
              -120.6153738,
              35.6490099
            ],
            [
              -120.615376,
              35.6490003
            ],
            [
              -120.6153748,
              35.6489882
            ],
            [
              -120.6153705,
              35.6489775
            ],
            [
              -120.6153642,
              35.6489648
            ],
            [
              -120.6153577,
              35.6489547
            ],
            [
              -120.6153495,
              35.6489447
            ],
            [
              -120.6153402,
              35.6489359
            ],
            [
              -120.6153282,
              35.6489288
            ],
            [
              -120.6153167,
              35.6489245
            ],
            [
              -120.6153031,
              35.6489245
            ],
            [
              -120.6152854,
              35.6489258
            ],
            [
              -120.615267,
              35.6489305
            ],
            [
              -120.6152563,
              35.6489357
            ],
            [
              -120.6152481,
              35.648941
            ],
            [
              -120.6152337,
              35.6489483
            ],
            [
              -120.6152223,
              35.6489581
            ],
            [
              -120.6152098,
              35.6489685
            ],
            [
              -120.6152009,
              35.6489797
            ],
            [
              -120.6151907,
              35.648991
            ],
            [
              -120.6151861,
              35.6489993
            ],
            [
              -120.6151789,
              35.6490091
            ],
            [
              -120.6151777,
              35.6490194
            ],
            [
              -120.6151771,
              35.6490297
            ],
            [
              -120.6151797,
              35.6490359
            ],
            [
              -120.6151855,
              35.6490409
            ],
            [
              -120.6151937,
              35.6490437
            ],
            [
              -120.6152044,
              35.6490447
            ],
            [
              -120.6152144,
              35.6490438
            ],
            [
              -120.6152248,
              35.6490419
            ],
            [
              -120.6152378,
              35.6490375
            ],
            [
              -120.6152492,
              35.649032
            ],
            [
              -120.6152582,
              35.6490263
            ],
            [
              -120.6152672,
              35.6490225
            ],
            [
              -120.615278,
              35.649022
            ],
            [
              -120.6152943,
              35.6490214
            ],
            [
              -120.6153161,
              35.6490239
            ],
            [
              -120.6153305,
              35.6490266
            ],
            [
              -120.6153405,
              35.649027
            ],
            [
              -120.615353,
              35.6490241
            ],
            [
              -120.6153623,
              35.64902
            ],
            [
              -120.6153695,
              35.6490154
            ],
            [
              -120.6153738,
              35.6490099
            ]
          ]
        ]
      }
    },
    {
      "type": "Feature",
      "properties": {
        "@id": "way/1316501012",
        "golf": "bunker"
      },
      "geometry": {
        "type": "Polygon",
        "coordinates": [
          [
            [
              -120.6152792,
              35.6506205
            ],
            [
              -120.6152693,
              35.650609
            ],
            [
              -120.6152519,
              35.6506084
            ],
            [
              -120.6152361,
              35.6506138
            ],
            [
              -120.6152212,
              35.6506178
            ],
            [
              -120.6152138,
              35.6506232
            ],
            [
              -120.615208,
              35.6506346
            ],
            [
              -120.6152071,
              35.6506494
            ],
            [
              -120.6152154,
              35.6506595
            ],
            [
              -120.6152245,
              35.6506703
            ],
            [
              -120.6152312,
              35.6506804
            ],
            [
              -120.6152336,
              35.6506892
            ],
            [
              -120.6152345,
              35.6507047
            ],
            [
              -120.6152345,
              35.6507175
            ],
            [
              -120.6152394,
              35.6507276
            ],
            [
              -120.6152486,
              35.650739
            ],
            [
              -120.6152568,
              35.6507572
            ],
            [
              -120.615266,
              35.650772
            ],
            [
              -120.6152792,
              35.6507861
            ],
            [
              -120.6152925,
              35.6507929
            ],
            [
              -120.6153115,
              35.6507956
            ],
            [
              -120.6153298,
              35.6507855
            ],
            [
              -120.6153405,
              35.6507734
            ],
            [
              -120.6153497,
              35.6507565
            ],
            [
              -120.615358,
              35.650741
            ],
            [
              -120.6153629,
              35.6507255
            ],
            [
              -120.6153629,
              35.6507067
            ],
            [
              -120.6153571,
              35.6506959
            ],
            [
              -120.6153439,
              35.6506845
            ],
            [
              -120.6153273,
              35.6506764
            ],
            [
              -120.6153091,
              35.6506643
            ],
            [
              -120.6152983,
              35.6506521
            ],
            [
              -120.61529,
              35.650634
            ],
            [
              -120.6152792,
              35.6506205
            ]
          ]
        ]
      }
    },
    {
      "type": "Feature",
      "properties": {
        "@id": "way/1316501014",
        "golf": "bunker"
      },
      "geometry": {
        "type": "Polygon",
        "coordinates": [
          [
            [
              -120.6153641,
              35.6510022
            ],
            [
              -120.6153595,
              35.6509947
            ],
            [
              -120.6153511,
              35.6509874
            ],
            [
              -120.61534,
              35.6509833
            ],
            [
              -120.6153262,
              35.6509817
            ],
            [
              -120.6153128,
              35.6509822
            ],
            [
              -120.6152966,
              35.6509873
            ],
            [
              -120.6152832,
              35.6509939
            ],
            [
              -120.6152742,
              35.6509975
            ],
            [
              -120.6152618,
              35.6510002
            ],
            [
              -120.6152524,
              35.6510025
            ],
            [
              -120.6152433,
              35.6510061
            ],
            [
              -120.6152389,
              35.6510116
            ],
            [
              -120.6152366,
              35.6510166
            ],
            [
              -120.6152358,
              35.6510225
            ],
            [
              -120.6152361,
              35.6510278
            ],
            [
              -120.6152371,
              35.6510335
            ],
            [
              -120.6152387,
              35.6510371
            ],
            [
              -120.6152425,
              35.6510399
            ],
            [
              -120.6152462,
              35.6510437
            ],
            [
              -120.6152477,
              35.6510462
            ],
            [
              -120.6152494,
              35.6510491
            ],
            [
              -120.6152523,
              35.6510525
            ],
            [
              -120.6152587,
              35.6510539
            ],
            [
              -120.6152637,
              35.6510527
            ],
            [
              -120.6152709,
              35.6510478
            ],
            [
              -120.6152763,
              35.6510458
            ],
            [
              -120.6152845,
              35.6510455
            ],
            [
              -120.6152926,
              35.651045
            ],
            [
              -120.6153024,
              35.6510443
            ],
            [
              -120.6153122,
              35.6510431
            ],
            [
              -120.6153231,
              35.6510423
            ],
            [
              -120.6153317,
              35.6510408
            ],
            [
              -120.6153382,
              35.6510378
            ],
            [
              -120.6153478,
              35.6510308
            ],
            [
              -120.6153555,
              35.6510238
            ],
            [
              -120.6153634,
              35.6510135
            ],
            [
              -120.6153641,
              35.6510022
            ]
          ]
        ]
      }
    },
    {
      "type": "Feature",
      "properties": {
        "@id": "way/1316816296",
        "golf": "bunker"
      },
      "geometry": {
        "type": "Polygon",
        "coordinates": [
          [
            [
              -120.6166167,
              35.6487627
            ],
            [
              -120.6166284,
              35.6487601
            ],
            [
              -120.616639,
              35.6487519
            ],
            [
              -120.6166454,
              35.6487467
            ],
            [
              -120.6166486,
              35.6487368
            ],
            [
              -120.6166486,
              35.648729
            ],
            [
              -120.6166459,
              35.6487178
            ],
            [
              -120.6166395,
              35.6487091
            ],
            [
              -120.6166337,
              35.6487035
            ],
            [
              -120.6166214,
              35.6486987
            ],
            [
              -120.6166065,
              35.6486966
            ],
            [
              -120.61659,
              35.6486979
            ],
            [
              -120.6165805,
              35.6487
            ],
            [
              -120.616564,
              35.6487043
            ],
            [
              -120.6165528,
              35.6487078
            ],
            [
              -120.616532,
              35.6487152
            ],
            [
              -120.616523,
              35.6487221
            ],
            [
              -120.6165123,
              35.648729
            ],
            [
              -120.6165028,
              35.6487407
            ],
            [
              -120.6164911,
              35.6487528
            ],
            [
              -120.6164847,
              35.6487619
            ],
            [
              -120.6164762,
              35.6487731
            ],
            [
              -120.616474,
              35.6487822
            ],
            [
              -120.6164724,
              35.6487943
            ],
            [
              -120.616473,
              35.6488021
            ],
            [
              -120.6164746,
              35.6488116
            ],
            [
              -120.6164793,
              35.6488207
            ],
            [
              -120.6164889,
              35.6488267
            ],
            [
              -120.6164974,
              35.6488315
            ],
            [
              -120.6165081,
              35.6488315
            ],
            [
              -120.6165209,
              35.6488285
            ],
            [
              -120.6165336,
              35.6488216
            ],
            [
              -120.6165437,
              35.6488103
            ],
            [
              -120.6165512,
              35.6488004
            ],
            [
              -120.6165581,
              35.6487913
            ],
            [
              -120.6165672,
              35.6487831
            ],
            [
              -120.6165831,
              35.6487753
            ],
            [
              -120.6165954,
              35.6487697
            ],
            [
              -120.6166071,
              35.6487649
            ],
            [
              -120.6166167,
              35.6487627
            ]
          ]
        ]
      }
    },
    {
      "type": "Feature",
      "properties": {
        "@id": "way/1316846691",
        "golf": "bunker"
      },
      "geometry": {
        "type": "Polygon",
        "coordinates": [
          [
            [
              -120.6269959,
              35.6454526
            ],
            [
              -120.6269987,
              35.645461
            ],
            [
              -120.6270021,
              35.6454666
            ],
            [
              -120.6270117,
              35.6454738
            ],
            [
              -120.6270219,
              35.6454788
            ],
            [
              -120.627037,
              35.6454794
            ],
            [
              -120.6270521,
              35.6454771
            ],
            [
              -120.6270644,
              35.6454755
            ],
            [
              -120.6270719,
              35.6454643
            ],
            [
              -120.6270713,
              35.6454538
            ],
            [
              -120.6270617,
              35.6454382
            ],
            [
              -120.6270562,
              35.6454281
            ],
            [
              -120.6270452,
              35.6454198
            ],
            [
              -120.6270363,
              35.6454092
            ],
            [
              -120.6270185,
              35.6454048
            ],
            [
              -120.6270096,
              35.6454059
            ],
            [
              -120.6270021,
              35.6454098
            ],
            [
              -120.6269945,
              35.6454165
            ],
            [
              -120.6269925,
              35.645427
            ],
            [
              -120.6269925,
              35.6454343
            ],
            [
              -120.6269925,
              35.6454415
            ],
            [
              -120.6269959,
              35.6454526
            ]
          ]
        ]
      }
    },
    {
      "type": "Feature",
      "properties": {
        "@id": "way/1364417976",
        "golf": "bunker"
      },
      "geometry": {
        "type": "Polygon",
        "coordinates": [
          [
            [
              -120.6176052,
              35.6469877
            ],
            [
              -120.617612,
              35.6469908
            ],
            [
              -120.6176189,
              35.6469946
            ],
            [
              -120.6176267,
              35.646999
            ],
            [
              -120.6176351,
              35.6470042
            ],
            [
              -120.6176481,
              35.647008
            ],
            [
              -120.6176586,
              35.6470082
            ],
            [
              -120.6176685,
              35.6470054
            ],
            [
              -120.6176773,
              35.6470002
            ],
            [
              -120.6176817,
              35.646993
            ],
            [
              -120.6176839,
              35.6469843
            ],
            [
              -120.6176834,
              35.6469757
            ],
            [
              -120.61768,
              35.6469679
            ],
            [
              -120.6176726,
              35.6469611
            ],
            [
              -120.617664,
              35.6469554
            ],
            [
              -120.6176545,
              35.6469482
            ],
            [
              -120.6176454,
              35.6469434
            ],
            [
              -120.6176336,
              35.6469276
            ],
            [
              -120.6176297,
              35.6469139
            ],
            [
              -120.6176321,
              35.6469021
            ],
            [
              -120.6176366,
              35.6468916
            ],
            [
              -120.6176378,
              35.6468798
            ],
            [
              -120.6176363,
              35.646872
            ],
            [
              -120.6176275,
              35.6468656
            ],
            [
              -120.6176108,
              35.6468615
            ],
            [
              -120.6175914,
              35.6468589
            ],
            [
              -120.6175701,
              35.6468573
            ],
            [
              -120.6175502,
              35.6468569
            ],
            [
              -120.6175276,
              35.6468589
            ],
            [
              -120.6175105,
              35.6468623
            ],
            [
              -120.6174916,
              35.6468688
            ],
            [
              -120.6174729,
              35.6468782
            ],
            [
              -120.6174675,
              35.6468824
            ],
            [
              -120.6174648,
              35.646887
            ],
            [
              -120.6174638,
              35.6468918
            ],
            [
              -120.6174634,
              35.6468961
            ],
            [
              -120.6174646,
              35.6469007
            ],
            [
              -120.6174688,
              35.6469055
            ],
            [
              -120.6174737,
              35.6469099
            ],
            [
              -120.617481,
              35.6469143
            ],
            [
              -120.6174884,
              35.6469179
            ],
            [
              -120.6174957,
              35.6469201
            ],
            [
              -120.6175009,
              35.6469215
            ],
            [
              -120.6175075,
              35.6469235
            ],
            [
              -120.6175132,
              35.6469255
            ],
            [
              -120.6175181,
              35.6469272
            ],
            [
              -120.6175257,
              35.646931
            ],
            [
              -120.6175298,
              35.6469356
            ],
            [
              -120.6175335,
              35.6469414
            ],
            [
              -120.617534,
              35.646946
            ],
            [
              -120.6175352,
              35.6469542
            ],
            [
              -120.617535,
              35.6469603
            ],
            [
              -120.6175347,
              35.6469685
            ],
            [
              -120.6175347,
              35.6469735
            ],
            [
              -120.6175357,
              35.6469797
            ],
            [
              -120.6175384,
              35.6469841
            ],
            [
              -120.6175433,
              35.6469869
            ],
            [
              -120.617548,
              35.6469886
            ],
            [
              -120.6175556,
              35.6469882
            ],
            [
              -120.6175617,
              35.6469882
            ],
            [
              -120.6175696,
              35.6469855
            ],
            [
              -120.6175765,
              35.6469823
            ],
            [
              -120.6175836,
              35.6469809
            ],
            [
              -120.6175902,
              35.6469817
            ],
            [
              -120.6175976,
              35.6469841
            ],
            [
              -120.6176052,
              35.6469877
            ]
          ]
        ]
      }
    },
    {
      "type": "Feature",
      "properties": {
        "@id": "way/1364417977",
        "golf": "bunker"
      },
      "geometry": {
        "type": "Polygon",
        "coordinates": [
          [
            [
              -120.6165566,
              35.6518171
            ],
            [
              -120.6165639,
              35.6518239
            ],
            [
              -120.6165758,
              35.6518307
            ],
            [
              -120.6165862,
              35.6518359
            ],
            [
              -120.6165994,
              35.6518427
            ],
            [
              -120.6166129,
              35.6518488
            ],
            [
              -120.6166274,
              35.651855
            ],
            [
              -120.6166419,
              35.6518604
            ],
            [
              -120.6166546,
              35.6518639
            ],
            [
              -120.616667,
              35.6518665
            ],
            [
              -120.6166788,
              35.6518687
            ],
            [
              -120.6166939,
              35.6518714
            ],
            [
              -120.6167076,
              35.6518714
            ],
            [
              -120.6167184,
              35.65187
            ],
            [
              -120.6167297,
              35.6518648
            ],
            [
              -120.6167418,
              35.6518574
            ],
            [
              -120.6167474,
              35.6518495
            ],
            [
              -120.6167504,
              35.6518392
            ],
            [
              -120.6167517,
              35.6518311
            ],
            [
              -120.616748,
              35.6518222
            ],
            [
              -120.6167426,
              35.6518156
            ],
            [
              -120.6167329,
              35.651811
            ],
            [
              -120.6167178,
              35.6518075
            ],
            [
              -120.616702,
              35.6518073
            ],
            [
              -120.6166896,
              35.6518077
            ],
            [
              -120.6166796,
              35.6518073
            ],
            [
              -120.6166745,
              35.6518066
            ],
            [
              -120.6166683,
              35.6518042
            ],
            [
              -120.6166597,
              35.651799
            ],
            [
              -120.6166527,
              35.6517931
            ],
            [
              -120.6166441,
              35.6517861
            ],
            [
              -120.6166366,
              35.6517813
            ],
            [
              -120.616625,
              35.6517754
            ],
            [
              -120.6166137,
              35.6517714
            ],
            [
              -120.6166,
              35.6517679
            ],
            [
              -120.6165876,
              35.6517679
            ],
            [
              -120.6165758,
              35.6517697
            ],
            [
              -120.6165658,
              35.6517734
            ],
            [
              -120.6165561,
              35.6517813
            ],
            [
              -120.6165515,
              35.6517874
            ],
            [
              -120.6165494,
              35.6517946
            ],
            [
              -120.6165494,
              35.6518034
            ],
            [
              -120.6165521,
              35.6518108
            ],
            [
              -120.6165566,
              35.6518171
            ]
          ]
        ]
      }
    },
    {
      "type": "Feature",
      "properties": {
        "@id": "way/1364417978",
        "golf": "bunker"
      },
      "geometry": {
        "type": "Polygon",
        "coordinates": [
          [
            [
              -120.6165857,
              35.6519671
            ],
            [
              -120.6165973,
              35.6519724
            ],
            [
              -120.6166167,
              35.6519816
            ],
            [
              -120.6166261,
              35.6519851
            ],
            [
              -120.6166366,
              35.6519896
            ],
            [
              -120.6166454,
              35.6519947
            ],
            [
              -120.6166519,
              35.6520004
            ],
            [
              -120.6166567,
              35.6520074
            ],
            [
              -120.6166624,
              35.6520172
            ],
            [
              -120.6166656,
              35.6520233
            ],
            [
              -120.6166721,
              35.6520294
            ],
            [
              -120.616678,
              35.6520343
            ],
            [
              -120.6166845,
              35.6520384
            ],
            [
              -120.6166925,
              35.6520426
            ],
            [
              -120.6167025,
              35.6520463
            ],
            [
              -120.6167111,
              35.6520489
            ],
            [
              -120.6167221,
              35.6520507
            ],
            [
              -120.6167318,
              35.6520502
            ],
            [
              -120.616742,
              35.6520463
            ],
            [
              -120.6167466,
              35.6520428
            ],
            [
              -120.6167523,
              35.652036
            ],
            [
              -120.6167533,
              35.6520273
            ],
            [
              -120.6167509,
              35.6520161
            ],
            [
              -120.6167461,
              35.6520082
            ],
            [
              -120.616738,
              35.6520028
            ],
            [
              -120.6167275,
              35.6519986
            ],
            [
              -120.6167197,
              35.6519918
            ],
            [
              -120.6167127,
              35.6519848
            ],
            [
              -120.6167081,
              35.6519743
            ],
            [
              -120.6167084,
              35.651966
            ],
            [
              -120.6167057,
              35.6519564
            ],
            [
              -120.6167011,
              35.6519496
            ],
            [
              -120.6166947,
              35.651942
            ],
            [
              -120.6166823,
              35.6519376
            ],
            [
              -120.6166678,
              35.6519363
            ],
            [
              -120.6166546,
              35.651937
            ],
            [
              -120.6166436,
              35.6519352
            ],
            [
              -120.6166333,
              35.6519335
            ],
            [
              -120.6166218,
              35.6519311
            ],
            [
              -120.6166094,
              35.6519308
            ],
            [
              -120.6165978,
              35.6519319
            ],
            [
              -120.6165903,
              35.6519341
            ],
            [
              -120.6165795,
              35.6519415
            ],
            [
              -120.6165782,
              35.6519481
            ],
            [
              -120.6165779,
              35.6519544
            ],
            [
              -120.6165787,
              35.6519608
            ],
            [
              -120.6165857,
              35.6519671
            ]
          ]
        ]
      }
    },
    {
      "type": "Feature",
      "properties": {
        "@id": "way/1364417979",
        "golf": "bunker"
      },
      "geometry": {
        "type": "Polygon",
        "coordinates": [
          [
            [
              -120.6183375,
              35.6522459
            ],
            [
              -120.6183504,
              35.6522489
            ],
            [
              -120.6183642,
              35.6522558
            ],
            [
              -120.6183707,
              35.652263
            ],
            [
              -120.6183773,
              35.6522703
            ],
            [
              -120.6183838,
              35.6522729
            ],
            [
              -120.6184049,
              35.6522779
            ],
            [
              -120.6184152,
              35.6522779
            ],
            [
              -120.6184251,
              35.652276
            ],
            [
              -120.6184368,
              35.6522722
            ],
            [
              -120.6184429,
              35.6522623
            ],
            [
              -120.6184438,
              35.6522482
            ],
            [
              -120.6184415,
              35.652236
            ],
            [
              -120.6184152,
              35.6522139
            ],
            [
              -120.618396,
              35.6522071
            ],
            [
              -120.6183829,
              35.6521994
            ],
            [
              -120.6183698,
              35.6521892
            ],
            [
              -120.6183487,
              35.6521732
            ],
            [
              -120.6183375,
              35.6521663
            ],
            [
              -120.6183267,
              35.652164
            ],
            [
              -120.6183154,
              35.6521606
            ],
            [
              -120.6182962,
              35.6521606
            ],
            [
              -120.6182817,
              35.6521633
            ],
            [
              -120.6182723,
              35.6521713
            ],
            [
              -120.6182634,
              35.6521831
            ],
            [
              -120.6182536,
              35.6521964
            ],
            [
              -120.6182536,
              35.6522078
            ],
            [
              -120.6182574,
              35.6522196
            ],
            [
              -120.618262,
              35.6522291
            ],
            [
              -120.6182695,
              35.6522375
            ],
            [
              -120.6182808,
              35.652244
            ],
            [
              -120.618293,
              35.6522459
            ],
            [
              -120.6183108,
              35.6522451
            ],
            [
              -120.6183262,
              35.6522447
            ],
            [
              -120.6183375,
              35.6522459
            ]
          ]
        ]
      }
    },
    {
      "type": "Feature",
      "properties": {
        "@id": "way/1364417980",
        "golf": "bunker"
      },
      "geometry": {
        "type": "Polygon",
        "coordinates": [
          [
            [
              -120.6187811,
              35.6525402
            ],
            [
              -120.6187722,
              35.6525341
            ],
            [
              -120.6187619,
              35.6525306
            ],
            [
              -120.6187502,
              35.6525238
            ],
            [
              -120.618739,
              35.6525188
            ],
            [
              -120.6187268,
              35.6525131
            ],
            [
              -120.6187188,
              35.6525109
            ],
            [
              -120.6187057,
              35.652507
            ],
            [
              -120.6186954,
              35.6525051
            ],
            [
              -120.618687,
              35.6525032
            ],
            [
              -120.618679,
              35.6525029
            ],
            [
              -120.6186682,
              35.6525025
            ],
            [
              -120.6186584,
              35.6525021
            ],
            [
              -120.6186457,
              35.6525021
            ],
            [
              -120.6186359,
              35.6524991
            ],
            [
              -120.6186284,
              35.6524964
            ],
            [
              -120.6186176,
              35.6524937
            ],
            [
              -120.6186022,
              35.6524907
            ],
            [
              -120.6185923,
              35.6524903
            ],
            [
              -120.6185853,
              35.6524922
            ],
            [
              -120.6185773,
              35.6524918
            ],
            [
              -120.6185689,
              35.6524903
            ],
            [
              -120.61856,
              35.6524884
            ],
            [
              -120.6185534,
              35.6524872
            ],
            [
              -120.6185389,
              35.6524899
            ],
            [
              -120.6185281,
              35.6524945
            ],
            [
              -120.6185207,
              35.6525029
            ],
            [
              -120.618515,
              35.6525101
            ],
            [
              -120.6185108,
              35.65252
            ],
            [
              -120.6185089,
              35.6525295
            ],
            [
              -120.6185089,
              35.652539
            ],
            [
              -120.6185094,
              35.6525482
            ],
            [
              -120.6185094,
              35.6525543
            ],
            [
              -120.6185164,
              35.6525615
            ],
            [
              -120.6185253,
              35.6525683
            ],
            [
              -120.6185361,
              35.6525725
            ],
            [
              -120.6185431,
              35.652574
            ],
            [
              -120.6185539,
              35.652576
            ],
            [
              -120.6185614,
              35.6525767
            ],
            [
              -120.618575,
              35.6525767
            ],
            [
              -120.6185876,
              35.6525771
            ],
            [
              -120.6185994,
              35.6525763
            ],
            [
              -120.6186111,
              35.6525748
            ],
            [
              -120.6186247,
              35.6525733
            ],
            [
              -120.618635,
              35.6525718
            ],
            [
              -120.6186467,
              35.6525706
            ],
            [
              -120.6186579,
              35.6525702
            ],
            [
              -120.6186701,
              35.6525733
            ],
            [
              -120.6186851,
              35.6525756
            ],
            [
              -120.6186968,
              35.6525805
            ],
            [
              -120.6187099,
              35.6525839
            ],
            [
              -120.6187221,
              35.652587
            ],
            [
              -120.6187357,
              35.6525881
            ],
            [
              -120.6187469,
              35.6525881
            ],
            [
              -120.6187568,
              35.6525878
            ],
            [
              -120.6187704,
              35.6525843
            ],
            [
              -120.6187835,
              35.6525775
            ],
            [
              -120.618791,
              35.6525699
            ],
            [
              -120.6187947,
              35.6525611
            ],
            [
              -120.6187947,
              35.6525527
            ],
            [
              -120.6187886,
              35.6525447
            ],
            [
              -120.6187811,
              35.6525402
            ]
          ]
        ]
      }
    },
    {
      "type": "Feature",
      "properties": {
        "@id": "way/1364417981",
        "golf": "bunker"
      },
      "geometry": {
        "type": "Polygon",
        "coordinates": [
          [
            [
              -120.6174833,
              35.6508817
            ],
            [
              -120.6174907,
              35.6508969
            ],
            [
              -120.6175004,
              35.6509102
            ],
            [
              -120.6175129,
              35.6509254
            ],
            [
              -120.6175234,
              35.6509377
            ],
            [
              -120.617539,
              35.6509466
            ],
            [
              -120.6175565,
              35.6509526
            ],
            [
              -120.6175698,
              35.6509535
            ],
            [
              -120.6175853,
              35.650951
            ],
            [
              -120.6175939,
              35.6509466
            ],
            [
              -120.6175997,
              35.6509421
            ],
            [
              -120.6176032,
              35.6509317
            ],
            [
              -120.6175896,
              35.6509042
            ],
            [
              -120.6175733,
              35.6508931
            ],
            [
              -120.617562,
              35.6508817
            ],
            [
              -120.6175534,
              35.6508687
            ],
            [
              -120.6175374,
              35.6508551
            ],
            [
              -120.6175211,
              35.6508462
            ],
            [
              -120.6175032,
              35.6508459
            ],
            [
              -120.6174934,
              35.6508462
            ],
            [
              -120.6174841,
              35.6508542
            ],
            [
              -120.6174813,
              35.6508656
            ],
            [
              -120.6174813,
              35.6508741
            ],
            [
              -120.6174833,
              35.6508817
            ]
          ]
        ]
      }
    },
    {
      "type": "Feature",
      "properties": {
        "@id": "way/1364417982",
        "golf": "bunker"
      },
      "geometry": {
        "type": "Polygon",
        "coordinates": [
          [
            [
              -120.6161451,
              35.6499337
            ],
            [
              -120.6161502,
              35.6499405
            ],
            [
              -120.6161596,
              35.6499461
            ],
            [
              -120.6161658,
              35.6499497
            ],
            [
              -120.6161719,
              35.6499529
            ],
            [
              -120.6161794,
              35.6499566
            ],
            [
              -120.6161862,
              35.6499621
            ],
            [
              -120.6161923,
              35.6499666
            ],
            [
              -120.6162001,
              35.6499713
            ],
            [
              -120.6162082,
              35.649975
            ],
            [
              -120.6162189,
              35.6499779
            ],
            [
              -120.6162292,
              35.6499795
            ],
            [
              -120.6162402,
              35.6499795
            ],
            [
              -120.6162525,
              35.6499797
            ],
            [
              -120.6162632,
              35.6499797
            ],
            [
              -120.6162762,
              35.6499787
            ],
            [
              -120.6162894,
              35.6499766
            ],
            [
              -120.6163011,
              35.649975
            ],
            [
              -120.6163147,
              35.6499695
            ],
            [
              -120.6163228,
              35.6499624
            ],
            [
              -120.6163254,
              35.6499566
            ],
            [
              -120.6163267,
              35.64995
            ],
            [
              -120.6163267,
              35.6499418
            ],
            [
              -120.6163234,
              35.6499316
            ],
            [
              -120.6163156,
              35.649924
            ],
            [
              -120.6163076,
              35.6499198
            ],
            [
              -120.6162959,
              35.6499161
            ],
            [
              -120.616283,
              35.6499142
            ],
            [
              -120.6162726,
              35.6499119
            ],
            [
              -120.616259,
              35.6499098
            ],
            [
              -120.6162493,
              35.6499077
            ],
            [
              -120.6162357,
              35.6499037
            ],
            [
              -120.6162237,
              35.6499008
            ],
            [
              -120.6162108,
              35.6498979
            ],
            [
              -120.6161988,
              35.649895
            ],
            [
              -120.6161868,
              35.6498927
            ],
            [
              -120.6161768,
              35.6498919
            ],
            [
              -120.6161658,
              35.6498927
            ],
            [
              -120.6161561,
              35.6498961
            ],
            [
              -120.6161515,
              35.6499003
            ],
            [
              -120.6161467,
              35.6499069
            ],
            [
              -120.6161434,
              35.6499121
            ],
            [
              -120.6161415,
              35.6499182
            ],
            [
              -120.6161415,
              35.6499263
            ],
            [
              -120.6161451,
              35.6499337
            ]
          ]
        ]
      }
    },
    {
      "type": "Feature",
      "properties": {
        "@id": "way/1364417983",
        "golf": "bunker"
      },
      "geometry": {
        "type": "Polygon",
        "coordinates": [
          [
            [
              -120.616405,
              35.6498535
            ],
            [
              -120.6164128,
              35.6498553
            ],
            [
              -120.6164183,
              35.6498579
            ],
            [
              -120.616426,
              35.6498585
            ],
            [
              -120.6164354,
              35.6498566
            ],
            [
              -120.6164477,
              35.6498532
            ],
            [
              -120.6164568,
              35.64985
            ],
            [
              -120.6164701,
              35.6498427
            ],
            [
              -120.6164785,
              35.6498372
            ],
            [
              -120.6164853,
              35.6498319
            ],
            [
              -120.6164898,
              35.6498253
            ],
            [
              -120.6164917,
              35.6498172
            ],
            [
              -120.6164898,
              35.649809
            ],
            [
              -120.6164869,
              35.6498022
            ],
            [
              -120.6164804,
              35.6497972
            ],
            [
              -120.616472,
              35.6497943
            ],
            [
              -120.6164607,
              35.6497914
            ],
            [
              -120.6164471,
              35.6497922
            ],
            [
              -120.6164357,
              35.6497938
            ],
            [
              -120.6164244,
              35.6497966
            ],
            [
              -120.6164128,
              35.6498006
            ],
            [
              -120.6164014,
              35.6498032
            ],
            [
              -120.6163888,
              35.6498085
            ],
            [
              -120.6163814,
              35.649813
            ],
            [
              -120.6163781,
              35.6498185
            ],
            [
              -120.6163768,
              35.6498258
            ],
            [
              -120.6163804,
              35.6498335
            ],
            [
              -120.6163849,
              35.6498403
            ],
            [
              -120.6163917,
              35.6498458
            ],
            [
              -120.6163975,
              35.6498498
            ],
            [
              -120.616405,
              35.6498535
            ]
          ]
        ]
      }
    },
    {
      "type": "Feature",
      "properties": {
        "@id": "way/1364417984",
        "golf": "bunker"
      },
      "geometry": {
        "type": "Polygon",
        "coordinates": [
          [
            [
              -120.616314,
              35.6497564
            ],
            [
              -120.6163276,
              35.6497672
            ],
            [
              -120.6163383,
              35.6497714
            ],
            [
              -120.616348,
              35.6497767
            ],
            [
              -120.6163555,
              35.6497803
            ],
            [
              -120.6163652,
              35.6497819
            ],
            [
              -120.6163775,
              35.6497822
            ],
            [
              -120.6163914,
              35.6497798
            ],
            [
              -120.6164066,
              35.6497756
            ],
            [
              -120.6164176,
              35.6497719
            ],
            [
              -120.6164286,
              35.6497643
            ],
            [
              -120.616437,
              35.6497569
            ],
            [
              -120.6164422,
              35.649748
            ],
            [
              -120.6164455,
              35.6497364
            ],
            [
              -120.6164435,
              35.6497254
            ],
            [
              -120.6164409,
              35.6497159
            ],
            [
              -120.6164345,
              35.6497083
            ],
            [
              -120.6164264,
              35.6497019
            ],
            [
              -120.616416,
              35.6496969
            ],
            [
              -120.6164014,
              35.6496941
            ],
            [
              -120.616381,
              35.6496946
            ],
            [
              -120.616361,
              35.6496983
            ],
            [
              -120.6163467,
              35.6497014
            ],
            [
              -120.6163289,
              35.6497085
            ],
            [
              -120.6163169,
              35.6497148
            ],
            [
              -120.6163114,
              35.6497222
            ],
            [
              -120.6163072,
              35.6497275
            ],
            [
              -120.6163033,
              35.6497322
            ],
            [
              -120.6163033,
              35.6497401
            ],
            [
              -120.6163066,
              35.649749
            ],
            [
              -120.616314,
              35.6497564
            ]
          ]
        ]
      }
    },
    {
      "type": "Feature",
      "properties": {
        "@id": "way/1364417985",
        "golf": "bunker"
      },
      "geometry": {
        "type": "Polygon",
        "coordinates": [
          [
            [
              -120.6162305,
              35.6496072
            ],
            [
              -120.6162295,
              35.6496157
            ],
            [
              -120.6162321,
              35.6496236
            ],
            [
              -120.6162357,
              35.6496338
            ],
            [
              -120.6162402,
              35.6496438
            ],
            [
              -120.6162457,
              35.6496528
            ],
            [
              -120.6162548,
              35.6496638
            ],
            [
              -120.6162626,
              35.6496725
            ],
            [
              -120.6162707,
              35.6496817
            ],
            [
              -120.6162781,
              35.6496867
            ],
            [
              -120.6162878,
              35.6496904
            ],
            [
              -120.6162985,
              35.6496906
            ],
            [
              -120.6163108,
              35.6496875
            ],
            [
              -120.6163231,
              35.6496806
            ],
            [
              -120.6163318,
              35.649673
            ],
            [
              -120.6163412,
              35.6496614
            ],
            [
              -120.6163458,
              35.6496509
            ],
            [
              -120.6163467,
              35.6496409
            ],
            [
              -120.6163441,
              35.6496301
            ],
            [
              -120.616338,
              35.6496204
            ],
            [
              -120.6163302,
              35.649613
            ],
            [
              -120.6163208,
              35.6496091
            ],
            [
              -120.6163092,
              35.6496059
            ],
            [
              -120.6162953,
              35.6496009
            ],
            [
              -120.6162859,
              35.6495944
            ],
            [
              -120.6162787,
              35.6495891
            ],
            [
              -120.616271,
              35.6495854
            ],
            [
              -120.6162622,
              35.6495841
            ],
            [
              -120.6162538,
              35.6495844
            ],
            [
              -120.6162438,
              35.649588
            ],
            [
              -120.616238,
              35.6495933
            ],
            [
              -120.6162325,
              35.6495999
            ],
            [
              -120.6162305,
              35.6496072
            ]
          ]
        ]
      }
    },
    {
      "type": "Feature",
      "properties": {
        "@id": "way/1364548673",
        "golf": "bunker"
      },
      "geometry": {
        "type": "Polygon",
        "coordinates": [
          [
            [
              -120.6160393,
              35.6478985
            ],
            [
              -120.6160518,
              35.6478979
            ],
            [
              -120.6160688,
              35.6478944
            ],
            [
              -120.6160755,
              35.6478912
            ],
            [
              -120.6160877,
              35.6478864
            ],
            [
              -120.616097,
              35.6478817
            ],
            [
              -120.6161095,
              35.6478767
            ],
            [
              -120.6161188,
              35.6478728
            ],
            [
              -120.6161276,
              35.6478689
            ],
            [
              -120.6161369,
              35.6478635
            ],
            [
              -120.6161388,
              35.6478544
            ],
            [
              -120.6161404,
              35.6478455
            ],
            [
              -120.6161375,
              35.6478378
            ],
            [
              -120.6161327,
              35.6478282
            ],
            [
              -120.6161236,
              35.6478211
            ],
            [
              -120.6161122,
              35.6478144
            ],
            [
              -120.6160991,
              35.6478105
            ],
            [
              -120.6160861,
              35.647806
            ],
            [
              -120.6160755,
              35.6478045
            ],
            [
              -120.6160611,
              35.6478053
            ],
            [
              -120.6160473,
              35.6478058
            ],
            [
              -120.6160326,
              35.6478064
            ],
            [
              -120.6160241,
              35.6478088
            ],
            [
              -120.6160119,
              35.6478105
            ],
            [
              -120.6160015,
              35.647812
            ],
            [
              -120.6159802,
              35.6478233
            ],
            [
              -120.6159669,
              35.6478341
            ],
            [
              -120.6159618,
              35.6478414
            ],
            [
              -120.6159597,
              35.6478462
            ],
            [
              -120.6159576,
              35.6478529
            ],
            [
              -120.6159597,
              35.6478607
            ],
            [
              -120.6159632,
              35.6478667
            ],
            [
              -120.615969,
              35.6478739
            ],
            [
              -120.6159767,
              35.6478806
            ],
            [
              -120.6159876,
              35.6478871
            ],
            [
              -120.6159988,
              35.647892
            ],
            [
              -120.6160084,
              35.6478959
            ],
            [
              -120.6160196,
              35.6478981
            ],
            [
              -120.6160292,
              35.6478987
            ],
            [
              -120.6160393,
              35.6478985
            ]
          ]
        ]
      }
    },
    {
      "type": "Feature",
      "properties": {
        "@id": "way/1364548674",
        "golf": "bunker"
      },
      "geometry": {
        "type": "Polygon",
        "coordinates": [
          [
            [
              -120.6159077,
              35.6477212
            ],
            [
              -120.6159134,
              35.6477254
            ],
            [
              -120.615924,
              35.6477301
            ],
            [
              -120.6159327,
              35.6477301
            ],
            [
              -120.6159407,
              35.6477285
            ],
            [
              -120.6159512,
              35.6477259
            ],
            [
              -120.6159631,
              35.6477212
            ],
            [
              -120.6159672,
              35.6477137
            ],
            [
              -120.6159695,
              35.6477069
            ],
            [
              -120.6159743,
              35.6476973
            ],
            [
              -120.6159784,
              35.6476885
            ],
            [
              -120.6159864,
              35.6476791
            ],
            [
              -120.6159957,
              35.64767
            ],
            [
              -120.6160028,
              35.6476632
            ],
            [
              -120.6160105,
              35.647658
            ],
            [
              -120.6160213,
              35.6476515
            ],
            [
              -120.6160313,
              35.647645
            ],
            [
              -120.6160386,
              35.6476359
            ],
            [
              -120.6160434,
              35.6476265
            ],
            [
              -120.6160444,
              35.6476156
            ],
            [
              -120.6160431,
              35.6476078
            ],
            [
              -120.6160361,
              35.6475979
            ],
            [
              -120.6160271,
              35.6475914
            ],
            [
              -120.6160165,
              35.6475875
            ],
            [
              -120.6160031,
              35.6475883
            ],
            [
              -120.6159919,
              35.6475906
            ],
            [
              -120.6159804,
              35.6475958
            ],
            [
              -120.6159717,
              35.6476016
            ],
            [
              -120.6159605,
              35.6476094
            ],
            [
              -120.6159499,
              35.6476169
            ],
            [
              -120.6159419,
              35.6476255
            ],
            [
              -120.6159336,
              35.6476338
            ],
            [
              -120.6159247,
              35.6476414
            ],
            [
              -120.615917,
              35.6476481
            ],
            [
              -120.6159115,
              35.6476544
            ],
            [
              -120.6159054,
              35.647663
            ],
            [
              -120.6159013,
              35.6476708
            ],
            [
              -120.6158978,
              35.6476778
            ],
            [
              -120.6158946,
              35.6476861
            ],
            [
              -120.6158949,
              35.6476944
            ],
            [
              -120.6158952,
              35.6477025
            ],
            [
              -120.6158984,
              35.647709
            ],
            [
              -120.6159013,
              35.6477155
            ],
            [
              -120.6159077,
              35.6477212
            ]
          ]
        ]
      }
    },
    {
      "type": "Feature",
      "properties": {
        "@id": "way/1364573685",
        "golf": "bunker"
      },
      "geometry": {
        "type": "Polygon",
        "coordinates": [
          [
            [
              -120.6163288,
              35.6477306
            ],
            [
              -120.6163384,
              35.6477305
            ],
            [
              -120.6163472,
              35.6477278
            ],
            [
              -120.6163549,
              35.6477236
            ],
            [
              -120.6163626,
              35.6477202
            ],
            [
              -120.6163704,
              35.6477146
            ],
            [
              -120.6163768,
              35.6477092
            ],
            [
              -120.6163821,
              35.6477015
            ],
            [
              -120.6163829,
              35.6476945
            ],
            [
              -120.6163823,
              35.6476891
            ],
            [
              -120.616381,
              35.6476827
            ],
            [
              -120.6163797,
              35.6476768
            ],
            [
              -120.6163761,
              35.6476714
            ],
            [
              -120.61637,
              35.6476691
            ],
            [
              -120.6163636,
              35.6476658
            ],
            [
              -120.6163573,
              35.647664
            ],
            [
              -120.6163481,
              35.6476643
            ],
            [
              -120.6163384,
              35.6476655
            ],
            [
              -120.6163294,
              35.6476695
            ],
            [
              -120.6163233,
              35.6476734
            ],
            [
              -120.6163172,
              35.6476782
            ],
            [
              -120.6163113,
              35.6476838
            ],
            [
              -120.6163067,
              35.64769
            ],
            [
              -120.6163038,
              35.6476955
            ],
            [
              -120.6163027,
              35.6477012
            ],
            [
              -120.6163025,
              35.6477073
            ],
            [
              -120.616304,
              35.6477139
            ],
            [
              -120.6163073,
              35.6477196
            ],
            [
              -120.616311,
              35.6477234
            ],
            [
              -120.6163156,
              35.6477267
            ],
            [
              -120.6163207,
              35.6477293
            ],
            [
              -120.6163288,
              35.6477306
            ]
          ]
        ]
      }
    },
    {
      "type": "Feature",
      "properties": {
        "@id": "way/1364573686",
        "golf": "bunker"
      },
      "geometry": {
        "type": "Polygon",
        "coordinates": [
          [
            [
              -120.6162147,
              35.6474978
            ],
            [
              -120.6162224,
              35.6475021
            ],
            [
              -120.6162333,
              35.6475056
            ],
            [
              -120.616245,
              35.6475091
            ],
            [
              -120.6162596,
              35.6475126
            ],
            [
              -120.6162737,
              35.6475165
            ],
            [
              -120.6162875,
              35.6475192
            ],
            [
              -120.6163021,
              35.6475216
            ],
            [
              -120.6163147,
              35.6475223
            ],
            [
              -120.6163284,
              35.6475225
            ],
            [
              -120.6163348,
              35.6475219
            ],
            [
              -120.6163441,
              35.6475196
            ],
            [
              -120.6163532,
              35.6475147
            ],
            [
              -120.6163576,
              35.6475095
            ],
            [
              -120.6163607,
              35.6475023
            ],
            [
              -120.6163627,
              35.6474933
            ],
            [
              -120.6163629,
              35.6474861
            ],
            [
              -120.61636,
              35.6474772
            ],
            [
              -120.6163543,
              35.6474719
            ],
            [
              -120.616345,
              35.6474662
            ],
            [
              -120.616335,
              35.6474642
            ],
            [
              -120.6163224,
              35.6474615
            ],
            [
              -120.6163105,
              35.6474599
            ],
            [
              -120.6162981,
              35.6474581
            ],
            [
              -120.6162839,
              35.6474558
            ],
            [
              -120.6162715,
              35.6474534
            ],
            [
              -120.6162578,
              35.6474502
            ],
            [
              -120.6162459,
              35.6474462
            ],
            [
              -120.616239,
              35.6474441
            ],
            [
              -120.6162295,
              35.6474443
            ],
            [
              -120.6162204,
              35.6474459
            ],
            [
              -120.6162098,
              35.6474497
            ],
            [
              -120.6162054,
              35.6474545
            ],
            [
              -120.616201,
              35.6474617
            ],
            [
              -120.616199,
              35.6474665
            ],
            [
              -120.6161974,
              35.6474741
            ],
            [
              -120.6161996,
              35.64748
            ],
            [
              -120.6162025,
              35.6474852
            ],
            [
              -120.6162061,
              35.6474899
            ],
            [
              -120.6162096,
              35.6474944
            ],
            [
              -120.6162147,
              35.6474978
            ]
          ]
        ]
      }
    },
    {
      "type": "Feature",
      "properties": {
        "@id": "way/1364573687",
        "golf": "bunker"
      },
      "geometry": {
        "type": "Polygon",
        "coordinates": [
          [
            [
              -120.618464,
              35.648184
            ],
            [
              -120.6184691,
              35.6481884
            ],
            [
              -120.6184749,
              35.6481914
            ],
            [
              -120.6184842,
              35.6481948
            ],
            [
              -120.6184936,
              35.6481955
            ],
            [
              -120.6185015,
              35.6481955
            ],
            [
              -120.6185098,
              35.6481957
            ],
            [
              -120.6185199,
              35.6481961
            ],
            [
              -120.6185298,
              35.6481968
            ],
            [
              -120.6185372,
              35.6481972
            ],
            [
              -120.6185478,
              35.6481948
            ],
            [
              -120.6185556,
              35.6481916
            ],
            [
              -120.6185614,
              35.6481877
            ],
            [
              -120.6185662,
              35.6481834
            ],
            [
              -120.6185689,
              35.648173
            ],
            [
              -120.6185683,
              35.6481654
            ],
            [
              -120.6185657,
              35.6481583
            ],
            [
              -120.6185566,
              35.6481514
            ],
            [
              -120.6185473,
              35.648146
            ],
            [
              -120.6185351,
              35.6481436
            ],
            [
              -120.618522,
              35.6481436
            ],
            [
              -120.6185087,
              35.6481451
            ],
            [
              -120.6184991,
              35.648147
            ],
            [
              -120.6184888,
              35.6481481
            ],
            [
              -120.6184781,
              35.6481499
            ],
            [
              -120.6184688,
              35.6481535
            ],
            [
              -120.6184622,
              35.6481594
            ],
            [
              -120.6184579,
              35.6481635
            ],
            [
              -120.6184566,
              35.6481695
            ],
            [
              -120.6184574,
              35.6481749
            ],
            [
              -120.61846,
              35.6481799
            ],
            [
              -120.618464,
              35.648184
            ]
          ]
        ]
      }
    },
    {
      "type": "Feature",
      "properties": {
        "@id": "way/1364573688",
        "golf": "bunker"
      },
      "geometry": {
        "type": "Polygon",
        "coordinates": [
          [
            [
              -120.6189234,
              35.648337
            ],
            [
              -120.6189188,
              35.6483439
            ],
            [
              -120.6189151,
              35.6483511
            ],
            [
              -120.6189153,
              35.648362
            ],
            [
              -120.6189165,
              35.648368
            ],
            [
              -120.6189203,
              35.6483752
            ],
            [
              -120.6189222,
              35.6483805
            ],
            [
              -120.6189249,
              35.6483877
            ],
            [
              -120.6189253,
              35.6483952
            ],
            [
              -120.6189257,
              35.6484018
            ],
            [
              -120.6189261,
              35.6484099
            ],
            [
              -120.618928,
              35.6484171
            ],
            [
              -120.6189299,
              35.6484271
            ],
            [
              -120.6189319,
              35.648434
            ],
            [
              -120.6189357,
              35.6484424
            ],
            [
              -120.6189407,
              35.648449
            ],
            [
              -120.6189469,
              35.6484562
            ],
            [
              -120.6189573,
              35.6484659
            ],
            [
              -120.6189696,
              35.6484753
            ],
            [
              -120.6189804,
              35.6484838
            ],
            [
              -120.6189916,
              35.6484916
            ],
            [
              -120.6190066,
              35.6484994
            ],
            [
              -120.6190166,
              35.6485038
            ],
            [
              -120.6190258,
              35.6485054
            ],
            [
              -120.6190359,
              35.6485054
            ],
            [
              -120.6190455,
              35.6485022
            ],
            [
              -120.6190516,
              35.6484975
            ],
            [
              -120.6190551,
              35.6484916
            ],
            [
              -120.619059,
              35.6484838
            ],
            [
              -120.6190574,
              35.6484766
            ],
            [
              -120.6190513,
              35.6484678
            ],
            [
              -120.6190447,
              35.6484581
            ],
            [
              -120.6190386,
              35.6484518
            ],
            [
              -120.6190297,
              35.6484459
            ],
            [
              -120.619022,
              35.6484406
            ],
            [
              -120.6190158,
              35.6484365
            ],
            [
              -120.6190127,
              35.6484274
            ],
            [
              -120.6190143,
              35.6484184
            ],
            [
              -120.6190166,
              35.6484052
            ],
            [
              -120.6190197,
              35.6483946
            ],
            [
              -120.6190197,
              35.6483795
            ],
            [
              -120.6190178,
              35.6483655
            ],
            [
              -120.6190147,
              35.6483539
            ],
            [
              -120.6190077,
              35.6483407
            ],
            [
              -120.6189954,
              35.648331
            ],
            [
              -120.6189835,
              35.6483242
            ],
            [
              -120.6189661,
              35.6483185
            ],
            [
              -120.6189523,
              35.6483166
            ],
            [
              -120.6189396,
              35.6483198
            ],
            [
              -120.6189311,
              35.6483267
            ],
            [
              -120.6189234,
              35.648337
            ]
          ]
        ]
      }
    },
    {
      "type": "Feature",
      "properties": {
        "@id": "way/1364573689",
        "golf": "bunker"
      },
      "geometry": {
        "type": "Polygon",
        "coordinates": [
          [
            [
              -120.6193205,
              35.6483705
            ],
            [
              -120.619322,
              35.6483761
            ],
            [
              -120.6193243,
              35.6483811
            ],
            [
              -120.6193274,
              35.6483849
            ],
            [
              -120.6193313,
              35.648388
            ],
            [
              -120.6193382,
              35.6483914
            ],
            [
              -120.6193467,
              35.6483936
            ],
            [
              -120.6193551,
              35.6483952
            ],
            [
              -120.6193648,
              35.6483952
            ],
            [
              -120.6193752,
              35.6483986
            ],
            [
              -120.6193817,
              35.6484005
            ],
            [
              -120.6194002,
              35.6484036
            ],
            [
              -120.6194114,
              35.6484024
            ],
            [
              -120.6194202,
              35.6484005
            ],
            [
              -120.6194302,
              35.6483974
            ],
            [
              -120.6194368,
              35.6483939
            ],
            [
              -120.6194453,
              35.6483867
            ],
            [
              -120.6194472,
              35.6483783
            ],
            [
              -120.6194441,
              35.6483686
            ],
            [
              -120.6194352,
              35.6483633
            ],
            [
              -120.6194206,
              35.648362
            ],
            [
              -120.619411,
              35.6483605
            ],
            [
              -120.6193998,
              35.6483554
            ],
            [
              -120.6193925,
              35.6483508
            ],
            [
              -120.6193805,
              35.6483473
            ],
            [
              -120.6193694,
              35.6483461
            ],
            [
              -120.6193586,
              35.6483454
            ],
            [
              -120.6193443,
              35.6483464
            ],
            [
              -120.6193343,
              35.6483498
            ],
            [
              -120.6193278,
              35.648352
            ],
            [
              -120.619322,
              35.6483558
            ],
            [
              -120.6193197,
              35.648363
            ],
            [
              -120.6193205,
              35.6483705
            ]
          ]
        ]
      }
    },
    {
      "type": "Feature",
      "properties": {
        "@id": "way/1364573690",
        "golf": "bunker"
      },
      "geometry": {
        "type": "Polygon",
        "coordinates": [
          [
            [
              -120.6212876,
              35.6477328
            ],
            [
              -120.6212961,
              35.6477364
            ],
            [
              -120.6213045,
              35.647739
            ],
            [
              -120.6213138,
              35.6477403
            ],
            [
              -120.6213243,
              35.647741
            ],
            [
              -120.6213356,
              35.647741
            ],
            [
              -120.6213432,
              35.647741
            ],
            [
              -120.6213513,
              35.6477403
            ],
            [
              -120.6213646,
              35.6477367
            ],
            [
              -120.6213743,
              35.6477334
            ],
            [
              -120.6213852,
              35.6477305
            ],
            [
              -120.6213945,
              35.6477292
            ],
            [
              -120.6214126,
              35.6477305
            ],
            [
              -120.6214259,
              35.6477321
            ],
            [
              -120.621438,
              35.6477325
            ],
            [
              -120.6214481,
              35.6477325
            ],
            [
              -120.6214594,
              35.6477295
            ],
            [
              -120.6214727,
              35.6477262
            ],
            [
              -120.6214897,
              35.647719
            ],
            [
              -120.6215054,
              35.6477095
            ],
            [
              -120.6215159,
              35.647704
            ],
            [
              -120.6215227,
              35.6476977
            ],
            [
              -120.6215243,
              35.6476912
            ],
            [
              -120.6215219,
              35.6476813
            ],
            [
              -120.6215195,
              35.6476715
            ],
            [
              -120.6215151,
              35.64766
            ],
            [
              -120.6215102,
              35.6476538
            ],
            [
              -120.6215018,
              35.6476489
            ],
            [
              -120.6214953,
              35.6476456
            ],
            [
              -120.6214864,
              35.6476443
            ],
            [
              -120.6214784,
              35.6476427
            ],
            [
              -120.6214719,
              35.6476446
            ],
            [
              -120.6214659,
              35.6476492
            ],
            [
              -120.6214566,
              35.6476574
            ],
            [
              -120.6214477,
              35.6476617
            ],
            [
              -120.621438,
              35.6476656
            ],
            [
              -120.6214263,
              35.6476672
            ],
            [
              -120.6214167,
              35.6476669
            ],
            [
              -120.6214062,
              35.6476656
            ],
            [
              -120.6213981,
              35.6476646
            ],
            [
              -120.6213876,
              35.6476646
            ],
            [
              -120.6213787,
              35.6476672
            ],
            [
              -120.6213707,
              35.6476695
            ],
            [
              -120.6213622,
              35.647679
            ],
            [
              -120.6213557,
              35.6476843
            ],
            [
              -120.6213489,
              35.6476869
            ],
            [
              -120.6213412,
              35.6476869
            ],
            [
              -120.621332,
              35.6476866
            ],
            [
              -120.6213239,
              35.6476836
            ],
            [
              -120.6213118,
              35.6476774
            ],
            [
              -120.6213033,
              35.6476735
            ],
            [
              -120.6212928,
              35.6476722
            ],
            [
              -120.6212819,
              35.6476741
            ],
            [
              -120.6212755,
              35.6476777
            ],
            [
              -120.621269,
              35.647683
            ],
            [
              -120.621265,
              35.6476869
            ],
            [
              -120.6212626,
              35.6476915
            ],
            [
              -120.6212626,
              35.647699
            ],
            [
              -120.6212634,
              35.6477059
            ],
            [
              -120.6212654,
              35.6477135
            ],
            [
              -120.6212702,
              35.647719
            ],
            [
              -120.6212767,
              35.6477266
            ],
            [
              -120.6212876,
              35.6477328
            ]
          ]
        ]
      }
    },
    {
      "type": "Feature",
      "properties": {
        "@id": "way/1364573691",
        "golf": "bunker"
      },
      "geometry": {
        "type": "Polygon",
        "coordinates": [
          [
            [
              -120.6217593,
              35.6475216
            ],
            [
              -120.6217734,
              35.6475185
            ],
            [
              -120.6217855,
              35.6475126
            ],
            [
              -120.6217938,
              35.6475059
            ],
            [
              -120.6218015,
              35.6474972
            ],
            [
              -120.6218049,
              35.6474881
            ],
            [
              -120.6218074,
              35.6474794
            ],
            [
              -120.6218069,
              35.6474704
            ],
            [
              -120.6218088,
              35.6474617
            ],
            [
              -120.6218156,
              35.6474514
            ],
            [
              -120.6218243,
              35.6474436
            ],
            [
              -120.6218379,
              35.6474396
            ],
            [
              -120.6218476,
              35.6474376
            ],
            [
              -120.6218627,
              35.6474365
            ],
            [
              -120.6218729,
              35.6474305
            ],
            [
              -120.6218831,
              35.6474227
            ],
            [
              -120.6218932,
              35.6474148
            ],
            [
              -120.6219044,
              35.6474073
            ],
            [
              -120.6219127,
              35.647399
            ],
            [
              -120.6219199,
              35.6473923
            ],
            [
              -120.6219282,
              35.6473824
            ],
            [
              -120.6219311,
              35.6473726
            ],
            [
              -120.6219321,
              35.6473635
            ],
            [
              -120.6219316,
              35.6473521
            ],
            [
              -120.6219306,
              35.6473398
            ],
            [
              -120.6219301,
              35.6473292
            ],
            [
              -120.6219287,
              35.6473217
            ],
            [
              -120.6219316,
              35.6473154
            ],
            [
              -120.6219384,
              35.6473075
            ],
            [
              -120.6219495,
              35.6473008
            ],
            [
              -120.6219597,
              35.6472925
            ],
            [
              -120.6219641,
              35.6472839
            ],
            [
              -120.621967,
              35.647276
            ],
            [
              -120.6219636,
              35.6472661
            ],
            [
              -120.6219554,
              35.6472582
            ],
            [
              -120.6219466,
              35.6472539
            ],
            [
              -120.6219379,
              35.6472531
            ],
            [
              -120.6219277,
              35.6472531
            ],
            [
              -120.6219151,
              35.6472539
            ],
            [
              -120.6219064,
              35.6472555
            ],
            [
              -120.6218932,
              35.647263
            ],
            [
              -120.6218661,
              35.6472831
            ],
            [
              -120.621852,
              35.6472965
            ],
            [
              -120.6218433,
              35.6473004
            ],
            [
              -120.6218287,
              35.6473048
            ],
            [
              -120.6218132,
              35.6473103
            ],
            [
              -120.6217986,
              35.6473186
            ],
            [
              -120.621785,
              35.6473268
            ],
            [
              -120.6217744,
              35.6473355
            ],
            [
              -120.6217656,
              35.6473446
            ],
            [
              -120.6217593,
              35.6473572
            ],
            [
              -120.6217545,
              35.6473686
            ],
            [
              -120.6217501,
              35.6473793
            ],
            [
              -120.6217467,
              35.6473895
            ],
            [
              -120.6217428,
              35.6473994
            ],
            [
              -120.6217351,
              35.6474077
            ],
            [
              -120.6217263,
              35.647416
            ],
            [
              -120.6217186,
              35.6474246
            ],
            [
              -120.6217074,
              35.6474333
            ],
            [
              -120.6217006,
              35.6474447
            ],
            [
              -120.6216943,
              35.6474577
            ],
            [
              -120.6216914,
              35.6474688
            ],
            [
              -120.6216914,
              35.6474783
            ],
            [
              -120.6216953,
              35.6474881
            ],
            [
              -120.6217026,
              35.6474984
            ],
            [
              -120.6217113,
              35.6475062
            ],
            [
              -120.621722,
              35.6475126
            ],
            [
              -120.6217322,
              35.6475177
            ],
            [
              -120.6217438,
              35.6475204
            ],
            [
              -120.6217593,
              35.6475216
            ]
          ]
        ]
      }
    },
    {
      "type": "Feature",
      "properties": {
        "@id": "way/1364573692",
        "golf": "bunker"
      },
      "geometry": {
        "type": "Polygon",
        "coordinates": [
          [
            [
              -120.621386,
              35.6470524
            ],
            [
              -120.6213934,
              35.647054
            ],
            [
              -120.6214041,
              35.6470535
            ],
            [
              -120.6214128,
              35.6470516
            ],
            [
              -120.6214199,
              35.6470472
            ],
            [
              -120.6214336,
              35.6470404
            ],
            [
              -120.6214427,
              35.6470347
            ],
            [
              -120.6214511,
              35.6470301
            ],
            [
              -120.6214598,
              35.6470254
            ],
            [
              -120.6214708,
              35.6470175
            ],
            [
              -120.6214802,
              35.6470096
            ],
            [
              -120.6214896,
              35.6469998
            ],
            [
              -120.6214943,
              35.6469903
            ],
            [
              -120.6214963,
              35.6469837
            ],
            [
              -120.621498,
              35.6469737
            ],
            [
              -120.6214983,
              35.6469663
            ],
            [
              -120.621495,
              35.6469587
            ],
            [
              -120.6214893,
              35.6469521
            ],
            [
              -120.6214832,
              35.646948
            ],
            [
              -120.6214755,
              35.6469459
            ],
            [
              -120.6214668,
              35.6469448
            ],
            [
              -120.6214571,
              35.6469467
            ],
            [
              -120.621447,
              35.6469516
            ],
            [
              -120.6214365,
              35.6469596
            ],
            [
              -120.6214279,
              35.6469668
            ],
            [
              -120.6214205,
              35.646975
            ],
            [
              -120.6214138,
              35.6469829
            ],
            [
              -120.6214055,
              35.6469908
            ],
            [
              -120.6213937,
              35.6469971
            ],
            [
              -120.6213837,
              35.6470006
            ],
            [
              -120.6213753,
              35.6470069
            ],
            [
              -120.6213672,
              35.6470132
            ],
            [
              -120.6213629,
              35.6470216
            ],
            [
              -120.6213632,
              35.6470309
            ],
            [
              -120.6213662,
              35.6470396
            ],
            [
              -120.6213689,
              35.6470445
            ],
            [
              -120.621377,
              35.6470497
            ],
            [
              -120.621386,
              35.6470524
            ]
          ]
        ]
      }
    },
    {
      "type": "Feature",
      "properties": {
        "@id": "way/1364573693",
        "golf": "bunker"
      },
      "geometry": {
        "type": "Polygon",
        "coordinates": [
          [
            [
              -120.6223533,
              35.6465874
            ],
            [
              -120.6223626,
              35.6465881
            ],
            [
              -120.6223738,
              35.6465867
            ],
            [
              -120.6223815,
              35.6465848
            ],
            [
              -120.6223896,
              35.6465812
            ],
            [
              -120.6223944,
              35.6465785
            ],
            [
              -120.6224029,
              35.6465746
            ],
            [
              -120.6224114,
              35.6465713
            ],
            [
              -120.6224186,
              35.6465687
            ],
            [
              -120.6224271,
              35.6465664
            ],
            [
              -120.6224364,
              35.6465635
            ],
            [
              -120.622446,
              35.6465612
            ],
            [
              -120.6224541,
              35.6465602
            ],
            [
              -120.622465,
              35.6465595
            ],
            [
              -120.6224751,
              35.6465602
            ],
            [
              -120.6224856,
              35.6465605
            ],
            [
              -120.6224944,
              35.6465618
            ],
            [
              -120.6225041,
              35.6465635
            ],
            [
              -120.622515,
              35.6465658
            ],
            [
              -120.6225267,
              35.6465674
            ],
            [
              -120.6225364,
              35.6465681
            ],
            [
              -120.6225469,
              35.6465681
            ],
            [
              -120.6225598,
              35.6465681
            ],
            [
              -120.6225711,
              35.6465674
            ],
            [
              -120.6225856,
              35.6465645
            ],
            [
              -120.6225933,
              35.6465615
            ],
            [
              -120.6226025,
              35.6465563
            ],
            [
              -120.6226082,
              35.646551
            ],
            [
              -120.6226114,
              35.6465451
            ],
            [
              -120.622611,
              35.6465336
            ],
            [
              -120.6226094,
              35.6465232
            ],
            [
              -120.6226066,
              35.6465146
            ],
            [
              -120.6226038,
              35.6465084
            ],
            [
              -120.6225981,
              35.6465018
            ],
            [
              -120.6225937,
              35.6464966
            ],
            [
              -120.6225852,
              35.6464901
            ],
            [
              -120.6225763,
              35.6464848
            ],
            [
              -120.6225687,
              35.6464809
            ],
            [
              -120.6225578,
              35.6464773
            ],
            [
              -120.6225453,
              35.6464733
            ],
            [
              -120.6225356,
              35.646471
            ],
            [
              -120.6225243,
              35.6464681
            ],
            [
              -120.6225146,
              35.6464668
            ],
            [
              -120.6225049,
              35.6464655
            ],
            [
              -120.6224928,
              35.6464655
            ],
            [
              -120.6224803,
              35.6464661
            ],
            [
              -120.6224686,
              35.6464684
            ],
            [
              -120.6224557,
              35.646472
            ],
            [
              -120.6224452,
              35.6464746
            ],
            [
              -120.6224331,
              35.6464773
            ],
            [
              -120.6224231,
              35.6464799
            ],
            [
              -120.6224118,
              35.6464838
            ],
            [
              -120.6223993,
              35.6464884
            ],
            [
              -120.6223896,
              35.646492
            ],
            [
              -120.6223811,
              35.6464953
            ],
            [
              -120.622369,
              35.6464999
            ],
            [
              -120.6223557,
              35.6465051
            ],
            [
              -120.6223456,
              35.6465094
            ],
            [
              -120.6223359,
              35.646515
            ],
            [
              -120.6223303,
              35.6465225
            ],
            [
              -120.6223254,
              35.6465291
            ],
            [
              -120.6223222,
              35.6465353
            ],
            [
              -120.6223186,
              35.6465422
            ],
            [
              -120.6223178,
              35.6465487
            ],
            [
              -120.6223186,
              35.6465572
            ],
            [
              -120.6223214,
              35.6465648
            ],
            [
              -120.6223254,
              35.646571
            ],
            [
              -120.6223303,
              35.6465772
            ],
            [
              -120.6223371,
              35.6465818
            ],
            [
              -120.6223452,
              35.6465861
            ],
            [
              -120.6223533,
              35.6465874
            ]
          ]
        ]
      }
    },
    {
      "type": "Feature",
      "properties": {
        "@id": "way/1364573694",
        "golf": "bunker"
      },
      "geometry": {
        "type": "Polygon",
        "coordinates": [
          [
            [
              -120.6260217,
              35.6479036
            ],
            [
              -120.6260318,
              35.6478988
            ],
            [
              -120.6260403,
              35.6478926
            ],
            [
              -120.626047,
              35.6478837
            ],
            [
              -120.6260572,
              35.6478734
            ],
            [
              -120.6260673,
              35.6478679
            ],
            [
              -120.6260774,
              35.6478638
            ],
            [
              -120.626085,
              35.6478569
            ],
            [
              -120.6260909,
              35.6478445
            ],
            [
              -120.6260842,
              35.6478335
            ],
            [
              -120.6260724,
              35.6478239
            ],
            [
              -120.6260588,
              35.6478157
            ],
            [
              -120.6260462,
              35.6478095
            ],
            [
              -120.6260343,
              35.6478006
            ],
            [
              -120.6260242,
              35.6477917
            ],
            [
              -120.6260166,
              35.6477807
            ],
            [
              -120.6260115,
              35.6477738
            ],
            [
              -120.6260005,
              35.6477669
            ],
            [
              -120.6259879,
              35.6477669
            ],
            [
              -120.6259684,
              35.6477745
            ],
            [
              -120.6259625,
              35.6477855
            ],
            [
              -120.6259617,
              35.6477972
            ],
            [
              -120.6259617,
              35.6478075
            ],
            [
              -120.6259668,
              35.6478178
            ],
            [
              -120.6259718,
              35.6478274
            ],
            [
              -120.6259786,
              35.6478452
            ],
            [
              -120.6259777,
              35.6478562
            ],
            [
              -120.6259769,
              35.6478665
            ],
            [
              -120.6259769,
              35.647874
            ],
            [
              -120.6259786,
              35.647883
            ],
            [
              -120.6259862,
              35.6478919
            ],
            [
              -120.6259938,
              35.6478988
            ],
            [
              -120.6260031,
              35.6479036
            ],
            [
              -120.6260124,
              35.6479049
            ],
            [
              -120.6260217,
              35.6479036
            ]
          ]
        ]
      }
    },
    {
      "type": "Feature",
      "properties": {
        "@id": "way/1364573695",
        "golf": "bunker"
      },
      "geometry": {
        "type": "Polygon",
        "coordinates": [
          [
            [
              -120.6229467,
              35.6483271
            ],
            [
              -120.6229548,
              35.6483298
            ],
            [
              -120.6229663,
              35.6483309
            ],
            [
              -120.6229741,
              35.6483303
            ],
            [
              -120.6229813,
              35.6483303
            ],
            [
              -120.6229899,
              35.6483275
            ],
            [
              -120.622995,
              35.6483244
            ],
            [
              -120.6230016,
              35.6483205
            ],
            [
              -120.6230072,
              35.6483153
            ],
            [
              -120.6230142,
              35.6483092
            ],
            [
              -120.6230223,
              35.6483051
            ],
            [
              -120.6230284,
              35.6483015
            ],
            [
              -120.6230356,
              35.6482992
            ],
            [
              -120.623044,
              35.6482981
            ],
            [
              -120.6230538,
              35.6482961
            ],
            [
              -120.623061,
              35.6482929
            ],
            [
              -120.623066,
              35.6482877
            ],
            [
              -120.623071,
              35.6482823
            ],
            [
              -120.6230763,
              35.6482773
            ],
            [
              -120.62308,
              35.6482739
            ],
            [
              -120.6230841,
              35.6482653
            ],
            [
              -120.6230839,
              35.6482567
            ],
            [
              -120.6230805,
              35.6482469
            ],
            [
              -120.6230749,
              35.6482388
            ],
            [
              -120.6230666,
              35.6482308
            ],
            [
              -120.6230577,
              35.6482263
            ],
            [
              -120.6230451,
              35.6482222
            ],
            [
              -120.6230326,
              35.6482207
            ],
            [
              -120.623022,
              35.6482216
            ],
            [
              -120.6230133,
              35.6482225
            ],
            [
              -120.6230028,
              35.6482254
            ],
            [
              -120.6229922,
              35.6482293
            ],
            [
              -120.6229799,
              35.6482354
            ],
            [
              -120.6229676,
              35.6482417
            ],
            [
              -120.6229506,
              35.6482515
            ],
            [
              -120.6229367,
              35.6482598
            ],
            [
              -120.6229267,
              35.6482691
            ],
            [
              -120.6229197,
              35.6482802
            ],
            [
              -120.6229166,
              35.6482906
            ],
            [
              -120.6229178,
              35.6483024
            ],
            [
              -120.6229208,
              35.6483099
            ],
            [
              -120.6229272,
              35.6483162
            ],
            [
              -120.6229345,
              35.6483219
            ],
            [
              -120.6229423,
              35.6483255
            ],
            [
              -120.6229467,
              35.6483271
            ]
          ]
        ]
      }
    },
    {
      "type": "Feature",
      "properties": {
        "@id": "way/1364573696",
        "golf": "bunker"
      },
      "geometry": {
        "type": "Polygon",
        "coordinates": [
          [
            [
              -120.6230916,
              35.6472836
            ],
            [
              -120.6230932,
              35.6472761
            ],
            [
              -120.6230916,
              35.6472669
            ],
            [
              -120.6230864,
              35.64726
            ],
            [
              -120.6230791,
              35.6472545
            ],
            [
              -120.6230718,
              35.6472479
            ],
            [
              -120.6230658,
              35.6472414
            ],
            [
              -120.6230593,
              35.6472358
            ],
            [
              -120.6230549,
              35.6472305
            ],
            [
              -120.6230521,
              35.6472201
            ],
            [
              -120.6230505,
              35.6472119
            ],
            [
              -120.6230501,
              35.647205
            ],
            [
              -120.6230464,
              35.6471968
            ],
            [
              -120.6230404,
              35.6471906
            ],
            [
              -120.6230295,
              35.6471847
            ],
            [
              -120.6230206,
              35.647181
            ],
            [
              -120.6230134,
              35.6471784
            ],
            [
              -120.6230041,
              35.6471781
            ],
            [
              -120.6229936,
              35.6471801
            ],
            [
              -120.6229815,
              35.647184
            ],
            [
              -120.6229706,
              35.6471876
            ],
            [
              -120.6229609,
              35.6471906
            ],
            [
              -120.6229512,
              35.6471922
            ],
            [
              -120.6229375,
              35.6471928
            ],
            [
              -120.6229278,
              35.6471935
            ],
            [
              -120.6229194,
              35.6471955
            ],
            [
              -120.6229129,
              35.647201
            ],
            [
              -120.6229089,
              35.6472079
            ],
            [
              -120.6229081,
              35.6472161
            ],
            [
              -120.6229113,
              35.6472237
            ],
            [
              -120.6229149,
              35.6472319
            ],
            [
              -120.6229182,
              35.6472378
            ],
            [
              -120.6229222,
              35.6472427
            ],
            [
              -120.6229283,
              35.6472482
            ],
            [
              -120.6229347,
              35.6472545
            ],
            [
              -120.6229383,
              35.6472604
            ],
            [
              -120.6229448,
              35.6472669
            ],
            [
              -120.6229476,
              35.6472722
            ],
            [
              -120.6229512,
              35.6472813
            ],
            [
              -120.6229529,
              35.6472879
            ],
            [
              -120.6229553,
              35.6472928
            ],
            [
              -120.6229621,
              35.6473004
            ],
            [
              -120.6229702,
              35.6473066
            ],
            [
              -120.6229783,
              35.6473125
            ],
            [
              -120.6229879,
              35.6473161
            ],
            [
              -120.6229968,
              35.6473181
            ],
            [
              -120.6230057,
              35.6473184
            ],
            [
              -120.6230162,
              35.6473161
            ],
            [
              -120.6230255,
              35.6473135
            ],
            [
              -120.6230351,
              35.6473112
            ],
            [
              -120.623044,
              35.6473076
            ],
            [
              -120.6230553,
              35.6473069
            ],
            [
              -120.6230634,
              35.6473066
            ],
            [
              -120.6230718,
              35.647304
            ],
            [
              -120.6230775,
              35.6473004
            ],
            [
              -120.6230819,
              35.6472971
            ],
            [
              -120.6230868,
              35.6472931
            ],
            [
              -120.6230916,
              35.6472836
            ]
          ]
        ]
      }
    },
    {
      "type": "Feature",
      "properties": {
        "@id": "way/1364573697",
        "golf": "bunker"
      },
      "geometry": {
        "type": "Polygon",
        "coordinates": [
          [
            [
              -120.6235632,
              35.6464144
            ],
            [
              -120.6235725,
              35.6464087
            ],
            [
              -120.6235772,
              35.6464016
            ],
            [
              -120.6235825,
              35.6463911
            ],
            [
              -120.623586,
              35.6463826
            ],
            [
              -120.6235865,
              35.6463721
            ],
            [
              -120.6235889,
              35.6463617
            ],
            [
              -120.6235918,
              35.6463498
            ],
            [
              -120.6235941,
              35.6463385
            ],
            [
              -120.6235965,
              35.6463247
            ],
            [
              -120.6235959,
              35.6463152
            ],
            [
              -120.6235959,
              35.6463024
            ],
            [
              -120.6235953,
              35.646291
            ],
            [
              -120.623593,
              35.6462853
            ],
            [
              -120.6235906,
              35.6462739
            ],
            [
              -120.6235825,
              35.6462678
            ],
            [
              -120.6235737,
              35.6462616
            ],
            [
              -120.6235591,
              35.6462616
            ],
            [
              -120.6235486,
              35.6462616
            ],
            [
              -120.6235375,
              35.6462649
            ],
            [
              -120.6235305,
              35.6462687
            ],
            [
              -120.6235235,
              35.6462754
            ],
            [
              -120.6235177,
              35.6462825
            ],
            [
              -120.6235142,
              35.6462896
            ],
            [
              -120.6235124,
              35.6462981
            ],
            [
              -120.6235124,
              35.6463062
            ],
            [
              -120.6235124,
              35.6463143
            ],
            [
              -120.623513,
              35.6463247
            ],
            [
              -120.6235112,
              35.6463347
            ],
            [
              -120.6235077,
              35.6463442
            ],
            [
              -120.6235025,
              35.6463536
            ],
            [
              -120.6234978,
              35.6463612
            ],
            [
              -120.6234943,
              35.6463707
            ],
            [
              -120.6234949,
              35.6463793
            ],
            [
              -120.6234978,
              35.6463878
            ],
            [
              -120.6235037,
              35.6463982
            ],
            [
              -120.6235089,
              35.6464039
            ],
            [
              -120.6235182,
              35.6464106
            ],
            [
              -120.6235264,
              35.6464144
            ],
            [
              -120.6235358,
              35.6464158
            ],
            [
              -120.6235457,
              35.6464163
            ],
            [
              -120.6235521,
              35.6464163
            ],
            [
              -120.6235632,
              35.6464144
            ]
          ]
        ]
      }
    },
    {
      "type": "Feature",
      "properties": {
        "@id": "way/1364573698",
        "golf": "bunker"
      },
      "geometry": {
        "type": "Polygon",
        "coordinates": [
          [
            [
              -120.6231105,
              35.646226
            ],
            [
              -120.6231206,
              35.646223
            ],
            [
              -120.6231296,
              35.6462181
            ],
            [
              -120.6231363,
              35.6462146
            ],
            [
              -120.6231427,
              35.6462088
            ],
            [
              -120.6231491,
              35.6462018
            ],
            [
              -120.6231548,
              35.6461939
            ],
            [
              -120.6231588,
              35.6461879
            ],
            [
              -120.6231618,
              35.6461808
            ],
            [
              -120.6231635,
              35.6461748
            ],
            [
              -120.6231638,
              35.6461674
            ],
            [
              -120.6231628,
              35.6461603
            ],
            [
              -120.6231581,
              35.6461527
            ],
            [
              -120.6231518,
              35.64615
            ],
            [
              -120.6231454,
              35.6461475
            ],
            [
              -120.623136,
              35.6461464
            ],
            [
              -120.6231263,
              35.6461478
            ],
            [
              -120.6231169,
              35.6461505
            ],
            [
              -120.6231072,
              35.6461549
            ],
            [
              -120.6230974,
              35.6461601
            ],
            [
              -120.6230907,
              35.6461647
            ],
            [
              -120.623085,
              35.6461693
            ],
            [
              -120.6230797,
              35.6461745
            ],
            [
              -120.623076,
              35.6461791
            ],
            [
              -120.6230736,
              35.646186
            ],
            [
              -120.6230733,
              35.6461911
            ],
            [
              -120.6230733,
              35.6461963
            ],
            [
              -120.6230753,
              35.6462018
            ],
            [
              -120.6230773,
              35.646208
            ],
            [
              -120.623081,
              35.646214
            ],
            [
              -120.623086,
              35.6462189
            ],
            [
              -120.6230897,
              35.6462219
            ],
            [
              -120.6230978,
              35.6462249
            ],
            [
              -120.6231035,
              35.6462263
            ],
            [
              -120.6231105,
              35.646226
            ]
          ]
        ]
      }
    },
    {
      "type": "Feature",
      "properties": {
        "@id": "way/1364573699",
        "golf": "bunker"
      },
      "geometry": {
        "type": "Polygon",
        "coordinates": [
          [
            [
              -120.6206565,
              35.6470704
            ],
            [
              -120.6206549,
              35.6470475
            ],
            [
              -120.6206496,
              35.6470327
            ],
            [
              -120.6206404,
              35.6470213
            ],
            [
              -120.6206315,
              35.6470131
            ],
            [
              -120.6206234,
              35.6470065
            ],
            [
              -120.6206077,
              35.6469963
            ],
            [
              -120.6205972,
              35.6469898
            ],
            [
              -120.6205899,
              35.6469839
            ],
            [
              -120.620579,
              35.646975
            ],
            [
              -120.6205718,
              35.6469695
            ],
            [
              -120.6205649,
              35.6469603
            ],
            [
              -120.620554,
              35.6469534
            ],
            [
              -120.6205444,
              35.6469488
            ],
            [
              -120.6205327,
              35.6469449
            ],
            [
              -120.620521,
              35.6469442
            ],
            [
              -120.6205073,
              35.6469472
            ],
            [
              -120.6204984,
              35.6469518
            ],
            [
              -120.6204907,
              35.6469573
            ],
            [
              -120.6204859,
              35.6469662
            ],
            [
              -120.6204847,
              35.6469754
            ],
            [
              -120.6204843,
              35.6469839
            ],
            [
              -120.6204863,
              35.6469931
            ],
            [
              -120.6204923,
              35.6470081
            ],
            [
              -120.6204943,
              35.6470154
            ],
            [
              -120.620496,
              35.6470209
            ],
            [
              -120.6204984,
              35.6470275
            ],
            [
              -120.6205036,
              35.6470357
            ],
            [
              -120.6205133,
              35.6470442
            ],
            [
              -120.6205355,
              35.647059
            ],
            [
              -120.6205464,
              35.6470671
            ],
            [
              -120.6205552,
              35.647074
            ],
            [
              -120.6205645,
              35.6470829
            ],
            [
              -120.620575,
              35.6470911
            ],
            [
              -120.6205851,
              35.6470986
            ],
            [
              -120.620592,
              35.6470989
            ],
            [
              -120.6205996,
              35.6470943
            ],
            [
              -120.6206073,
              35.6470875
            ],
            [
              -120.6206125,
              35.6470845
            ],
            [
              -120.6206254,
              35.6470816
            ],
            [
              -120.6206375,
              35.6470793
            ],
            [
              -120.6206464,
              35.6470773
            ],
            [
              -120.6206565,
              35.6470704
            ]
          ]
        ]
      }
    },
    {
      "type": "Feature",
      "properties": {
        "@id": "way/1364573700",
        "golf": "bunker"
      },
      "geometry": {
        "type": "Polygon",
        "coordinates": [
          [
            [
              -120.6181707,
              35.6454115
            ],
            [
              -120.6181612,
              35.6454057
            ],
            [
              -120.6181503,
              35.6454041
            ],
            [
              -120.6181415,
              35.6454039
            ],
            [
              -120.6181264,
              35.6454024
            ],
            [
              -120.6181124,
              35.6454001
            ],
            [
              -120.6180948,
              35.6453987
            ],
            [
              -120.6180744,
              35.6453958
            ],
            [
              -120.6180499,
              35.6453939
            ],
            [
              -120.6180361,
              35.6453925
            ],
            [
              -120.618027,
              35.6453943
            ],
            [
              -120.6180195,
              35.645398
            ],
            [
              -120.618014,
              35.6454023
            ],
            [
              -120.6180102,
              35.6454072
            ],
            [
              -120.6180079,
              35.6454172
            ],
            [
              -120.618009,
              35.6454281
            ],
            [
              -120.6180101,
              35.6454339
            ],
            [
              -120.6180152,
              35.6454411
            ],
            [
              -120.6180206,
              35.6454443
            ],
            [
              -120.6180283,
              35.6454475
            ],
            [
              -120.6180347,
              35.6454485
            ],
            [
              -120.6180423,
              35.6454494
            ],
            [
              -120.618049,
              35.6454512
            ],
            [
              -120.6180569,
              35.645453
            ],
            [
              -120.6180715,
              35.6454546
            ],
            [
              -120.6180843,
              35.6454556
            ],
            [
              -120.6181024,
              35.6454589
            ],
            [
              -120.6181112,
              35.6454622
            ],
            [
              -120.6181246,
              35.6454651
            ],
            [
              -120.6181334,
              35.6454674
            ],
            [
              -120.6181427,
              35.6454682
            ],
            [
              -120.6181491,
              35.645468
            ],
            [
              -120.6181567,
              35.6454665
            ],
            [
              -120.6181626,
              35.6454622
            ],
            [
              -120.6181731,
              35.6454546
            ],
            [
              -120.6181795,
              35.645448
            ],
            [
              -120.618183,
              35.6454413
            ],
            [
              -120.6181824,
              35.6454304
            ],
            [
              -120.6181789,
              35.6454209
            ],
            [
              -120.6181707,
              35.6454115
            ]
          ]
        ]
      }
    },
    {
      "type": "Feature",
      "properties": {
        "@id": "way/1364623985",
        "golf": "bunker"
      },
      "geometry": {
        "type": "Polygon",
        "coordinates": [
          [
            [
              -120.6179812,
              35.6453671
            ],
            [
              -120.6179766,
              35.645359
            ],
            [
              -120.6179666,
              35.6453495
            ],
            [
              -120.6179544,
              35.6453391
            ],
            [
              -120.617945,
              35.6453291
            ],
            [
              -120.6179386,
              35.6453201
            ],
            [
              -120.6179334,
              35.6453111
            ],
            [
              -120.6179287,
              35.6453021
            ],
            [
              -120.617924,
              35.6452926
            ],
            [
              -120.6179176,
              35.645285
            ],
            [
              -120.6179083,
              35.6452764
            ],
            [
              -120.6178954,
              35.6452712
            ],
            [
              -120.617882,
              35.6452703
            ],
            [
              -120.6178744,
              35.6452703
            ],
            [
              -120.6178668,
              35.6452745
            ],
            [
              -120.6178598,
              35.6452802
            ],
            [
              -120.6178534,
              35.6452864
            ],
            [
              -120.6178493,
              35.645294
            ],
            [
              -120.617847,
              35.645303
            ],
            [
              -120.6178476,
              35.645312
            ],
            [
              -120.6178505,
              35.6453215
            ],
            [
              -120.617854,
              35.6453301
            ],
            [
              -120.6178592,
              35.6453391
            ],
            [
              -120.617861,
              35.6453457
            ],
            [
              -120.6178645,
              35.6453542
            ],
            [
              -120.6178674,
              35.6453633
            ],
            [
              -120.617868,
              35.6453723
            ],
            [
              -120.6178703,
              35.6453789
            ],
            [
              -120.6178732,
              35.6453841
            ],
            [
              -120.617882,
              35.6453917
            ],
            [
              -120.6178896,
              35.6453965
            ],
            [
              -120.6178983,
              35.6454007
            ],
            [
              -120.6179135,
              35.645406
            ],
            [
              -120.6179217,
              35.6454074
            ],
            [
              -120.6179328,
              35.6454093
            ],
            [
              -120.6179404,
              35.6454093
            ],
            [
              -120.6179509,
              35.6454078
            ],
            [
              -120.6179596,
              35.6454055
            ],
            [
              -120.6179678,
              35.6453998
            ],
            [
              -120.6179748,
              35.6453936
            ],
            [
              -120.6179789,
              35.645387
            ],
            [
              -120.6179824,
              35.6453799
            ],
            [
              -120.6179824,
              35.6453751
            ],
            [
              -120.6179812,
              35.6453671
            ]
          ]
        ]
      }
    },
    {
      "type": "Feature",
      "properties": {
        "@id": "way/1364623986",
        "golf": "bunker"
      },
      "geometry": {
        "type": "Polygon",
        "coordinates": [
          [
            [
              -120.6179194,
              35.6452162
            ],
            [
              -120.6179234,
              35.6452096
            ],
            [
              -120.6179264,
              35.645201
            ],
            [
              -120.6179258,
              35.645193
            ],
            [
              -120.6179252,
              35.6451844
            ],
            [
              -120.6179246,
              35.6451787
            ],
            [
              -120.6179205,
              35.6451673
            ],
            [
              -120.617917,
              35.6451583
            ],
            [
              -120.6179153,
              35.6451517
            ],
            [
              -120.6179135,
              35.6451403
            ],
            [
              -120.6179112,
              35.6451275
            ],
            [
              -120.6179094,
              35.6451166
            ],
            [
              -120.6179071,
              35.6451033
            ],
            [
              -120.6178995,
              35.6450867
            ],
            [
              -120.6178908,
              35.6450791
            ],
            [
              -120.6178808,
              35.6450725
            ],
            [
              -120.6178703,
              35.6450677
            ],
            [
              -120.6178604,
              35.6450691
            ],
            [
              -120.6178371,
              35.6450786
            ],
            [
              -120.6178242,
              35.6450838
            ],
            [
              -120.6178137,
              35.6450867
            ],
            [
              -120.6178055,
              35.6450905
            ],
            [
              -120.6178009,
              35.6450957
            ],
            [
              -120.6177985,
              35.6451005
            ],
            [
              -120.6178026,
              35.6451071
            ],
            [
              -120.6178079,
              35.6451152
            ],
            [
              -120.6178149,
              35.6451227
            ],
            [
              -120.6178207,
              35.6451299
            ],
            [
              -120.6178236,
              35.6451379
            ],
            [
              -120.6178271,
              35.6451455
            ],
            [
              -120.6178312,
              35.6451569
            ],
            [
              -120.6178371,
              35.645165
            ],
            [
              -120.6178417,
              35.6451749
            ],
            [
              -120.6178435,
              35.6451873
            ],
            [
              -120.6178441,
              35.6451982
            ],
            [
              -120.6178452,
              35.6452048
            ],
            [
              -120.6178511,
              35.6452157
            ],
            [
              -120.6178598,
              35.6452224
            ],
            [
              -120.6178715,
              35.645229
            ],
            [
              -120.6178797,
              35.6452304
            ],
            [
              -120.6178873,
              35.6452314
            ],
            [
              -120.6178972,
              35.6452309
            ],
            [
              -120.6179036,
              35.645229
            ],
            [
              -120.6179118,
              35.6452233
            ],
            [
              -120.6179194,
              35.6452162
            ]
          ]
        ]
      }
    },
    {
      "type": "Feature",
      "properties": {
        "@id": "way/1364623987",
        "golf": "bunker"
      },
      "geometry": {
        "type": "Polygon",
        "coordinates": [
          [
            [
              -120.6187597,
              35.6464477
            ],
            [
              -120.6187626,
              35.6464347
            ],
            [
              -120.6187621,
              35.6464253
            ],
            [
              -120.6187578,
              35.6464134
            ],
            [
              -120.618751,
              35.6464044
            ],
            [
              -120.6187408,
              35.6463961
            ],
            [
              -120.6187291,
              35.6463902
            ],
            [
              -120.6187175,
              35.6463858
            ],
            [
              -120.6187063,
              35.6463823
            ],
            [
              -120.6186923,
              35.6463791
            ],
            [
              -120.6186728,
              35.6463779
            ],
            [
              -120.6186588,
              35.6463787
            ],
            [
              -120.6186418,
              35.6463811
            ],
            [
              -120.6186277,
              35.6463846
            ],
            [
              -120.6186175,
              35.6463894
            ],
            [
              -120.6186083,
              35.6463965
            ],
            [
              -120.618603,
              35.6464059
            ],
            [
              -120.6186049,
              35.6464186
            ],
            [
              -120.61861,
              35.6464258
            ],
            [
              -120.618618,
              35.6464331
            ],
            [
              -120.6186287,
              35.6464371
            ],
            [
              -120.6186418,
              35.6464391
            ],
            [
              -120.618651,
              35.6464379
            ],
            [
              -120.6186627,
              35.6464341
            ],
            [
              -120.6186743,
              35.6464327
            ],
            [
              -120.6186821,
              35.6464359
            ],
            [
              -120.6186893,
              35.6464402
            ],
            [
              -120.618699,
              35.6464477
            ],
            [
              -120.6187029,
              35.6464536
            ],
            [
              -120.6187102,
              35.6464588
            ],
            [
              -120.6187233,
              35.6464623
            ],
            [
              -120.6187345,
              35.6464623
            ],
            [
              -120.6187456,
              35.6464596
            ],
            [
              -120.6187529,
              35.6464556
            ],
            [
              -120.6187597,
              35.6464477
            ]
          ]
        ]
      }
    },
    {
      "type": "Feature",
      "properties": {
        "@id": "way/1364623988",
        "golf": "bunker"
      },
      "geometry": {
        "type": "Polygon",
        "coordinates": [
          [
            [
              -120.6187903,
              35.646719
            ],
            [
              -120.6187961,
              35.6467115
            ],
            [
              -120.618799,
              35.6467025
            ],
            [
              -120.6187995,
              35.6466914
            ],
            [
              -120.6187966,
              35.6466827
            ],
            [
              -120.6187951,
              35.6466717
            ],
            [
              -120.6187898,
              35.6466626
            ],
            [
              -120.618782,
              35.6466536
            ],
            [
              -120.6187728,
              35.6466433
            ],
            [
              -120.6187646,
              35.6466346
            ],
            [
              -120.6187553,
              35.6466283
            ],
            [
              -120.6187466,
              35.646624
            ],
            [
              -120.6187354,
              35.6466204
            ],
            [
              -120.6187219,
              35.6466189
            ],
            [
              -120.6187063,
              35.6466189
            ],
            [
              -120.6186942,
              35.6466193
            ],
            [
              -120.618685,
              35.6466232
            ],
            [
              -120.6186767,
              35.6466303
            ],
            [
              -120.6186743,
              35.6466386
            ],
            [
              -120.6186753,
              35.6466492
            ],
            [
              -120.6186777,
              35.6466575
            ],
            [
              -120.6186859,
              35.6466654
            ],
            [
              -120.6186913,
              35.6466685
            ],
            [
              -120.618699,
              35.6466717
            ],
            [
              -120.6187185,
              35.6466756
            ],
            [
              -120.6187277,
              35.6466796
            ],
            [
              -120.618733,
              35.6466871
            ],
            [
              -120.618734,
              35.6466934
            ],
            [
              -120.618734,
              35.6467017
            ],
            [
              -120.618734,
              35.6467092
            ],
            [
              -120.6187354,
              35.6467167
            ],
            [
              -120.6187398,
              35.646723
            ],
            [
              -120.6187466,
              35.6467273
            ],
            [
              -120.6187548,
              35.6467289
            ],
            [
              -120.6187675,
              35.6467281
            ],
            [
              -120.6187777,
              35.6467265
            ],
            [
              -120.6187844,
              35.6467234
            ],
            [
              -120.6187903,
              35.646719
            ]
          ]
        ]
      }
    },
    {
      "type": "Feature",
      "properties": {
        "@id": "way/1364623989",
        "golf": "bunker"
      },
      "geometry": {
        "type": "Polygon",
        "coordinates": [
          [
            [
              -120.6192042,
              35.6469801
            ],
            [
              -120.6192008,
              35.6469686
            ],
            [
              -120.619194,
              35.6469572
            ],
            [
              -120.6191833,
              35.6469422
            ],
            [
              -120.6191688,
              35.6469268
            ],
            [
              -120.6191508,
              35.6469059
            ],
            [
              -120.6191372,
              35.6468929
            ],
            [
              -120.6191261,
              35.6468831
            ],
            [
              -120.6191149,
              35.646874
            ],
            [
              -120.6191066,
              35.6468681
            ],
            [
              -120.6190926,
              35.6468665
            ],
            [
              -120.6190814,
              35.6468677
            ],
            [
              -120.6190727,
              35.6468716
            ],
            [
              -120.619063,
              35.6468775
            ],
            [
              -120.6190552,
              35.6468878
            ],
            [
              -120.6190523,
              35.6468992
            ],
            [
              -120.6190542,
              35.6469099
            ],
            [
              -120.6190576,
              35.6469205
            ],
            [
              -120.6190625,
              35.6469292
            ],
            [
              -120.6190707,
              35.6469363
            ],
            [
              -120.6190785,
              35.6469418
            ],
            [
              -120.6190858,
              35.6469473
            ],
            [
              -120.6190897,
              35.6469548
            ],
            [
              -120.6190931,
              35.6469663
            ],
            [
              -120.6190994,
              35.6469777
            ],
            [
              -120.6191062,
              35.6469879
            ],
            [
              -120.6191134,
              35.6469986
            ],
            [
              -120.619127,
              35.6470092
            ],
            [
              -120.6191387,
              35.6470144
            ],
            [
              -120.6191508,
              35.6470183
            ],
            [
              -120.6191639,
              35.6470203
            ],
            [
              -120.6191785,
              35.6470187
            ],
            [
              -120.6191886,
              35.6470136
            ],
            [
              -120.6191964,
              35.6470069
            ],
            [
              -120.6192022,
              35.646995
            ],
            [
              -120.6192042,
              35.6469801
            ]
          ]
        ]
      }
    },
    {
      "type": "Feature",
      "properties": {
        "@id": "way/1364623990",
        "golf": "bunker"
      },
      "geometry": {
        "type": "Polygon",
        "coordinates": [
          [
            [
              -120.6197725,
              35.6467845
            ],
            [
              -120.6197681,
              35.6467714
            ],
            [
              -120.6197604,
              35.6467622
            ],
            [
              -120.6197495,
              35.6467557
            ],
            [
              -120.6197414,
              35.6467514
            ],
            [
              -120.6197326,
              35.6467462
            ],
            [
              -120.6197253,
              35.6467409
            ],
            [
              -120.6197196,
              35.6467357
            ],
            [
              -120.6197152,
              35.6467281
            ],
            [
              -120.6197071,
              35.6467173
            ],
            [
              -120.6197019,
              35.6467068
            ],
            [
              -120.6196971,
              35.6466983
            ],
            [
              -120.6196906,
              35.6466888
            ],
            [
              -120.6196789,
              35.6466819
            ],
            [
              -120.619668,
              35.6466796
            ],
            [
              -120.6196604,
              35.6466803
            ],
            [
              -120.6196483,
              35.6466836
            ],
            [
              -120.6196394,
              35.6466885
            ],
            [
              -120.6196321,
              35.646699
            ],
            [
              -120.6196253,
              35.6467144
            ],
            [
              -120.6196168,
              35.6467337
            ],
            [
              -120.6196103,
              35.6467478
            ],
            [
              -120.6196075,
              35.6467606
            ],
            [
              -120.6196063,
              35.6467707
            ],
            [
              -120.6196063,
              35.646777
            ],
            [
              -120.6196079,
              35.6467816
            ],
            [
              -120.6196107,
              35.6467845
            ],
            [
              -120.619616,
              35.6467865
            ],
            [
              -120.619622,
              35.6467878
            ],
            [
              -120.6196301,
              35.6467888
            ],
            [
              -120.6196386,
              35.6467901
            ],
            [
              -120.619647,
              35.6467907
            ],
            [
              -120.6196563,
              35.6467934
            ],
            [
              -120.619668,
              35.6467989
            ],
            [
              -120.6196769,
              35.6468042
            ],
            [
              -120.6196886,
              35.6468114
            ],
            [
              -120.6196979,
              35.646817
            ],
            [
              -120.6197071,
              35.6468219
            ],
            [
              -120.6197156,
              35.6468251
            ],
            [
              -120.6197281,
              35.6468261
            ],
            [
              -120.619735,
              35.6468258
            ],
            [
              -120.6197479,
              35.6468196
            ],
            [
              -120.6197551,
              35.646813
            ],
            [
              -120.6197616,
              35.6468061
            ],
            [
              -120.6197689,
              35.6467966
            ],
            [
              -120.6197725,
              35.6467845
            ]
          ]
        ]
      }
    },
    {
      "type": "Feature",
      "properties": {
        "@id": "way/1364623991",
        "golf": "bunker"
      },
      "geometry": {
        "type": "Polygon",
        "coordinates": [
          [
            [
              -120.620361,
              35.6475541
            ],
            [
              -120.6203638,
              35.6475334
            ],
            [
              -120.6203606,
              35.6475219
            ],
            [
              -120.6203537,
              35.6475085
            ],
            [
              -120.6203441,
              35.6474908
            ],
            [
              -120.6203368,
              35.6474783
            ],
            [
              -120.6203324,
              35.6474734
            ],
            [
              -120.6203267,
              35.6474698
            ],
            [
              -120.6203078,
              35.6474633
            ],
            [
              -120.6202948,
              35.6474606
            ],
            [
              -120.6202775,
              35.6474574
            ],
            [
              -120.6202626,
              35.6474561
            ],
            [
              -120.6202464,
              35.6474574
            ],
            [
              -120.6202364,
              35.647461
            ],
            [
              -120.6202275,
              35.6474649
            ],
            [
              -120.6202206,
              35.6474724
            ],
            [
              -120.6202166,
              35.6474803
            ],
            [
              -120.6202154,
              35.6474872
            ],
            [
              -120.6202146,
              35.6474951
            ],
            [
              -120.6202178,
              35.6475046
            ],
            [
              -120.6202226,
              35.6475144
            ],
            [
              -120.6202291,
              35.6475206
            ],
            [
              -120.6202384,
              35.6475278
            ],
            [
              -120.6202477,
              35.6475337
            ],
            [
              -120.6202577,
              35.647538
            ],
            [
              -120.6202654,
              35.6475396
            ],
            [
              -120.6202735,
              35.6475423
            ],
            [
              -120.6202819,
              35.6475482
            ],
            [
              -120.6202904,
              35.6475554
            ],
            [
              -120.6202989,
              35.6475616
            ],
            [
              -120.6203094,
              35.6475688
            ],
            [
              -120.6203178,
              35.6475731
            ],
            [
              -120.6203275,
              35.647575
            ],
            [
              -120.6203348,
              35.6475744
            ],
            [
              -120.6203441,
              35.6475721
            ],
            [
              -120.6203509,
              35.6475691
            ],
            [
              -120.6203574,
              35.6475619
            ],
            [
              -120.620361,
              35.6475541
            ]
          ]
        ]
      }
    },
    {
      "type": "Feature",
      "properties": {
        "@id": "way/1364623992",
        "golf": "bunker"
      },
      "geometry": {
        "type": "Polygon",
        "coordinates": [
          [
            [
              -120.6201359,
              35.6478012
            ],
            [
              -120.6201396,
              35.6477894
            ],
            [
              -120.6201428,
              35.6477737
            ],
            [
              -120.6201456,
              35.6477563
            ],
            [
              -120.620148,
              35.6477396
            ],
            [
              -120.6201488,
              35.6477196
            ],
            [
              -120.6201492,
              35.6477045
            ],
            [
              -120.6201488,
              35.6476898
            ],
            [
              -120.6201448,
              35.647676
            ],
            [
              -120.6201379,
              35.6476642
            ],
            [
              -120.6201311,
              35.6476547
            ],
            [
              -120.6201238,
              35.6476455
            ],
            [
              -120.6201113,
              35.6476383
            ],
            [
              -120.6201049,
              35.6476353
            ],
            [
              -120.6200964,
              35.6476327
            ],
            [
              -120.6200867,
              35.6476317
            ],
            [
              -120.6200774,
              35.6476311
            ],
            [
              -120.620069,
              35.6476324
            ],
            [
              -120.6200577,
              35.6476363
            ],
            [
              -120.62005,
              35.6476393
            ],
            [
              -120.6200432,
              35.6476439
            ],
            [
              -120.6200363,
              35.6476507
            ],
            [
              -120.6200298,
              35.6476593
            ],
            [
              -120.6200246,
              35.6476691
            ],
            [
              -120.6200218,
              35.6476802
            ],
            [
              -120.6200202,
              35.6476914
            ],
            [
              -120.6200177,
              35.6477022
            ],
            [
              -120.6200169,
              35.6477114
            ],
            [
              -120.6200177,
              35.6477202
            ],
            [
              -120.620019,
              35.6477281
            ],
            [
              -120.6200218,
              35.6477363
            ],
            [
              -120.6200266,
              35.6477435
            ],
            [
              -120.6200339,
              35.6477507
            ],
            [
              -120.6200424,
              35.6477586
            ],
            [
              -120.6200508,
              35.6477671
            ],
            [
              -120.6200553,
              35.6477724
            ],
            [
              -120.6200605,
              35.6477802
            ],
            [
              -120.620069,
              35.6477933
            ],
            [
              -120.6200758,
              35.6478041
            ],
            [
              -120.6200819,
              35.6478097
            ],
            [
              -120.6200912,
              35.647814
            ],
            [
              -120.6200984,
              35.6478163
            ],
            [
              -120.6201069,
              35.6478173
            ],
            [
              -120.6201162,
              35.6478169
            ],
            [
              -120.6201226,
              35.6478133
            ],
            [
              -120.6201291,
              35.64781
            ],
            [
              -120.6201359,
              35.6478012
            ]
          ]
        ]
      }
    },
    {
      "type": "Feature",
      "properties": {
        "@id": "way/1364623993",
        "golf": "bunker"
      },
      "geometry": {
        "type": "Polygon",
        "coordinates": [
          [
            [
              -120.6206119,
              35.647776
            ],
            [
              -120.6206115,
              35.6477651
            ],
            [
              -120.6206086,
              35.647751
            ],
            [
              -120.6206038,
              35.6477402
            ],
            [
              -120.6205982,
              35.6477314
            ],
            [
              -120.6205917,
              35.6477206
            ],
            [
              -120.6205828,
              35.647712
            ],
            [
              -120.6205711,
              35.6477035
            ],
            [
              -120.6205607,
              35.6476943
            ],
            [
              -120.6205502,
              35.6476888
            ],
            [
              -120.6205389,
              35.6476819
            ],
            [
              -120.620526,
              35.6476766
            ],
            [
              -120.6205151,
              35.647675
            ],
            [
              -120.6205034,
              35.6476757
            ],
            [
              -120.6204941,
              35.6476789
            ],
            [
              -120.6204856,
              35.6476839
            ],
            [
              -120.6204812,
              35.6476901
            ],
            [
              -120.6204776,
              35.6476947
            ],
            [
              -120.6204768,
              35.6477012
            ],
            [
              -120.620478,
              35.6477075
            ],
            [
              -120.6204804,
              35.6477124
            ],
            [
              -120.6204864,
              35.6477176
            ],
            [
              -120.6204913,
              35.6477222
            ],
            [
              -120.6204985,
              35.6477265
            ],
            [
              -120.6205054,
              35.6477301
            ],
            [
              -120.6205102,
              35.6477363
            ],
            [
              -120.6205127,
              35.6477415
            ],
            [
              -120.6205159,
              35.6477497
            ],
            [
              -120.6205191,
              35.6477573
            ],
            [
              -120.6205211,
              35.6477655
            ],
            [
              -120.6205244,
              35.6477737
            ],
            [
              -120.6205292,
              35.6477805
            ],
            [
              -120.6205373,
              35.6477864
            ],
            [
              -120.6205433,
              35.6477907
            ],
            [
              -120.6205534,
              35.6477943
            ],
            [
              -120.6205627,
              35.6477969
            ],
            [
              -120.6205719,
              35.6477986
            ],
            [
              -120.620582,
              35.6477996
            ],
            [
              -120.6205905,
              35.6477992
            ],
            [
              -120.6205978,
              35.6477963
            ],
            [
              -120.620605,
              35.6477914
            ],
            [
              -120.6206095,
              35.6477841
            ],
            [
              -120.6206119,
              35.647776
            ]
          ]
        ]
      }
    },
    {
      "type": "Feature",
      "properties": {
        "@id": "way/1364623994",
        "golf": "bunker"
      },
      "geometry": {
        "type": "Polygon",
        "coordinates": [
          [
            [
              -120.6204146,
              35.6479546
            ],
            [
              -120.6204239,
              35.647952
            ],
            [
              -120.6204344,
              35.6479477
            ],
            [
              -120.6204445,
              35.6479428
            ],
            [
              -120.6204534,
              35.6479366
            ],
            [
              -120.6204594,
              35.6479323
            ],
            [
              -120.6204671,
              35.6479277
            ],
            [
              -120.6204772,
              35.6479225
            ],
            [
              -120.6204832,
              35.6479185
            ],
            [
              -120.6204885,
              35.6479133
            ],
            [
              -120.6204913,
              35.6479048
            ],
            [
              -120.6204893,
              35.6478962
            ],
            [
              -120.6204832,
              35.6478867
            ],
            [
              -120.6204747,
              35.6478789
            ],
            [
              -120.6204647,
              35.6478736
            ],
            [
              -120.6204558,
              35.6478723
            ],
            [
              -120.6204457,
              35.647871
            ],
            [
              -120.6204348,
              35.6478723
            ],
            [
              -120.6204235,
              35.6478736
            ],
            [
              -120.6204126,
              35.6478772
            ],
            [
              -120.6204037,
              35.6478822
            ],
            [
              -120.6203941,
              35.6478887
            ],
            [
              -120.6203868,
              35.6478956
            ],
            [
              -120.620382,
              35.6479054
            ],
            [
              -120.6203791,
              35.6479146
            ],
            [
              -120.6203783,
              35.6479244
            ],
            [
              -120.6203787,
              35.6479313
            ],
            [
              -120.6203812,
              35.6479379
            ],
            [
              -120.6203856,
              35.6479454
            ],
            [
              -120.6203904,
              35.6479503
            ],
            [
              -120.6203953,
              35.6479556
            ],
            [
              -120.6203989,
              35.6479569
            ],
            [
              -120.6204042,
              35.6479572
            ],
            [
              -120.6204106,
              35.6479559
            ],
            [
              -120.6204146,
              35.6479546
            ]
          ]
        ]
      }
    }
  ]
}
